-- phpMyAdmin SQL Dump
-- version 5.2.2
-- https://www.phpmyadmin.net/
--
-- Host: localhost:3306
-- Generation Time: May 27, 2026 at 12:22 AM
-- Server version: 10.11.17-MariaDB-log
-- PHP Version: 8.4.14

SET SQL_MODE = "NO_AUTO_VALUE_ON_ZERO";
START TRANSACTION;
SET time_zone = "+00:00";


/*!40101 SET @OLD_CHARACTER_SET_CLIENT=@@CHARACTER_SET_CLIENT */;
/*!40101 SET @OLD_CHARACTER_SET_RESULTS=@@CHARACTER_SET_RESULTS */;
/*!40101 SET @OLD_COLLATION_CONNECTION=@@COLLATION_CONNECTION */;
/*!40101 SET NAMES utf8mb4 */;

--
-- Database: `sb`
--

-- --------------------------------------------------------

--
-- Table structure for table `ajuste_esperado`
--

CREATE TABLE `ajuste_esperado` (
  `id_ajuste` int(11) NOT NULL,
  `sesion_id` int(11) NOT NULL,
  `tipo` enum('COBRO','PERSONAL','LOCAL','COMPRA','DEPOSITO','OTRO') NOT NULL DEFAULT 'COBRO',
  `modo_id` int(11) DEFAULT NULL,
  `ref_id` int(11) DEFAULT NULL,
  `ref2_id` int(11) DEFAULT NULL,
  `tipo_documento` enum('BOLETA','FACTURA','NOTA_DE_VENTA') DEFAULT NULL,
  `tipo_pago` enum('ADELANTO','PAGO_TOTAL','DESCUENTO') DEFAULT NULL,
  `accion` enum('AGREGAR','QUITAR') NOT NULL,
  `descripcion` varchar(200) NOT NULL,
  `monto` decimal(10,2) NOT NULL,
  `postulante_id` int(11) NOT NULL,
  `fecha` timestamp NOT NULL DEFAULT current_timestamp()
) ENGINE=InnoDB DEFAULT CHARSET=utf8mb4 COLLATE=utf8mb4_unicode_ci;

--
-- Dumping data for table `ajuste_esperado`
--

INSERT INTO `ajuste_esperado` (`id_ajuste`, `sesion_id`, `tipo`, `modo_id`, `ref_id`, `ref2_id`, `tipo_documento`, `tipo_pago`, `accion`, `descripcion`, `monto`, `postulante_id`, `fecha`) VALUES
(20, 97, 'COBRO', 4, NULL, NULL, NULL, NULL, 'QUITAR', 'se anoto mal el visa', 303.80, 73, '2026-05-12 20:19:43'),
(24, 118, 'COBRO', 2, NULL, NULL, NULL, NULL, 'AGREGAR', 'se olvidó mandar', 4.90, 29, '2026-05-14 12:32:30'),
(26, 116, 'COBRO', 4, NULL, NULL, NULL, NULL, 'AGREGAR', 'falto agregar', 447.50, 17, '2026-05-14 12:58:09'),
(27, 130, 'OTRO', NULL, NULL, NULL, NULL, NULL, 'AGREGAR', 'uso botica', 4.50, 29, '2026-05-15 20:21:25'),
(28, 145, 'COBRO', 4, NULL, NULL, NULL, NULL, 'AGREGAR', 'visa', 539.50, 1, '2026-05-17 15:04:40'),
(30, 165, 'COBRO', NULL, NULL, NULL, NULL, NULL, 'AGREGAR', 'se olvidó mandar', 54.80, 70, '2026-05-18 20:21:08'),
(32, 103, 'OTRO', NULL, NULL, NULL, NULL, NULL, 'AGREGAR', 'la venta estaba mal sumada', 26.90, 1, '2026-05-20 05:25:21'),
(33, 103, 'PERSONAL', NULL, 69, NULL, NULL, 'DESCUENTO', 'AGREGAR', 'regale money', 50.00, 69, '2026-05-20 06:40:15'),
(34, 180, 'PERSONAL', NULL, 69, NULL, NULL, 'DESCUENTO', 'QUITAR', 'me devolvieron', 50.00, 69, '2026-05-20 06:41:05'),
(36, 181, 'OTRO', NULL, NULL, NULL, NULL, NULL, 'AGREGAR', 'devolucion a cliente por error en bcp (ESther)', 40.00, 1, '2026-05-20 16:40:32'),
(38, 199, 'DEPOSITO', NULL, NULL, NULL, NULL, NULL, 'QUITAR', 'Depósito del banco a sb4', 14246.98, 1, '2026-05-21 21:08:05'),
(39, 194, 'PERSONAL', NULL, 69, NULL, NULL, 'DESCUENTO', 'QUITAR', '', 5.00, 17, '2026-05-22 03:38:46'),
(40, 201, 'PERSONAL', NULL, 69, NULL, NULL, 'PAGO_TOTAL', 'AGREGAR', '', 5.00, 17, '2026-05-22 04:10:22'),
(41, 225, 'COBRO', 2, NULL, NULL, NULL, NULL, 'AGREGAR', 'falto sumare yape', 3.00, 22, '2026-05-24 20:07:47'),
(42, 224, 'PERSONAL', NULL, 1, NULL, NULL, 'PAGO_TOTAL', 'QUITAR', '', 4000.00, 1, '2026-05-25 04:20:14'),
(43, 194, 'PERSONAL', NULL, 1, NULL, NULL, 'PAGO_TOTAL', 'AGREGAR', '', 4000.00, 1, '2026-05-25 04:21:24'),
(44, 259, 'COBRO', 4, NULL, NULL, NULL, NULL, 'AGREGAR', 'l', 87.00, 71, '2026-05-27 04:44:01');

-- --------------------------------------------------------

--
-- Table structure for table `asistencia`
--

CREATE TABLE `asistencia` (
  `id_asistencia` int(11) NOT NULL,
  `postulante_id` int(11) NOT NULL,
  `registrado_por_id` int(11) DEFAULT NULL,
  `local_id` int(11) DEFAULT NULL,
  `fecha` date NOT NULL,
  `estado` enum('A TIEMPO','TARDE','FALTA','EXTRA','TEMPRANO') NOT NULL DEFAULT 'A TIEMPO',
  `justificacion` text DEFAULT NULL,
  `observacion` enum('PROCEDE','NO PROCEDE','PENDIENTE') NOT NULL DEFAULT 'PENDIENTE',
  `llegada_puntualidad` enum('MUY_TEMPRANO','TEMPRANO','TARDE','MUY_TARDE') DEFAULT NULL,
  `area_ordenada_ingreso` tinyint(1) DEFAULT NULL,
  `area_limpia_ingreso` tinyint(1) DEFAULT NULL,
  `aseo_personal` enum('DEFICIENTE','ACEPTABLE','OPTIMO') DEFAULT NULL,
  `vestimenta` enum('DESCUIDADO','PRESENTABLE','IMPECABLE') DEFAULT NULL,
  `unas` enum('DESCUIDADAS','ACEPTABLES','CUIDADAS') DEFAULT NULL,
  `cabello` enum('SUELTO','RECOGIDO','MONO') DEFAULT NULL,
  `salida_puntualidad` enum('MUY_TEMPRANO','TEMPRANO','TARDE','MUY_TARDE') DEFAULT NULL,
  `estado_area_cierre` enum('DESCUIDADO','PRESENTABLE','IMPECABLE') DEFAULT NULL,
  `limpieza_area_cierre` tinyint(1) DEFAULT NULL,
  `participo_apertura_cierre` tinyint(1) DEFAULT NULL,
  `area_ordenada_cierre` tinyint(1) DEFAULT NULL,
  `uso_celular` enum('NO_USO','OCASIONAL','FRECUENTE') DEFAULT NULL,
  `calificacion_turno` enum('MALO','REGULAR','BUENO','EXCELENTE') DEFAULT NULL,
  `comentarios_ficha` varchar(200) DEFAULT NULL,
  `turno_id` int(11) DEFAULT NULL
) ENGINE=InnoDB DEFAULT CHARSET=utf8mb4 COLLATE=utf8mb4_unicode_ci;

--
-- Dumping data for table `asistencia`
--

INSERT INTO `asistencia` (`id_asistencia`, `postulante_id`, `registrado_por_id`, `local_id`, `fecha`, `estado`, `justificacion`, `observacion`, `llegada_puntualidad`, `area_ordenada_ingreso`, `area_limpia_ingreso`, `aseo_personal`, `vestimenta`, `unas`, `cabello`, `salida_puntualidad`, `estado_area_cierre`, `limpieza_area_cierre`, `participo_apertura_cierre`, `area_ordenada_cierre`, `uso_celular`, `calificacion_turno`, `comentarios_ficha`, `turno_id`) VALUES
(5, 1, NULL, 2, '2026-05-04', 'A TIEMPO', NULL, 'PENDIENTE', NULL, NULL, NULL, NULL, NULL, NULL, NULL, NULL, NULL, NULL, NULL, NULL, NULL, NULL, NULL, NULL),
(6, 1, NULL, 3, '2026-05-04', 'EXTRA', NULL, 'PENDIENTE', NULL, NULL, NULL, NULL, NULL, NULL, NULL, NULL, NULL, NULL, NULL, NULL, NULL, NULL, NULL, NULL),
(9, 11, NULL, 4, '2026-05-06', 'EXTRA', NULL, 'PENDIENTE', NULL, NULL, NULL, NULL, NULL, NULL, NULL, NULL, NULL, NULL, NULL, NULL, NULL, NULL, NULL, NULL),
(10, 4, NULL, NULL, '2026-05-06', 'EXTRA', NULL, 'PENDIENTE', NULL, NULL, NULL, NULL, NULL, NULL, NULL, NULL, NULL, NULL, NULL, NULL, NULL, NULL, NULL, NULL),
(11, 5, NULL, NULL, '2026-05-06', 'EXTRA', NULL, 'PENDIENTE', NULL, NULL, NULL, NULL, NULL, NULL, NULL, NULL, NULL, NULL, NULL, NULL, NULL, NULL, NULL, NULL),
(12, 56, NULL, 2, '2026-05-06', 'EXTRA', NULL, 'PENDIENTE', NULL, NULL, NULL, NULL, NULL, NULL, NULL, NULL, NULL, NULL, NULL, NULL, NULL, NULL, NULL, NULL),
(13, 55, NULL, 4, '2026-05-06', 'EXTRA', NULL, 'PENDIENTE', NULL, NULL, NULL, NULL, NULL, NULL, NULL, NULL, NULL, NULL, NULL, NULL, NULL, NULL, NULL, NULL),
(14, 53, NULL, 3, '2026-05-06', 'EXTRA', NULL, 'PENDIENTE', NULL, NULL, NULL, NULL, NULL, NULL, NULL, NULL, NULL, NULL, NULL, NULL, NULL, NULL, NULL, NULL),
(15, 71, NULL, NULL, '2026-05-06', 'EXTRA', NULL, 'PENDIENTE', NULL, NULL, NULL, NULL, NULL, NULL, NULL, NULL, NULL, NULL, NULL, NULL, NULL, NULL, NULL, NULL),
(16, 22, NULL, 3, '2026-05-07', 'EXTRA', NULL, 'PENDIENTE', NULL, NULL, NULL, NULL, NULL, NULL, NULL, NULL, NULL, NULL, NULL, NULL, NULL, NULL, NULL, NULL),
(17, 22, NULL, NULL, '2026-05-08', 'TARDE', NULL, 'PENDIENTE', NULL, NULL, NULL, NULL, NULL, NULL, NULL, NULL, NULL, NULL, NULL, NULL, NULL, NULL, NULL, NULL),
(18, 70, NULL, 3, '2026-05-08', 'TARDE', NULL, 'PENDIENTE', NULL, NULL, NULL, NULL, NULL, NULL, NULL, NULL, NULL, NULL, NULL, NULL, NULL, NULL, NULL, NULL),
(19, 53, NULL, 3, '2026-05-08', 'EXTRA', NULL, 'PENDIENTE', NULL, NULL, NULL, NULL, NULL, NULL, NULL, NULL, NULL, NULL, NULL, NULL, NULL, NULL, NULL, NULL),
(20, 70, NULL, 3, '2026-05-09', 'A TIEMPO', NULL, 'PENDIENTE', NULL, NULL, NULL, NULL, NULL, NULL, NULL, NULL, NULL, NULL, NULL, NULL, NULL, NULL, NULL, NULL),
(21, 53, NULL, 3, '2026-05-09', 'TARDE', NULL, 'PENDIENTE', NULL, NULL, NULL, NULL, NULL, NULL, NULL, NULL, NULL, NULL, NULL, NULL, NULL, NULL, NULL, NULL),
(22, 60, NULL, 3, '2026-05-09', 'TARDE', NULL, 'PENDIENTE', NULL, NULL, NULL, NULL, NULL, NULL, NULL, NULL, NULL, NULL, NULL, NULL, NULL, NULL, NULL, NULL),
(23, 53, NULL, 3, '2026-05-10', 'TARDE', NULL, 'PENDIENTE', NULL, NULL, NULL, NULL, NULL, NULL, NULL, NULL, NULL, NULL, NULL, NULL, NULL, NULL, NULL, NULL),
(24, 60, NULL, 3, '2026-05-10', 'TEMPRANO', NULL, 'PENDIENTE', NULL, NULL, NULL, NULL, NULL, NULL, NULL, NULL, NULL, NULL, NULL, NULL, NULL, NULL, NULL, NULL),
(26, 22, 17, NULL, '2026-05-11', 'TEMPRANO', NULL, 'PENDIENTE', 'TEMPRANO', 1, 1, 'OPTIMO', 'IMPECABLE', 'CUIDADAS', 'MONO', 'TARDE', 'IMPECABLE', 1, 1, 1, 'NO_USO', NULL, NULL, 1),
(27, 53, 22, NULL, '2026-05-11', 'TEMPRANO', NULL, 'PENDIENTE', 'TEMPRANO', 1, 1, 'OPTIMO', 'IMPECABLE', 'CUIDADAS', 'MONO', NULL, NULL, NULL, NULL, NULL, NULL, NULL, NULL, 2),
(28, 4, 11, NULL, '2026-05-11', 'A TIEMPO', NULL, 'PENDIENTE', NULL, NULL, NULL, NULL, NULL, NULL, NULL, NULL, NULL, NULL, NULL, NULL, NULL, NULL, NULL, NULL),
(29, 60, 5, NULL, '2026-05-11', 'TEMPRANO', NULL, 'PENDIENTE', 'TEMPRANO', 1, 1, 'ACEPTABLE', 'PRESENTABLE', 'CUIDADAS', 'RECOGIDO', 'MUY_TARDE', 'PRESENTABLE', 1, 1, 1, 'OCASIONAL', 'BUENO', NULL, 2),
(31, 29, 13, NULL, '2026-05-13', 'A TIEMPO', NULL, 'PENDIENTE', NULL, NULL, NULL, NULL, NULL, NULL, NULL, NULL, NULL, NULL, NULL, NULL, NULL, NULL, NULL, NULL),
(33, 71, 11, NULL, '2026-05-12', 'TEMPRANO', NULL, 'PENDIENTE', 'TEMPRANO', 1, 1, 'OPTIMO', 'IMPECABLE', 'CUIDADAS', 'MONO', NULL, NULL, NULL, NULL, NULL, NULL, NULL, NULL, 2),
(34, 13, 11, NULL, '2026-05-14', 'TEMPRANO', NULL, 'PENDIENTE', 'TEMPRANO', 1, 1, 'OPTIMO', 'IMPECABLE', 'CUIDADAS', 'MONO', 'TEMPRANO', 'IMPECABLE', 1, 1, 1, 'NO_USO', 'EXCELENTE', NULL, 1),
(35, 22, 11, NULL, '2026-05-14', 'TEMPRANO', NULL, 'PENDIENTE', 'TEMPRANO', 1, 1, 'OPTIMO', 'IMPECABLE', 'CUIDADAS', 'MONO', 'TARDE', 'IMPECABLE', 1, 1, 1, 'NO_USO', 'BUENO', NULL, 1),
(36, 54, 17, NULL, '2026-05-15', 'TEMPRANO', NULL, 'PENDIENTE', 'TEMPRANO', 1, 1, 'ACEPTABLE', 'PRESENTABLE', 'CUIDADAS', 'RECOGIDO', 'MUY_TARDE', 'PRESENTABLE', 1, 1, 1, 'OCASIONAL', 'BUENO', NULL, 1),
(37, 57, 54, NULL, '2026-05-15', 'TEMPRANO', NULL, 'PENDIENTE', 'TEMPRANO', NULL, NULL, 'OPTIMO', 'IMPECABLE', 'CUIDADAS', 'MONO', NULL, NULL, NULL, NULL, NULL, NULL, NULL, 'siempre esta bien presentable', 1),
(38, 57, 22, NULL, '2026-05-11', 'TEMPRANO', NULL, 'PENDIENTE', 'TEMPRANO', 1, 1, 'OPTIMO', 'IMPECABLE', 'CUIDADAS', 'MONO', NULL, NULL, NULL, NULL, NULL, NULL, NULL, 'bien presentable', 2),
(39, 57, 22, NULL, '2026-05-14', 'TEMPRANO', NULL, 'PENDIENTE', 'TEMPRANO', 1, 1, 'OPTIMO', 'IMPECABLE', 'CUIDADAS', 'MONO', NULL, NULL, NULL, NULL, NULL, NULL, NULL, 'presentable', 1),
(40, 22, 17, NULL, '2026-05-15', 'TEMPRANO', NULL, 'PENDIENTE', 'TEMPRANO', 1, 1, 'OPTIMO', 'IMPECABLE', 'CUIDADAS', 'MONO', 'MUY_TARDE', 'IMPECABLE', 1, 1, 1, 'OCASIONAL', 'EXCELENTE', 'La trabajadora se encuentra presentable y ordenada  ayuda cuando se necesita .', 1),
(41, 57, 22, NULL, '2026-05-12', 'EXTRA', NULL, 'PENDIENTE', 'MUY_TEMPRANO', 1, 1, 'OPTIMO', 'IMPECABLE', 'CUIDADAS', 'MONO', NULL, NULL, NULL, NULL, NULL, NULL, NULL, 'presentable', 1),
(42, 45, 57, NULL, '2026-05-15', 'TEMPRANO', NULL, 'PENDIENTE', 'TEMPRANO', 1, 1, 'OPTIMO', 'IMPECABLE', 'CUIDADAS', 'RECOGIDO', NULL, NULL, NULL, NULL, NULL, NULL, NULL, NULL, 1),
(43, 22, 17, NULL, '2026-05-12', 'TEMPRANO', NULL, 'PENDIENTE', 'TEMPRANO', 1, 1, 'OPTIMO', 'IMPECABLE', 'CUIDADAS', 'MONO', 'TARDE', 'IMPECABLE', 1, 1, 1, 'OCASIONAL', 'EXCELENTE', NULL, 1),
(44, 53, 4, NULL, '2026-05-15', 'TEMPRANO', NULL, 'PENDIENTE', 'TEMPRANO', 1, 1, 'OPTIMO', 'IMPECABLE', 'CUIDADAS', 'RECOGIDO', NULL, NULL, NULL, NULL, NULL, NULL, NULL, NULL, 2),
(45, 4, 53, NULL, '2026-05-15', 'EXTRA', NULL, 'PENDIENTE', 'MUY_TEMPRANO', 1, 1, 'OPTIMO', 'IMPECABLE', 'CUIDADAS', 'MONO', NULL, NULL, NULL, NULL, NULL, NULL, NULL, NULL, 2),
(46, 53, 22, NULL, '2026-05-13', 'EXTRA', NULL, 'PENDIENTE', 'MUY_TEMPRANO', 1, 1, 'OPTIMO', 'IMPECABLE', 'CUIDADAS', 'MONO', NULL, NULL, NULL, NULL, NULL, NULL, NULL, NULL, 1),
(47, 53, 22, NULL, '2026-05-12', 'TEMPRANO', NULL, 'PENDIENTE', 'TEMPRANO', 1, 1, 'OPTIMO', 'IMPECABLE', 'CUIDADAS', 'RECOGIDO', NULL, NULL, NULL, NULL, NULL, NULL, NULL, NULL, 2),
(48, 69, 22, NULL, '2026-05-15', 'TEMPRANO', NULL, 'PENDIENTE', 'TEMPRANO', 1, 1, 'OPTIMO', 'IMPECABLE', 'CUIDADAS', 'MONO', NULL, NULL, NULL, NULL, NULL, NULL, NULL, NULL, 2),
(49, 4, 69, NULL, '2026-05-14', 'TEMPRANO', NULL, 'PENDIENTE', 'TEMPRANO', 1, 1, 'OPTIMO', 'IMPECABLE', 'CUIDADAS', 'RECOGIDO', NULL, NULL, NULL, NULL, NULL, NULL, NULL, NULL, 1),
(50, 69, 54, NULL, '2026-05-14', 'TEMPRANO', NULL, 'PENDIENTE', 'TEMPRANO', 1, 1, 'OPTIMO', 'IMPECABLE', 'CUIDADAS', 'RECOGIDO', NULL, NULL, NULL, NULL, NULL, NULL, NULL, NULL, 2),
(51, 54, 17, NULL, '2026-05-14', 'TEMPRANO', NULL, 'PENDIENTE', 'TEMPRANO', 1, 1, 'OPTIMO', 'IMPECABLE', 'CUIDADAS', 'RECOGIDO', 'TARDE', 'IMPECABLE', 1, 1, 1, 'OCASIONAL', NULL, NULL, 1),
(52, 70, 61, NULL, '2026-05-15', 'TEMPRANO', NULL, 'PENDIENTE', 'TEMPRANO', 1, 1, 'OPTIMO', 'IMPECABLE', 'CUIDADAS', 'RECOGIDO', 'MUY_TARDE', 'PRESENTABLE', 1, 1, 1, 'OCASIONAL', 'REGULAR', NULL, 2),
(53, 22, 17, NULL, '2026-05-13', 'TEMPRANO', NULL, 'PENDIENTE', 'TEMPRANO', 1, 1, 'OPTIMO', 'IMPECABLE', 'CUIDADAS', 'MONO', 'MUY_TARDE', 'IMPECABLE', 1, 1, 1, 'OCASIONAL', NULL, NULL, 1),
(54, 29, 13, NULL, '2026-05-15', 'TEMPRANO', NULL, 'PENDIENTE', 'TEMPRANO', 1, 1, 'OPTIMO', 'IMPECABLE', 'CUIDADAS', 'RECOGIDO', NULL, NULL, NULL, NULL, NULL, NULL, NULL, NULL, 1),
(55, 13, 29, NULL, '2026-05-15', 'TEMPRANO', NULL, 'PENDIENTE', 'TEMPRANO', 1, 1, 'OPTIMO', 'IMPECABLE', NULL, 'RECOGIDO', NULL, NULL, NULL, NULL, NULL, NULL, NULL, NULL, 1),
(56, 29, 13, NULL, '2026-05-15', 'TEMPRANO', NULL, 'PENDIENTE', 'TEMPRANO', 1, 1, 'OPTIMO', 'IMPECABLE', 'CUIDADAS', 'RECOGIDO', NULL, NULL, NULL, NULL, NULL, NULL, NULL, NULL, 2),
(57, 45, 13, NULL, '2026-05-16', 'TEMPRANO', NULL, 'PENDIENTE', 'TEMPRANO', 1, 1, 'OPTIMO', 'PRESENTABLE', 'CUIDADAS', 'MONO', NULL, NULL, NULL, NULL, NULL, NULL, NULL, NULL, 1),
(58, 13, 45, NULL, '2026-05-16', 'TEMPRANO', NULL, 'PENDIENTE', 'TEMPRANO', 1, 1, 'OPTIMO', 'IMPECABLE', 'CUIDADAS', 'MONO', NULL, NULL, NULL, NULL, NULL, NULL, NULL, NULL, 2),
(59, 22, 17, NULL, '2026-05-17', 'TEMPRANO', NULL, 'PENDIENTE', 'TEMPRANO', 1, 1, 'OPTIMO', 'IMPECABLE', 'CUIDADAS', 'RECOGIDO', 'MUY_TARDE', 'IMPECABLE', 1, 1, 1, 'OCASIONAL', 'EXCELENTE', NULL, 1),
(60, 17, 22, NULL, '2026-05-17', 'EXTRA', NULL, 'PENDIENTE', 'MUY_TEMPRANO', 1, 1, 'OPTIMO', 'IMPECABLE', 'CUIDADAS', 'MONO', 'TARDE', 'IMPECABLE', 1, 1, 1, 'OCASIONAL', 'BUENO', 'presentable', 1),
(61, 57, 10, NULL, '2026-05-17', 'TEMPRANO', NULL, 'PENDIENTE', 'TEMPRANO', 1, 1, 'OPTIMO', 'IMPECABLE', 'CUIDADAS', 'MONO', NULL, NULL, NULL, NULL, NULL, NULL, NULL, NULL, 1),
(62, 45, 10, NULL, '2026-05-17', 'TEMPRANO', NULL, 'PENDIENTE', 'TEMPRANO', 1, 1, 'OPTIMO', 'IMPECABLE', 'CUIDADAS', 'RECOGIDO', NULL, NULL, NULL, NULL, NULL, NULL, NULL, NULL, 1),
(63, 10, 57, NULL, '2026-05-17', 'TEMPRANO', NULL, 'PENDIENTE', 'TEMPRANO', 1, 1, 'OPTIMO', 'IMPECABLE', 'CUIDADAS', 'MONO', NULL, NULL, NULL, NULL, NULL, NULL, NULL, NULL, 1),
(64, 10, 57, NULL, '2026-05-16', 'TEMPRANO', NULL, 'PENDIENTE', 'TEMPRANO', 1, 1, 'OPTIMO', 'IMPECABLE', 'CUIDADAS', 'MONO', NULL, NULL, NULL, NULL, NULL, NULL, NULL, NULL, 1),
(65, 56, 13, NULL, '2026-05-17', 'TEMPRANO', NULL, 'PENDIENTE', 'TEMPRANO', 1, 1, 'OPTIMO', 'IMPECABLE', 'CUIDADAS', 'MONO', NULL, NULL, NULL, NULL, NULL, NULL, NULL, NULL, 2),
(66, 13, 56, NULL, '2026-05-17', 'TEMPRANO', NULL, 'PENDIENTE', 'TEMPRANO', 1, 1, 'OPTIMO', 'IMPECABLE', NULL, 'MONO', NULL, NULL, NULL, NULL, NULL, NULL, NULL, NULL, 1),
(67, 73, 10, NULL, '2026-05-17', 'A TIEMPO', NULL, 'PENDIENTE', NULL, 1, 1, 'OPTIMO', 'IMPECABLE', NULL, 'MONO', NULL, NULL, NULL, NULL, NULL, NULL, NULL, NULL, 1),
(68, 29, 10, NULL, '2026-05-17', 'A TIEMPO', NULL, 'PENDIENTE', NULL, 1, 1, 'OPTIMO', NULL, NULL, 'MONO', NULL, NULL, NULL, NULL, NULL, NULL, NULL, NULL, 1),
(69, 61, 70, NULL, '2026-05-17', 'TEMPRANO', NULL, 'PENDIENTE', 'TEMPRANO', 1, 1, 'OPTIMO', 'IMPECABLE', 'CUIDADAS', 'MONO', 'TARDE', 'IMPECABLE', 1, 1, 1, 'OCASIONAL', 'BUENO', NULL, 2),
(70, 61, 70, NULL, '2026-05-16', 'TEMPRANO', NULL, 'PENDIENTE', 'TEMPRANO', 1, 1, 'OPTIMO', 'IMPECABLE', 'CUIDADAS', 'MONO', 'TARDE', 'IMPECABLE', 1, 1, 1, 'OCASIONAL', 'BUENO', NULL, 2),
(71, 53, 22, NULL, '2026-05-17', 'TEMPRANO', NULL, 'PENDIENTE', 'TEMPRANO', 1, 1, 'OPTIMO', 'IMPECABLE', 'CUIDADAS', 'MONO', NULL, NULL, NULL, NULL, NULL, NULL, NULL, 'esta correctamente con su indumentaria', 2),
(72, 53, 60, NULL, '2026-05-16', 'TEMPRANO', NULL, 'PENDIENTE', 'TEMPRANO', 1, 1, 'OPTIMO', 'IMPECABLE', 'CUIDADAS', 'MONO', NULL, NULL, NULL, NULL, NULL, NULL, NULL, NULL, 1),
(73, 60, 5, NULL, '2026-05-12', 'TEMPRANO', NULL, 'PENDIENTE', 'TEMPRANO', 1, 1, 'ACEPTABLE', 'PRESENTABLE', 'CUIDADAS', 'RECOGIDO', 'MUY_TARDE', 'PRESENTABLE', 1, 1, 1, 'OCASIONAL', 'BUENO', 'perfectamente uniformadocon indumentaria', 2),
(74, 60, 53, NULL, '2026-05-13', 'A TIEMPO', NULL, 'PENDIENTE', NULL, NULL, NULL, 'OPTIMO', 'IMPECABLE', 'CUIDADAS', 'MONO', NULL, NULL, NULL, NULL, NULL, NULL, NULL, 'perfectamente uniformado', 2),
(75, 60, 53, NULL, '2026-05-14', 'A TIEMPO', NULL, 'PENDIENTE', NULL, NULL, NULL, 'OPTIMO', 'IMPECABLE', 'CUIDADAS', 'MONO', NULL, NULL, NULL, NULL, NULL, NULL, NULL, 'perfectamente uniformado', 2),
(76, 60, 53, NULL, '2026-05-15', 'A TIEMPO', NULL, 'PENDIENTE', NULL, NULL, NULL, 'OPTIMO', 'IMPECABLE', 'CUIDADAS', 'MONO', NULL, NULL, NULL, NULL, NULL, NULL, NULL, 'perfectamente uniformado', 2),
(77, 60, 53, NULL, '2026-05-17', 'A TIEMPO', NULL, 'PENDIENTE', NULL, NULL, NULL, 'OPTIMO', 'IMPECABLE', 'CUIDADAS', 'MONO', NULL, NULL, NULL, NULL, NULL, NULL, NULL, 'perfectamente uniformada', 2),
(78, 56, 69, NULL, '2026-05-16', 'EXTRA', NULL, 'PENDIENTE', 'MUY_TEMPRANO', 1, 1, 'OPTIMO', 'IMPECABLE', 'CUIDADAS', 'MONO', NULL, NULL, NULL, NULL, NULL, NULL, NULL, NULL, 2),
(79, 69, 56, NULL, '2026-05-17', 'EXTRA', NULL, 'PENDIENTE', 'MUY_TEMPRANO', 1, 1, 'OPTIMO', 'IMPECABLE', 'CUIDADAS', 'MONO', NULL, NULL, NULL, NULL, NULL, NULL, NULL, NULL, 2),
(80, 56, 69, NULL, '2026-05-17', 'TEMPRANO', NULL, 'PENDIENTE', 'TEMPRANO', 1, 1, 'OPTIMO', 'IMPECABLE', 'CUIDADAS', 'RECOGIDO', NULL, NULL, NULL, NULL, NULL, NULL, NULL, NULL, 1),
(81, 70, 61, NULL, '2026-05-17', 'TEMPRANO', NULL, 'PENDIENTE', 'TEMPRANO', 1, 1, 'ACEPTABLE', 'PRESENTABLE', 'ACEPTABLES', 'MONO', 'MUY_TARDE', 'PRESENTABLE', 1, 1, 1, 'OCASIONAL', 'REGULAR', NULL, 2),
(82, 13, 70, NULL, '2026-05-18', 'TEMPRANO', NULL, 'PENDIENTE', 'TEMPRANO', 1, 1, 'OPTIMO', 'IMPECABLE', 'CUIDADAS', 'MONO', NULL, NULL, NULL, NULL, NULL, NULL, NULL, NULL, 1),
(83, 70, 61, NULL, '2026-05-18', 'TEMPRANO', NULL, 'PENDIENTE', 'TEMPRANO', 1, 1, 'OPTIMO', 'IMPECABLE', 'CUIDADAS', 'MONO', 'TARDE', 'PRESENTABLE', 1, 1, 1, 'FRECUENTE', 'REGULAR', NULL, 1),
(84, 69, 57, NULL, '2026-05-18', 'TEMPRANO', NULL, 'PENDIENTE', 'TEMPRANO', 1, 1, 'OPTIMO', 'IMPECABLE', 'CUIDADAS', 'RECOGIDO', NULL, NULL, NULL, NULL, NULL, NULL, NULL, NULL, 1),
(85, 57, 69, NULL, '2026-05-18', 'TEMPRANO', NULL, 'PENDIENTE', 'TEMPRANO', 1, 1, 'OPTIMO', 'IMPECABLE', 'CUIDADAS', 'MONO', NULL, NULL, NULL, NULL, NULL, NULL, NULL, NULL, 1),
(86, 56, 71, NULL, '2026-05-18', 'EXTRA', NULL, 'PENDIENTE', 'MUY_TEMPRANO', 1, 1, 'OPTIMO', 'IMPECABLE', 'CUIDADAS', 'MONO', NULL, NULL, NULL, NULL, NULL, NULL, NULL, NULL, 2),
(87, 71, 56, NULL, '2026-05-17', 'TEMPRANO', NULL, 'PENDIENTE', 'TEMPRANO', 1, 1, 'OPTIMO', 'IMPECABLE', NULL, 'MONO', NULL, NULL, NULL, NULL, NULL, NULL, NULL, NULL, 2),
(88, 54, 17, NULL, '2026-05-19', 'TEMPRANO', NULL, 'PENDIENTE', 'TEMPRANO', 1, 1, 'OPTIMO', 'IMPECABLE', 'CUIDADAS', 'RECOGIDO', 'TARDE', 'IMPECABLE', 1, 1, 1, 'OCASIONAL', 'EXCELENTE', NULL, 1),
(89, 17, 22, NULL, '2026-05-19', 'TEMPRANO', NULL, 'PENDIENTE', 'TEMPRANO', 1, 1, 'OPTIMO', 'IMPECABLE', 'CUIDADAS', 'MONO', 'TARDE', 'IMPECABLE', 1, 1, 1, 'OCASIONAL', 'BUENO', 'presentable', 2),
(90, 4, 70, NULL, '2026-05-19', 'TEMPRANO', NULL, 'PENDIENTE', 'TEMPRANO', 1, 1, 'OPTIMO', 'PRESENTABLE', 'CUIDADAS', 'MONO', NULL, NULL, NULL, NULL, NULL, NULL, NULL, NULL, 1),
(91, 10, 57, NULL, '2026-05-19', 'TARDE', NULL, 'PENDIENTE', 'MUY_TARDE', 1, 1, 'OPTIMO', 'IMPECABLE', 'CUIDADAS', 'MONO', NULL, NULL, NULL, NULL, NULL, NULL, NULL, NULL, 1),
(92, 57, 22, NULL, '2026-05-19', 'TEMPRANO', NULL, 'PENDIENTE', 'TEMPRANO', 1, 1, 'OPTIMO', 'IMPECABLE', 'CUIDADAS', 'MONO', NULL, NULL, NULL, NULL, NULL, NULL, NULL, 'muy presentable', 1),
(93, 22, 17, NULL, '2026-05-18', 'TEMPRANO', NULL, 'PENDIENTE', 'TEMPRANO', 1, 1, 'OPTIMO', 'IMPECABLE', 'CUIDADAS', 'MONO', 'MUY_TARDE', 'IMPECABLE', 1, 1, 1, 'OCASIONAL', NULL, NULL, 1),
(94, 57, 22, NULL, '2026-05-18', 'TEMPRANO', NULL, 'PENDIENTE', 'TEMPRANO', 1, 1, 'OPTIMO', 'IMPECABLE', 'CUIDADAS', 'RECOGIDO', NULL, NULL, NULL, NULL, NULL, NULL, NULL, 'bien bañadita', 2),
(95, 13, 54, NULL, '2026-05-19', 'TEMPRANO', NULL, 'PENDIENTE', 'TEMPRANO', 1, 1, 'OPTIMO', 'IMPECABLE', 'CUIDADAS', 'MONO', NULL, NULL, NULL, NULL, NULL, NULL, NULL, 'ninguna', 1),
(96, 53, 22, NULL, '2026-05-18', 'TEMPRANO', NULL, 'PENDIENTE', 'TEMPRANO', 1, 1, 'OPTIMO', 'IMPECABLE', 'CUIDADAS', 'MONO', NULL, NULL, NULL, NULL, NULL, NULL, NULL, NULL, 2),
(97, 53, 22, NULL, '2026-05-19', 'TEMPRANO', NULL, 'PENDIENTE', 'TEMPRANO', 1, 1, 'OPTIMO', 'IMPECABLE', 'CUIDADAS', 'MONO', NULL, NULL, NULL, NULL, NULL, NULL, NULL, NULL, 2),
(98, 70, 61, NULL, '2026-05-19', 'TEMPRANO', NULL, 'PENDIENTE', 'TEMPRANO', 1, 1, 'ACEPTABLE', 'PRESENTABLE', 'ACEPTABLES', 'RECOGIDO', 'MUY_TARDE', 'PRESENTABLE', 1, 1, 1, NULL, 'BUENO', NULL, 1),
(99, 5, 17, NULL, '2026-05-19', 'TEMPRANO', NULL, 'PENDIENTE', 'TEMPRANO', 1, 1, 'OPTIMO', 'IMPECABLE', 'CUIDADAS', 'MONO', 'MUY_TARDE', 'IMPECABLE', 1, 1, 1, 'OCASIONAL', 'EXCELENTE', NULL, 1),
(100, 69, 56, NULL, '2026-05-19', 'TEMPRANO', NULL, 'PENDIENTE', 'TEMPRANO', 1, 1, 'OPTIMO', 'IMPECABLE', NULL, 'RECOGIDO', NULL, NULL, NULL, NULL, NULL, NULL, NULL, NULL, 2),
(101, 56, 69, NULL, '2026-05-19', 'EXTRA', NULL, 'PENDIENTE', 'MUY_TEMPRANO', 1, 1, 'OPTIMO', 'IMPECABLE', 'CUIDADAS', 'MONO', NULL, NULL, NULL, NULL, NULL, NULL, NULL, NULL, 2),
(102, 22, 17, NULL, '2026-05-19', 'TEMPRANO', NULL, 'PENDIENTE', 'TEMPRANO', 1, 1, 'OPTIMO', 'IMPECABLE', 'CUIDADAS', 'MONO', 'MUY_TARDE', 'IMPECABLE', 1, 1, 1, 'NO_USO', 'EXCELENTE', NULL, 1),
(103, 61, 69, NULL, '2026-05-19', 'TEMPRANO', NULL, 'PENDIENTE', 'TEMPRANO', 0, 1, 'ACEPTABLE', 'PRESENTABLE', 'CUIDADAS', 'MONO', 'MUY_TARDE', 'PRESENTABLE', 1, 0, 1, 'OCASIONAL', 'BUENO', NULL, 2),
(104, 61, 53, NULL, '2026-05-18', 'TARDE', NULL, 'PENDIENTE', 'TARDE', 1, 1, NULL, 'PRESENTABLE', 'ACEPTABLES', 'MONO', 'MUY_TARDE', 'PRESENTABLE', 1, 0, 1, 'OCASIONAL', 'BUENO', NULL, 2),
(105, 61, 53, NULL, '2026-05-14', 'TARDE', NULL, 'PENDIENTE', 'TARDE', 1, 1, 'ACEPTABLE', 'PRESENTABLE', 'ACEPTABLES', 'MONO', 'MUY_TARDE', 'PRESENTABLE', 1, 0, 1, 'OCASIONAL', 'REGULAR', NULL, 2),
(106, 61, 53, NULL, '2026-05-13', 'TARDE', NULL, 'PENDIENTE', 'TARDE', 0, 0, 'ACEPTABLE', 'PRESENTABLE', 'ACEPTABLES', 'MONO', 'MUY_TARDE', 'PRESENTABLE', 1, 0, 1, 'OCASIONAL', 'BUENO', NULL, 2),
(107, 61, 53, NULL, '2026-05-12', 'TARDE', NULL, 'PENDIENTE', 'TARDE', 1, 1, 'ACEPTABLE', 'PRESENTABLE', 'ACEPTABLES', 'MONO', 'MUY_TARDE', 'PRESENTABLE', 1, 0, 1, 'OCASIONAL', 'BUENO', NULL, 2),
(108, 61, 53, NULL, '2026-05-11', 'TARDE', NULL, 'PENDIENTE', 'TARDE', 1, 1, 'ACEPTABLE', 'PRESENTABLE', 'ACEPTABLES', 'MONO', 'MUY_TARDE', 'PRESENTABLE', 1, 0, 1, 'OCASIONAL', 'BUENO', NULL, 2),
(109, 45, 70, NULL, '2026-05-20', 'TEMPRANO', NULL, 'PENDIENTE', 'TEMPRANO', 1, 1, 'OPTIMO', 'IMPECABLE', 'CUIDADAS', 'MONO', NULL, NULL, NULL, NULL, NULL, NULL, NULL, NULL, 1),
(110, 70, 61, NULL, '2026-05-20', 'TEMPRANO', NULL, 'PENDIENTE', 'TEMPRANO', 1, 1, 'OPTIMO', 'IMPECABLE', 'CUIDADAS', 'MONO', 'TARDE', 'PRESENTABLE', 1, 1, 1, 'OCASIONAL', 'BUENO', NULL, 1),
(111, 22, 17, NULL, '2026-05-20', 'TEMPRANO', NULL, 'PENDIENTE', 'TEMPRANO', 1, 1, 'OPTIMO', 'IMPECABLE', 'CUIDADAS', 'RECOGIDO', 'MUY_TARDE', 'IMPECABLE', 1, 1, 1, 'OCASIONAL', 'EXCELENTE', 'ninguno', 1),
(112, 17, 22, NULL, '2026-05-20', 'TEMPRANO', NULL, 'PENDIENTE', 'TEMPRANO', 1, 1, 'OPTIMO', 'IMPECABLE', 'CUIDADAS', 'MONO', 'TARDE', 'IMPECABLE', 1, 1, 1, 'OCASIONAL', 'BUENO', 'presentable', 1),
(113, 54, 17, NULL, '2026-05-20', 'TEMPRANO', NULL, 'PENDIENTE', 'TEMPRANO', 1, 1, 'OPTIMO', 'IMPECABLE', 'CUIDADAS', 'RECOGIDO', 'TARDE', 'IMPECABLE', 1, 1, 1, 'OCASIONAL', 'EXCELENTE', 'presentable', 1),
(114, 61, 60, NULL, '2026-05-20', 'TARDE', NULL, 'PENDIENTE', 'TARDE', 1, 1, 'ACEPTABLE', 'PRESENTABLE', 'ACEPTABLES', 'MONO', 'TARDE', 'PRESENTABLE', 1, 0, 1, 'OCASIONAL', 'EXCELENTE', NULL, 2),
(115, 70, 61, NULL, '2026-05-20', 'TEMPRANO', NULL, 'PENDIENTE', 'TEMPRANO', 1, 1, 'OPTIMO', 'IMPECABLE', NULL, 'MONO', 'MUY_TARDE', 'PRESENTABLE', 1, 1, 1, 'OCASIONAL', 'BUENO', NULL, 2),
(116, 56, 70, NULL, '2026-05-20', 'EXTRA', NULL, 'PENDIENTE', 'MUY_TEMPRANO', 1, 1, 'OPTIMO', 'IMPECABLE', 'CUIDADAS', 'MONO', NULL, NULL, NULL, NULL, NULL, NULL, NULL, NULL, 2),
(117, 13, 56, NULL, '2026-05-21', 'TEMPRANO', NULL, 'PENDIENTE', 'TEMPRANO', 1, 1, 'OPTIMO', 'IMPECABLE', NULL, 'RECOGIDO', NULL, NULL, NULL, NULL, NULL, NULL, NULL, NULL, 1),
(118, 56, 13, NULL, '2026-05-21', 'TEMPRANO', NULL, 'PENDIENTE', 'TEMPRANO', 1, 1, 'OPTIMO', 'IMPECABLE', 'CUIDADAS', 'MONO', NULL, NULL, NULL, NULL, NULL, NULL, NULL, NULL, 1),
(119, 10, 53, NULL, '2026-05-20', 'TARDE', NULL, 'PENDIENTE', 'MUY_TARDE', 1, 1, 'OPTIMO', 'IMPECABLE', 'CUIDADAS', 'MONO', NULL, NULL, NULL, NULL, NULL, NULL, NULL, NULL, 2),
(120, 10, 53, NULL, '2026-05-21', 'TEMPRANO', NULL, 'PENDIENTE', 'TEMPRANO', 1, 1, 'OPTIMO', 'IMPECABLE', 'CUIDADAS', 'MONO', NULL, NULL, NULL, NULL, NULL, NULL, NULL, NULL, 1),
(121, 10, 53, NULL, '2026-05-20', 'TARDE', NULL, 'PENDIENTE', 'TARDE', 1, 1, 'OPTIMO', 'IMPECABLE', 'CUIDADAS', 'MONO', NULL, NULL, NULL, NULL, NULL, NULL, NULL, NULL, 1),
(122, 10, 53, NULL, '2026-05-19', 'TEMPRANO', NULL, 'PENDIENTE', 'TEMPRANO', 1, 1, 'OPTIMO', 'IMPECABLE', 'CUIDADAS', 'MONO', NULL, NULL, NULL, NULL, NULL, NULL, NULL, NULL, 2),
(123, 10, 53, NULL, '2026-05-18', 'TARDE', NULL, 'PENDIENTE', 'TARDE', 1, 1, 'OPTIMO', 'IMPECABLE', 'CUIDADAS', 'MONO', NULL, NULL, NULL, NULL, NULL, NULL, NULL, NULL, 2),
(124, 10, 53, NULL, '2026-05-13', 'TARDE', NULL, 'PENDIENTE', 'TARDE', 1, 1, 'OPTIMO', 'IMPECABLE', 'CUIDADAS', 'MONO', NULL, NULL, NULL, NULL, NULL, NULL, NULL, NULL, 2),
(125, 10, 53, NULL, '2026-05-13', 'TARDE', NULL, 'PENDIENTE', 'TARDE', 1, 1, 'OPTIMO', 'IMPECABLE', 'CUIDADAS', 'MONO', NULL, NULL, NULL, NULL, NULL, NULL, NULL, NULL, 1),
(126, 10, 53, NULL, '2026-05-12', 'TARDE', NULL, 'PENDIENTE', 'TARDE', 1, 1, 'OPTIMO', 'IMPECABLE', 'CUIDADAS', 'MONO', NULL, NULL, NULL, NULL, NULL, NULL, NULL, NULL, 1),
(127, 10, 53, NULL, '2026-05-12', 'TARDE', NULL, 'PENDIENTE', 'TARDE', 1, 1, 'OPTIMO', 'IMPECABLE', 'CUIDADAS', 'MONO', NULL, NULL, NULL, NULL, NULL, NULL, NULL, NULL, 2),
(128, 10, 53, NULL, '2026-05-11', 'TARDE', NULL, 'PENDIENTE', 'TARDE', 1, 1, 'OPTIMO', 'IMPECABLE', 'CUIDADAS', 'MONO', NULL, NULL, NULL, NULL, NULL, NULL, NULL, NULL, 2),
(129, 61, 70, NULL, '2026-05-21', 'TARDE', NULL, 'PENDIENTE', 'TARDE', 1, 1, 'ACEPTABLE', 'PRESENTABLE', 'CUIDADAS', 'MONO', 'MUY_TARDE', 'PRESENTABLE', 1, 1, 1, 'OCASIONAL', 'BUENO', NULL, 2),
(130, 45, 69, NULL, '2026-05-21', 'EXTRA', NULL, 'PENDIENTE', 'MUY_TEMPRANO', 1, 1, 'OPTIMO', 'IMPECABLE', 'CUIDADAS', 'MONO', NULL, NULL, NULL, NULL, NULL, NULL, NULL, NULL, 2),
(131, 69, 45, NULL, '2026-05-21', 'TEMPRANO', NULL, 'PENDIENTE', 'TEMPRANO', 1, 1, 'OPTIMO', 'IMPECABLE', 'CUIDADAS', 'MONO', NULL, NULL, NULL, NULL, NULL, NULL, NULL, NULL, 2),
(132, 17, 54, NULL, '2026-05-21', 'TEMPRANO', NULL, 'PENDIENTE', 'TEMPRANO', 1, 1, 'OPTIMO', 'IMPECABLE', 'CUIDADAS', 'RECOGIDO', 'MUY_TARDE', 'IMPECABLE', 1, 1, 1, 'OCASIONAL', 'BUENO', '............', 2),
(133, 54, 17, NULL, '2026-05-21', 'TEMPRANO', NULL, 'PENDIENTE', 'TEMPRANO', 1, 1, 'OPTIMO', 'IMPECABLE', 'CUIDADAS', 'RECOGIDO', 'TARDE', 'IMPECABLE', 1, 1, 1, 'OCASIONAL', 'EXCELENTE', NULL, 2),
(134, 70, 61, NULL, '2026-05-12', 'TEMPRANO', NULL, 'PENDIENTE', 'TEMPRANO', 1, 1, 'OPTIMO', 'IMPECABLE', 'CUIDADAS', 'MONO', 'TARDE', 'PRESENTABLE', 1, 1, 1, 'OCASIONAL', 'REGULAR', NULL, 1),
(135, 70, 61, NULL, '2026-05-13', 'TEMPRANO', NULL, 'PENDIENTE', 'TEMPRANO', 1, 1, 'OPTIMO', 'IMPECABLE', 'CUIDADAS', 'MONO', 'MUY_TARDE', 'PRESENTABLE', 1, 1, 1, 'OCASIONAL', 'BUENO', NULL, 2),
(136, 70, 61, NULL, '2026-05-13', 'TEMPRANO', NULL, 'PENDIENTE', 'TEMPRANO', 1, 1, 'ACEPTABLE', 'PRESENTABLE', 'ACEPTABLES', 'MONO', 'MUY_TARDE', 'PRESENTABLE', 1, 1, 1, 'OCASIONAL', 'BUENO', NULL, 1),
(137, 70, 61, NULL, '2026-05-14', 'TEMPRANO', NULL, 'PENDIENTE', 'TEMPRANO', 1, 1, 'ACEPTABLE', 'PRESENTABLE', 'ACEPTABLES', 'MONO', 'TARDE', 'PRESENTABLE', 1, 1, 1, 'OCASIONAL', 'REGULAR', NULL, 2),
(138, 70, 61, NULL, '2026-05-16', 'TEMPRANO', NULL, 'PENDIENTE', 'TEMPRANO', 1, 1, 'ACEPTABLE', 'PRESENTABLE', 'ACEPTABLES', 'MONO', 'MUY_TARDE', 'PRESENTABLE', 1, 1, 1, 'OCASIONAL', 'BUENO', NULL, 2),
(139, 70, 61, NULL, '2026-05-21', 'TEMPRANO', NULL, 'PENDIENTE', 'TEMPRANO', 1, 1, 'ACEPTABLE', 'PRESENTABLE', 'ACEPTABLES', 'MONO', 'MUY_TARDE', 'PRESENTABLE', 1, 1, 1, 'OCASIONAL', 'REGULAR', NULL, 2),
(140, 73, 11, NULL, '2026-05-21', 'A TIEMPO', NULL, 'PENDIENTE', NULL, NULL, NULL, NULL, NULL, NULL, NULL, 'TARDE', 'PRESENTABLE', NULL, 1, 1, NULL, 'BUENO', NULL, 1),
(141, 71, 11, NULL, '2026-05-21', 'A TIEMPO', NULL, 'PENDIENTE', NULL, NULL, NULL, NULL, NULL, NULL, NULL, 'MUY_TARDE', 'PRESENTABLE', NULL, 1, 1, NULL, 'BUENO', NULL, 1),
(142, 60, 5, NULL, '2026-05-21', 'TEMPRANO', NULL, 'PENDIENTE', 'TEMPRANO', 1, 1, 'ACEPTABLE', 'PRESENTABLE', 'CUIDADAS', 'RECOGIDO', NULL, NULL, NULL, NULL, NULL, NULL, NULL, NULL, 2),
(143, 60, 5, NULL, '2026-05-20', 'TEMPRANO', NULL, 'PENDIENTE', 'TEMPRANO', 1, 1, 'ACEPTABLE', 'PRESENTABLE', 'CUIDADAS', 'RECOGIDO', NULL, NULL, NULL, NULL, NULL, NULL, NULL, NULL, 2),
(144, 60, 5, NULL, '2026-05-18', 'TEMPRANO', NULL, 'PENDIENTE', 'TEMPRANO', 1, 1, 'ACEPTABLE', 'PRESENTABLE', 'CUIDADAS', 'RECOGIDO', NULL, NULL, NULL, NULL, NULL, NULL, NULL, NULL, 2),
(145, 5, 17, NULL, '2026-05-21', 'TEMPRANO', NULL, 'PENDIENTE', 'TEMPRANO', 1, 1, 'ACEPTABLE', 'PRESENTABLE', 'CUIDADAS', 'MONO', 'MUY_TARDE', 'PRESENTABLE', 1, 1, 1, 'OCASIONAL', 'BUENO', NULL, 1),
(146, 5, 17, NULL, '2026-05-21', 'TEMPRANO', NULL, 'PENDIENTE', 'TEMPRANO', 1, 1, 'ACEPTABLE', 'PRESENTABLE', 'CUIDADAS', 'MONO', 'MUY_TARDE', 'PRESENTABLE', 1, 1, 1, 'OCASIONAL', 'BUENO', NULL, 2),
(147, 5, 54, NULL, '2026-05-12', 'TEMPRANO', NULL, 'PENDIENTE', 'TEMPRANO', 1, 1, 'ACEPTABLE', 'PRESENTABLE', 'CUIDADAS', 'MONO', 'MUY_TARDE', 'PRESENTABLE', 1, 1, 1, 'OCASIONAL', 'BUENO', NULL, 1),
(148, 5, 54, NULL, '2026-05-11', 'TEMPRANO', NULL, 'PENDIENTE', 'TEMPRANO', 1, 1, 'ACEPTABLE', 'PRESENTABLE', 'CUIDADAS', 'MONO', 'MUY_TARDE', 'PRESENTABLE', 1, 1, 1, 'OCASIONAL', 'BUENO', NULL, 2),
(149, 5, 54, NULL, '2026-05-11', 'TEMPRANO', NULL, 'PENDIENTE', 'TEMPRANO', 1, 1, 'ACEPTABLE', 'PRESENTABLE', 'CUIDADAS', 'MONO', 'MUY_TARDE', 'PRESENTABLE', 1, 1, 1, 'OCASIONAL', 'BUENO', NULL, 1),
(150, 5, 54, NULL, '2026-05-12', 'TEMPRANO', NULL, 'PENDIENTE', 'TEMPRANO', 1, 1, 'ACEPTABLE', 'PRESENTABLE', 'CUIDADAS', 'MONO', 'MUY_TARDE', 'PRESENTABLE', 1, 1, 1, 'OCASIONAL', 'BUENO', NULL, 2),
(151, 17, 5, NULL, '2026-05-15', 'TEMPRANO', NULL, 'PENDIENTE', 'TEMPRANO', 1, 1, 'ACEPTABLE', 'PRESENTABLE', 'ACEPTABLES', 'RECOGIDO', 'TEMPRANO', 'PRESENTABLE', 1, 1, 1, 'OCASIONAL', 'BUENO', NULL, 1),
(152, 5, 17, NULL, '2026-05-20', 'TEMPRANO', NULL, 'PENDIENTE', 'TEMPRANO', 1, 1, 'ACEPTABLE', 'PRESENTABLE', 'CUIDADAS', 'MONO', 'MUY_TARDE', 'PRESENTABLE', 1, 1, 1, 'OCASIONAL', 'BUENO', NULL, 1),
(153, 5, 54, NULL, '2026-05-13', 'TEMPRANO', NULL, 'PENDIENTE', 'TEMPRANO', 1, 1, 'ACEPTABLE', 'PRESENTABLE', 'CUIDADAS', 'MONO', 'MUY_TARDE', 'PRESENTABLE', 1, 1, 1, 'OCASIONAL', 'BUENO', NULL, 2),
(154, 55, 11, NULL, '2026-05-21', 'TEMPRANO', NULL, 'PENDIENTE', 'TEMPRANO', 1, 1, 'ACEPTABLE', 'PRESENTABLE', 'ACEPTABLES', 'RECOGIDO', 'TARDE', 'PRESENTABLE', NULL, 1, NULL, 'FRECUENTE', 'BUENO', NULL, 2),
(155, 17, 54, NULL, '2026-05-22', 'TEMPRANO', NULL, 'PENDIENTE', 'TEMPRANO', 1, 1, 'OPTIMO', 'IMPECABLE', 'CUIDADAS', 'RECOGIDO', 'MUY_TARDE', 'IMPECABLE', 1, 1, 1, 'OCASIONAL', 'BUENO', '..............', 1),
(156, 22, 17, NULL, '2026-05-22', 'TEMPRANO', NULL, 'PENDIENTE', 'TEMPRANO', NULL, NULL, 'OPTIMO', 'IMPECABLE', 'CUIDADAS', 'RECOGIDO', 'TARDE', 'IMPECABLE', 1, 1, 1, 'OCASIONAL', 'EXCELENTE', NULL, 1),
(157, 4, 17, NULL, '2026-05-22', 'TEMPRANO', NULL, 'PENDIENTE', 'TEMPRANO', 1, 1, 'OPTIMO', 'IMPECABLE', 'CUIDADAS', 'MONO', 'MUY_TARDE', 'IMPECABLE', 1, 1, 1, 'OCASIONAL', NULL, NULL, 1),
(158, 54, 17, NULL, '2026-05-22', 'TARDE', NULL, 'PENDIENTE', 'TARDE', 1, 1, 'OPTIMO', 'IMPECABLE', 'CUIDADAS', 'RECOGIDO', 'MUY_TARDE', 'IMPECABLE', 1, 1, 1, 'OCASIONAL', NULL, NULL, 1),
(159, 45, 17, NULL, '2026-05-22', 'TEMPRANO', NULL, 'PENDIENTE', 'TEMPRANO', 1, 1, 'OPTIMO', 'IMPECABLE', 'CUIDADAS', 'MONO', 'TARDE', 'IMPECABLE', 1, 1, 1, 'OCASIONAL', NULL, NULL, 1),
(160, 57, 13, NULL, '2026-05-22', 'TEMPRANO', NULL, 'PENDIENTE', 'TEMPRANO', 1, 1, 'OPTIMO', 'IMPECABLE', 'CUIDADAS', 'MONO', NULL, NULL, NULL, NULL, NULL, NULL, NULL, NULL, 1),
(161, 22, 17, NULL, '2026-05-21', 'TEMPRANO', NULL, 'PENDIENTE', 'TEMPRANO', 1, 1, 'ACEPTABLE', 'IMPECABLE', 'CUIDADAS', 'MONO', 'MUY_TARDE', NULL, 1, 1, 1, 'OCASIONAL', NULL, 'limpio sus anaqueles', 1),
(162, 22, 17, NULL, '2026-05-16', 'TEMPRANO', NULL, 'PENDIENTE', 'TEMPRANO', 1, 1, 'ACEPTABLE', 'IMPECABLE', 'ACEPTABLES', 'MONO', 'MUY_TARDE', 'IMPECABLE', 1, 1, 1, 'OCASIONAL', 'EXCELENTE', 'MUY ORDENADA', 2),
(163, 17, 54, NULL, '2026-05-16', 'TEMPRANO', NULL, 'PENDIENTE', 'TEMPRANO', 1, 1, 'OPTIMO', 'IMPECABLE', 'CUIDADAS', 'RECOGIDO', 'MUY_TARDE', 'IMPECABLE', 1, 1, 1, 'OCASIONAL', 'BUENO', '..........', 1),
(164, 17, 54, NULL, '2026-05-14', 'TEMPRANO', NULL, 'PENDIENTE', 'TEMPRANO', 1, 1, 'OPTIMO', 'IMPECABLE', 'CUIDADAS', 'RECOGIDO', 'MUY_TARDE', 'IMPECABLE', 1, 1, 1, 'OCASIONAL', 'BUENO', '..............', 1),
(165, 17, 54, NULL, '2026-05-13', 'TEMPRANO', NULL, 'PENDIENTE', 'TEMPRANO', 1, 1, 'OPTIMO', 'IMPECABLE', 'CUIDADAS', 'RECOGIDO', 'MUY_TARDE', 'PRESENTABLE', 1, 1, 1, 'OCASIONAL', 'BUENO', '.....', 2),
(166, 17, 54, NULL, '2026-05-12', 'TEMPRANO', NULL, 'PENDIENTE', 'TEMPRANO', 1, 1, 'OPTIMO', 'PRESENTABLE', 'CUIDADAS', 'RECOGIDO', 'MUY_TARDE', 'PRESENTABLE', 1, 1, 1, 'OCASIONAL', 'BUENO', '.................', 2),
(167, 4, 17, NULL, '2026-05-17', 'TEMPRANO', NULL, 'PENDIENTE', 'TEMPRANO', 1, 1, 'OPTIMO', 'IMPECABLE', 'CUIDADAS', 'MONO', NULL, NULL, NULL, NULL, NULL, NULL, NULL, NULL, 2),
(168, 5, 17, NULL, '2026-05-22', 'TEMPRANO', NULL, 'PENDIENTE', 'TEMPRANO', 1, 1, 'ACEPTABLE', 'PRESENTABLE', 'CUIDADAS', 'MONO', 'MUY_TARDE', 'IMPECABLE', 1, 1, 1, 'OCASIONAL', 'BUENO', NULL, 1),
(169, 5, 17, NULL, '2026-05-20', 'TEMPRANO', NULL, 'PENDIENTE', 'TEMPRANO', 1, 1, 'ACEPTABLE', 'PRESENTABLE', 'CUIDADAS', 'MONO', 'MUY_TARDE', 'PRESENTABLE', 1, 1, 1, 'OCASIONAL', 'BUENO', NULL, 2),
(170, 54, 17, NULL, '2026-05-11', 'TEMPRANO', NULL, 'PENDIENTE', 'TEMPRANO', 1, 1, 'OPTIMO', 'IMPECABLE', 'CUIDADAS', 'RECOGIDO', 'TARDE', 'IMPECABLE', 1, 1, 1, 'OCASIONAL', NULL, NULL, 2),
(171, 4, 22, NULL, '2026-05-19', 'TEMPRANO', NULL, 'PENDIENTE', 'TEMPRANO', 1, 1, 'OPTIMO', 'IMPECABLE', NULL, 'MONO', 'TARDE', 'IMPECABLE', 1, 1, 1, 'OCASIONAL', 'EXCELENTE', 'bien presentble,empeñosa', 2),
(172, 54, 17, NULL, '2026-05-12', 'TEMPRANO', NULL, 'PENDIENTE', 'TEMPRANO', 1, 1, 'OPTIMO', 'IMPECABLE', 'CUIDADAS', 'RECOGIDO', 'TARDE', 'IMPECABLE', 1, 1, 1, 'OCASIONAL', 'EXCELENTE', NULL, 1),
(173, 5, 54, NULL, '2026-05-14', 'TEMPRANO', NULL, 'PENDIENTE', 'TEMPRANO', 1, 1, 'ACEPTABLE', 'PRESENTABLE', 'CUIDADAS', 'MONO', 'MUY_TARDE', 'PRESENTABLE', 1, 1, 1, 'OCASIONAL', 'BUENO', NULL, 2),
(174, 5, 54, NULL, '2026-05-13', 'TEMPRANO', NULL, 'PENDIENTE', 'TEMPRANO', 1, 1, 'OPTIMO', 'IMPECABLE', 'CUIDADAS', 'MONO', 'MUY_TARDE', 'PRESENTABLE', 1, 1, 1, 'OCASIONAL', 'BUENO', NULL, 1),
(175, 5, 54, NULL, '2026-05-14', 'TEMPRANO', NULL, 'PENDIENTE', 'TEMPRANO', 1, 1, 'OPTIMO', 'IMPECABLE', 'CUIDADAS', 'MONO', 'MUY_TARDE', 'PRESENTABLE', 1, 1, 1, 'OCASIONAL', 'BUENO', NULL, 1),
(176, 54, 17, NULL, '2026-05-14', 'TEMPRANO', NULL, 'PENDIENTE', 'TEMPRANO', 1, 1, 'OPTIMO', 'IMPECABLE', 'CUIDADAS', 'RECOGIDO', 'MUY_TARDE', 'IMPECABLE', 1, 1, 1, 'OCASIONAL', 'EXCELENTE', NULL, 2),
(177, 54, 5, NULL, '2026-05-22', 'TEMPRANO', NULL, 'PENDIENTE', 'TEMPRANO', 1, 1, 'ACEPTABLE', 'PRESENTABLE', 'CUIDADAS', 'RECOGIDO', NULL, NULL, NULL, NULL, NULL, NULL, NULL, NULL, 2),
(178, 4, 5, NULL, '2026-05-21', 'TEMPRANO', NULL, 'PENDIENTE', 'TEMPRANO', 1, 1, 'OPTIMO', 'IMPECABLE', 'CUIDADAS', 'RECOGIDO', NULL, NULL, NULL, NULL, NULL, NULL, NULL, NULL, 1),
(179, 4, 5, NULL, '2026-05-22', 'TEMPRANO', NULL, 'PENDIENTE', 'TEMPRANO', 1, 1, 'ACEPTABLE', 'PRESENTABLE', 'CUIDADAS', 'RECOGIDO', NULL, NULL, NULL, NULL, NULL, NULL, NULL, NULL, 2),
(180, 54, 17, NULL, '2026-05-15', 'TEMPRANO', NULL, 'PENDIENTE', 'TEMPRANO', 1, 1, 'OPTIMO', 'IMPECABLE', 'CUIDADAS', 'RECOGIDO', 'TARDE', 'IMPECABLE', 1, 1, 1, 'OCASIONAL', NULL, NULL, 2),
(181, 5, 17, NULL, '2026-05-22', 'TEMPRANO', NULL, 'PENDIENTE', 'TEMPRANO', 1, 1, 'ACEPTABLE', 'PRESENTABLE', 'CUIDADAS', 'MONO', 'MUY_TARDE', 'PRESENTABLE', 1, 1, 1, 'OCASIONAL', 'BUENO', NULL, 2),
(182, 5, 17, NULL, '2026-05-19', 'TEMPRANO', NULL, 'PENDIENTE', 'TEMPRANO', 1, 1, 'OPTIMO', 'IMPECABLE', 'CUIDADAS', 'MONO', 'MUY_TARDE', 'PRESENTABLE', 1, 1, 1, 'OCASIONAL', 'BUENO', NULL, 2),
(183, 5, 17, NULL, '2026-05-18', 'TEMPRANO', NULL, 'PENDIENTE', 'TEMPRANO', 1, 1, 'ACEPTABLE', 'PRESENTABLE', 'CUIDADAS', 'MONO', 'MUY_TARDE', 'PRESENTABLE', 1, 1, 1, 'OCASIONAL', 'BUENO', NULL, 1),
(184, 54, 17, NULL, '2026-05-16', 'TEMPRANO', NULL, 'PENDIENTE', 'TEMPRANO', 1, 1, 'OPTIMO', 'IMPECABLE', 'CUIDADAS', 'RECOGIDO', 'TARDE', 'IMPECABLE', 1, 1, 1, 'OCASIONAL', 'EXCELENTE', NULL, 2),
(185, 4, 5, NULL, '2026-05-21', 'TEMPRANO', NULL, 'PENDIENTE', 'TEMPRANO', 1, 1, 'ACEPTABLE', 'PRESENTABLE', 'CUIDADAS', 'RECOGIDO', NULL, NULL, NULL, NULL, NULL, NULL, NULL, NULL, 2),
(186, 54, 17, NULL, '2026-05-16', 'TEMPRANO', NULL, 'PENDIENTE', 'TEMPRANO', 1, 1, 'OPTIMO', NULL, 'CUIDADAS', 'RECOGIDO', 'TARDE', 'IMPECABLE', 1, 1, 1, 'OCASIONAL', NULL, NULL, 1),
(187, 54, 17, NULL, '2026-05-17', 'TEMPRANO', NULL, 'PENDIENTE', 'TEMPRANO', 1, 1, 'OPTIMO', 'IMPECABLE', 'CUIDADAS', 'RECOGIDO', 'TARDE', 'IMPECABLE', 1, 1, 1, 'OCASIONAL', 'EXCELENTE', NULL, 2),
(188, 54, 17, NULL, '2026-05-18', 'TEMPRANO', NULL, 'PENDIENTE', 'TEMPRANO', 1, 1, 'OPTIMO', 'IMPECABLE', 'CUIDADAS', 'RECOGIDO', 'MUY_TARDE', 'IMPECABLE', 1, 1, 1, 'OCASIONAL', 'EXCELENTE', NULL, 1),
(189, 53, 22, NULL, '2026-05-21', 'TEMPRANO', NULL, 'PENDIENTE', 'TEMPRANO', 1, 1, 'OPTIMO', 'IMPECABLE', 'CUIDADAS', 'MONO', NULL, NULL, NULL, NULL, NULL, NULL, NULL, 'presentable', 1),
(190, 5, 17, NULL, '2026-05-15', 'TEMPRANO', NULL, 'PENDIENTE', 'TEMPRANO', 1, 1, 'ACEPTABLE', 'PRESENTABLE', 'CUIDADAS', 'MONO', 'MUY_TARDE', 'PRESENTABLE', 1, NULL, 1, 'OCASIONAL', 'BUENO', NULL, 2),
(191, 5, 17, NULL, '2026-05-15', 'TEMPRANO', NULL, 'PENDIENTE', 'TEMPRANO', 1, 1, 'ACEPTABLE', 'PRESENTABLE', 'CUIDADAS', 'MONO', 'MUY_TARDE', 'PRESENTABLE', 1, 1, 1, 'OCASIONAL', 'BUENO', NULL, 1),
(192, 11, 5, NULL, '2026-05-22', 'TEMPRANO', NULL, 'PENDIENTE', 'TEMPRANO', 1, 1, 'OPTIMO', 'IMPECABLE', 'CUIDADAS', 'RECOGIDO', 'MUY_TARDE', 'PRESENTABLE', 1, 1, 1, 'OCASIONAL', 'BUENO', 'buena trabajadora excelente', 1),
(193, 13, 73, NULL, '2026-05-22', 'TEMPRANO', NULL, 'PENDIENTE', 'TEMPRANO', 1, 1, 'OPTIMO', 'IMPECABLE', 'CUIDADAS', 'MONO', NULL, NULL, NULL, NULL, NULL, NULL, NULL, 'buena trabajadora', 1),
(194, 71, 13, NULL, '2026-05-22', 'TEMPRANO', NULL, 'PENDIENTE', 'TEMPRANO', 1, 1, 'OPTIMO', 'IMPECABLE', 'CUIDADAS', 'RECOGIDO', NULL, NULL, NULL, NULL, NULL, NULL, NULL, NULL, 2),
(195, 57, 69, NULL, '2026-05-22', 'TEMPRANO', NULL, 'PENDIENTE', 'TEMPRANO', 1, 1, 'OPTIMO', 'IMPECABLE', 'CUIDADAS', 'MONO', NULL, NULL, NULL, NULL, NULL, NULL, NULL, NULL, 2),
(196, 69, 57, NULL, '2026-05-22', 'TEMPRANO', NULL, 'PENDIENTE', 'TEMPRANO', 1, 1, 'OPTIMO', 'IMPECABLE', 'CUIDADAS', 'MONO', NULL, NULL, NULL, NULL, NULL, NULL, NULL, NULL, 2),
(197, 61, 70, NULL, '2026-05-22', 'TEMPRANO', NULL, 'PENDIENTE', 'TEMPRANO', 1, 1, 'OPTIMO', 'IMPECABLE', 'CUIDADAS', 'MONO', 'MUY_TARDE', 'PRESENTABLE', 1, 0, 1, 'OCASIONAL', 'BUENO', NULL, 2),
(198, 4, 57, NULL, '2026-05-18', 'TEMPRANO', NULL, 'PENDIENTE', 'TEMPRANO', 1, 1, 'OPTIMO', 'IMPECABLE', 'CUIDADAS', 'MONO', NULL, NULL, NULL, NULL, NULL, NULL, NULL, NULL, 2),
(199, 5, 17, NULL, '2026-05-16', 'TEMPRANO', NULL, 'PENDIENTE', 'TEMPRANO', 1, 1, 'ACEPTABLE', 'PRESENTABLE', 'CUIDADAS', 'MONO', 'MUY_TARDE', 'PRESENTABLE', 1, 1, 1, NULL, 'BUENO', NULL, 2),
(200, 5, 17, NULL, '2026-05-16', 'TARDE', NULL, 'PENDIENTE', 'MUY_TARDE', 1, 1, 'ACEPTABLE', 'PRESENTABLE', 'CUIDADAS', 'MONO', 'MUY_TARDE', 'PRESENTABLE', 1, 1, 1, 'OCASIONAL', 'BUENO', NULL, 1),
(201, 5, 17, NULL, '2026-05-18', 'TEMPRANO', NULL, 'PENDIENTE', 'TEMPRANO', 1, 1, 'ACEPTABLE', 'PRESENTABLE', 'CUIDADAS', 'MONO', 'MUY_TARDE', 'PRESENTABLE', 1, 1, 1, 'OCASIONAL', 'BUENO', NULL, 2),
(202, 17, 5, NULL, '2026-05-23', 'TEMPRANO', NULL, 'PENDIENTE', 'TEMPRANO', 1, 1, 'OPTIMO', 'IMPECABLE', 'CUIDADAS', 'RECOGIDO', 'MUY_TARDE', 'PRESENTABLE', 1, 1, 1, 'OCASIONAL', 'BUENO', NULL, 1),
(203, 55, 11, NULL, '2026-05-23', 'TARDE', NULL, 'PENDIENTE', 'TARDE', 1, 1, 'ACEPTABLE', 'PRESENTABLE', 'ACEPTABLES', 'RECOGIDO', NULL, NULL, NULL, NULL, NULL, NULL, NULL, 'El celularrr!!!', 1),
(204, 56, 71, NULL, '2026-05-23', 'EXTRA', NULL, 'PENDIENTE', 'MUY_TEMPRANO', 1, 1, 'OPTIMO', 'IMPECABLE', 'CUIDADAS', 'MONO', NULL, NULL, NULL, NULL, NULL, NULL, NULL, NULL, 1),
(205, 71, 56, NULL, '2026-05-23', 'TARDE', NULL, 'PENDIENTE', 'TARDE', 1, 1, 'OPTIMO', 'IMPECABLE', 'CUIDADAS', 'MONO', NULL, NULL, NULL, NULL, NULL, NULL, NULL, NULL, 1),
(206, 11, 59, NULL, '2026-05-22', 'TEMPRANO', NULL, 'PENDIENTE', 'TEMPRANO', 1, 1, 'OPTIMO', 'IMPECABLE', 'CUIDADAS', 'RECOGIDO', 'MUY_TARDE', 'IMPECABLE', 1, 1, 1, 'OCASIONAL', 'EXCELENTE', NULL, 2),
(207, 11, 59, NULL, '2026-05-18', 'TEMPRANO', NULL, 'PENDIENTE', 'TEMPRANO', 1, 1, 'OPTIMO', 'IMPECABLE', 'CUIDADAS', 'RECOGIDO', 'TARDE', 'IMPECABLE', 1, 1, 1, 'OCASIONAL', 'EXCELENTE', NULL, 2),
(208, 54, 57, NULL, '2026-05-23', 'TEMPRANO', NULL, 'PENDIENTE', 'TEMPRANO', 1, 1, 'OPTIMO', 'IMPECABLE', 'CUIDADAS', 'RECOGIDO', NULL, NULL, NULL, NULL, NULL, NULL, NULL, NULL, 1),
(209, 60, 5, NULL, '2026-05-22', 'TEMPRANO', NULL, 'PENDIENTE', 'TEMPRANO', 1, 1, 'ACEPTABLE', 'PRESENTABLE', 'CUIDADAS', 'MONO', 'TEMPRANO', 'PRESENTABLE', 1, 1, 1, 'OCASIONAL', 'BUENO', NULL, 2),
(210, 5, 17, NULL, '2026-05-23', 'TEMPRANO', NULL, 'PENDIENTE', 'TEMPRANO', 1, 1, 'ACEPTABLE', 'PRESENTABLE', 'CUIDADAS', 'MONO', 'MUY_TARDE', 'PRESENTABLE', 1, 1, 1, 'OCASIONAL', 'BUENO', NULL, 1),
(211, 45, 70, NULL, '2026-05-23', 'TEMPRANO', NULL, 'PENDIENTE', 'TEMPRANO', 1, 1, 'OPTIMO', 'PRESENTABLE', 'CUIDADAS', 'MONO', NULL, NULL, NULL, NULL, NULL, NULL, NULL, NULL, 2),
(212, 69, 56, NULL, '2026-05-23', 'TEMPRANO', NULL, 'PENDIENTE', 'TEMPRANO', 1, 1, 'OPTIMO', 'IMPECABLE', 'CUIDADAS', 'MONO', NULL, NULL, NULL, NULL, NULL, NULL, NULL, NULL, 2),
(213, 22, 59, NULL, '2026-05-23', 'TEMPRANO', NULL, 'PENDIENTE', 'TEMPRANO', 1, 1, 'OPTIMO', 'IMPECABLE', 'CUIDADAS', 'MONO', 'TARDE', 'IMPECABLE', 1, 1, 1, 'OCASIONAL', 'EXCELENTE', NULL, 2),
(214, 56, 69, NULL, '2026-05-23', 'EXTRA', NULL, 'PENDIENTE', 'MUY_TEMPRANO', 1, 1, 'OPTIMO', 'IMPECABLE', 'CUIDADAS', 'MONO', NULL, NULL, NULL, NULL, NULL, NULL, NULL, NULL, 2),
(215, 70, 45, NULL, '2026-05-23', 'TEMPRANO', NULL, 'PENDIENTE', 'TEMPRANO', 1, 1, 'OPTIMO', 'IMPECABLE', 'CUIDADAS', 'MONO', NULL, NULL, NULL, NULL, NULL, NULL, NULL, NULL, 2),
(216, 53, 57, NULL, '2026-05-24', 'TEMPRANO', NULL, 'PENDIENTE', 'TEMPRANO', 1, 1, 'OPTIMO', 'IMPECABLE', 'CUIDADAS', 'MONO', NULL, NULL, NULL, NULL, NULL, NULL, NULL, NULL, 1),
(217, 53, 57, NULL, '2026-05-23', 'TEMPRANO', NULL, 'PENDIENTE', 'TEMPRANO', 1, 1, 'OPTIMO', 'IMPECABLE', 'CUIDADAS', 'MONO', NULL, NULL, NULL, NULL, NULL, NULL, NULL, NULL, 2),
(218, 54, 57, NULL, '2026-05-24', 'TEMPRANO', NULL, 'PENDIENTE', 'TEMPRANO', 1, 1, 'OPTIMO', 'IMPECABLE', 'CUIDADAS', 'MONO', NULL, NULL, NULL, NULL, NULL, NULL, NULL, NULL, 1),
(219, 45, 53, NULL, '2026-05-24', 'TEMPRANO', NULL, 'PENDIENTE', 'TEMPRANO', 1, 1, 'OPTIMO', 'IMPECABLE', 'CUIDADAS', 'MONO', NULL, NULL, NULL, NULL, NULL, NULL, NULL, NULL, 1),
(220, 57, 17, NULL, '2026-05-24', 'TEMPRANO', NULL, 'PENDIENTE', 'TEMPRANO', 1, 1, 'OPTIMO', 'IMPECABLE', 'CUIDADAS', 'MONO', 'MUY_TARDE', 'IMPECABLE', 1, 1, 1, 'OCASIONAL', 'EXCELENTE', '.................', 1),
(221, 57, 54, NULL, '2026-05-24', 'TEMPRANO', NULL, 'PENDIENTE', 'TEMPRANO', 1, 1, 'OPTIMO', 'IMPECABLE', 'CUIDADAS', 'MONO', NULL, NULL, NULL, NULL, NULL, NULL, NULL, '..................', 2),
(222, 57, 54, NULL, '2026-05-23', 'TEMPRANO', NULL, 'PENDIENTE', 'TEMPRANO', 1, 1, 'OPTIMO', 'IMPECABLE', 'CUIDADAS', 'MONO', NULL, NULL, NULL, NULL, NULL, NULL, NULL, '.............', 1),
(223, 57, 54, NULL, '2026-05-16', 'TEMPRANO', NULL, 'PENDIENTE', 'TEMPRANO', 1, 1, 'OPTIMO', 'IMPECABLE', 'CUIDADAS', 'MONO', NULL, NULL, NULL, NULL, NULL, NULL, NULL, '..............', 1),
(224, 22, 56, NULL, '2026-05-24', 'TEMPRANO', NULL, 'PENDIENTE', 'TEMPRANO', 1, 1, 'OPTIMO', 'IMPECABLE', 'CUIDADAS', 'MONO', NULL, NULL, NULL, NULL, NULL, NULL, NULL, NULL, 1),
(225, 56, 22, NULL, '2026-05-24', 'TEMPRANO', NULL, 'PENDIENTE', 'TEMPRANO', 1, 1, 'OPTIMO', 'IMPECABLE', NULL, 'MONO', NULL, NULL, NULL, NULL, NULL, NULL, NULL, 'muy atenta con los clientes,amable.', 1),
(226, 57, 54, NULL, '2026-05-11', 'TEMPRANO', NULL, 'PENDIENTE', 'TEMPRANO', 1, 1, 'OPTIMO', 'IMPECABLE', 'CUIDADAS', 'MONO', NULL, NULL, NULL, NULL, NULL, NULL, NULL, NULL, 1),
(227, 57, 54, NULL, '2026-05-14', 'TEMPRANO', NULL, 'PENDIENTE', 'TEMPRANO', 1, 1, 'OPTIMO', 'IMPECABLE', 'CUIDADAS', 'MONO', NULL, NULL, NULL, NULL, NULL, NULL, NULL, NULL, 2),
(228, 45, 57, NULL, '2026-05-24', 'EXTRA', NULL, 'PENDIENTE', 'MUY_TEMPRANO', 1, 1, 'OPTIMO', 'IMPECABLE', 'CUIDADAS', 'MONO', NULL, NULL, NULL, NULL, NULL, NULL, NULL, NULL, 2),
(229, 13, 56, NULL, '2026-05-24', 'TEMPRANO', NULL, 'PENDIENTE', 'TEMPRANO', 1, 1, 'OPTIMO', 'IMPECABLE', NULL, 'RECOGIDO', NULL, NULL, NULL, NULL, NULL, NULL, NULL, NULL, 2),
(230, 56, 13, NULL, '2026-05-24', 'TEMPRANO', NULL, 'PENDIENTE', 'TEMPRANO', 1, 0, 'OPTIMO', 'IMPECABLE', 'CUIDADAS', 'MONO', NULL, NULL, NULL, NULL, NULL, NULL, NULL, NULL, 2),
(231, 54, 57, NULL, '2026-05-24', 'EXTRA', NULL, 'PENDIENTE', 'MUY_TEMPRANO', 1, 1, 'OPTIMO', 'IMPECABLE', 'CUIDADAS', 'RECOGIDO', NULL, NULL, NULL, NULL, NULL, NULL, NULL, NULL, 2),
(232, 73, 57, NULL, '2026-05-24', 'TEMPRANO', NULL, 'PENDIENTE', 'TEMPRANO', 1, 1, 'OPTIMO', 'IMPECABLE', 'CUIDADAS', 'MONO', NULL, NULL, NULL, NULL, NULL, NULL, NULL, NULL, 1),
(233, 17, 5, NULL, '2026-05-24', 'TEMPRANO', NULL, 'PENDIENTE', 'TEMPRANO', 1, 1, 'OPTIMO', 'IMPECABLE', 'CUIDADAS', 'RECOGIDO', 'MUY_TARDE', 'PRESENTABLE', 1, 1, 1, 'OCASIONAL', 'BUENO', NULL, 2),
(234, 55, 73, NULL, '2026-05-25', 'EXTRA', NULL, 'PENDIENTE', 'MUY_TEMPRANO', 1, 1, 'OPTIMO', 'IMPECABLE', 'CUIDADAS', 'RECOGIDO', NULL, NULL, NULL, NULL, NULL, NULL, NULL, 'excelente compalera', 1),
(235, 73, 55, NULL, '2026-05-25', 'TEMPRANO', NULL, 'PENDIENTE', 'TEMPRANO', 1, 1, 'OPTIMO', 'IMPECABLE', 'CUIDADAS', 'MONO', NULL, NULL, NULL, NULL, NULL, NULL, NULL, 'Execelente compañera', 1),
(236, 13, 71, NULL, '2026-05-25', 'A TIEMPO', NULL, 'PENDIENTE', NULL, NULL, NULL, 'OPTIMO', 'IMPECABLE', 'ACEPTABLES', 'MONO', NULL, NULL, NULL, NULL, NULL, NULL, NULL, NULL, 1),
(237, 71, 13, NULL, '2026-05-25', 'TARDE', NULL, 'PENDIENTE', 'TARDE', 1, 1, 'OPTIMO', 'PRESENTABLE', 'CUIDADAS', 'MONO', NULL, NULL, NULL, NULL, NULL, NULL, NULL, NULL, 1),
(238, 5, 17, NULL, '2026-05-25', 'TEMPRANO', NULL, 'PENDIENTE', 'TEMPRANO', 1, 1, 'ACEPTABLE', 'PRESENTABLE', 'CUIDADAS', 'MONO', 'MUY_TARDE', 'PRESENTABLE', 1, 1, 1, 'OCASIONAL', 'BUENO', NULL, 1),
(239, 5, 17, NULL, '2026-05-25', 'TEMPRANO', NULL, 'PENDIENTE', 'TEMPRANO', 1, 1, 'ACEPTABLE', 'PRESENTABLE', 'CUIDADAS', 'MONO', 'MUY_TARDE', 'PRESENTABLE', 1, 1, 1, 'OCASIONAL', 'BUENO', NULL, 2),
(240, 5, 17, NULL, '2026-05-23', 'TEMPRANO', NULL, 'PENDIENTE', 'TEMPRANO', 1, 1, 'ACEPTABLE', 'PRESENTABLE', 'CUIDADAS', 'MONO', 'MUY_TARDE', 'PRESENTABLE', 1, 1, 1, 'OCASIONAL', 'BUENO', NULL, 2),
(241, 45, 54, NULL, '2026-05-25', 'TEMPRANO', NULL, 'PENDIENTE', 'TEMPRANO', 1, 1, 'OPTIMO', 'IMPECABLE', 'CUIDADAS', 'MONO', NULL, NULL, NULL, NULL, NULL, NULL, NULL, '..........', 1),
(242, 57, 54, NULL, '2026-05-25', 'TARDE', NULL, 'PENDIENTE', 'MUY_TARDE', 1, 1, 'OPTIMO', NULL, 'CUIDADAS', 'MONO', NULL, NULL, NULL, NULL, NULL, NULL, NULL, '..........', 1),
(243, 69, 54, NULL, '2026-05-25', 'TEMPRANO', NULL, 'PENDIENTE', 'TEMPRANO', 1, 1, 'OPTIMO', 'IMPECABLE', 'CUIDADAS', 'MONO', NULL, NULL, NULL, NULL, NULL, NULL, NULL, '..........', 1),
(244, 54, 45, NULL, '2026-05-25', 'TEMPRANO', NULL, 'PENDIENTE', 'TEMPRANO', 1, 1, 'OPTIMO', 'IMPECABLE', 'CUIDADAS', 'MONO', NULL, NULL, NULL, NULL, NULL, NULL, NULL, NULL, 1),
(245, 22, 57, NULL, '2026-05-25', 'TEMPRANO', NULL, 'PENDIENTE', 'TEMPRANO', 1, 1, 'OPTIMO', 'IMPECABLE', 'CUIDADAS', 'MONO', NULL, NULL, NULL, NULL, NULL, NULL, NULL, NULL, 1),
(246, 53, 57, NULL, '2026-05-25', 'TEMPRANO', NULL, 'PENDIENTE', 'TEMPRANO', 1, 1, 'OPTIMO', 'IMPECABLE', 'CUIDADAS', 'MONO', NULL, NULL, NULL, NULL, NULL, NULL, NULL, NULL, 2),
(247, 53, 57, NULL, '2026-05-20', 'TEMPRANO', NULL, 'PENDIENTE', 'TEMPRANO', 1, 1, 'OPTIMO', 'IMPECABLE', 'CUIDADAS', 'MONO', NULL, NULL, NULL, NULL, NULL, NULL, NULL, NULL, 2),
(248, 57, 53, NULL, '2026-05-25', 'TEMPRANO', NULL, 'PENDIENTE', 'TEMPRANO', 1, 1, 'OPTIMO', 'IMPECABLE', 'CUIDADAS', 'MONO', NULL, NULL, NULL, NULL, NULL, NULL, NULL, NULL, 2),
(249, 56, 71, NULL, '2026-05-25', 'EXTRA', NULL, 'PENDIENTE', 'MUY_TEMPRANO', 1, 1, 'OPTIMO', 'IMPECABLE', 'CUIDADAS', 'MONO', NULL, NULL, NULL, NULL, NULL, NULL, NULL, NULL, 2),
(250, 71, 56, NULL, '2026-05-25', 'TEMPRANO', NULL, 'PENDIENTE', 'TEMPRANO', 1, 1, 'OPTIMO', 'IMPECABLE', NULL, 'MONO', NULL, NULL, NULL, NULL, NULL, NULL, NULL, NULL, 2),
(251, 45, 13, NULL, '2026-05-26', 'TEMPRANO', NULL, 'PENDIENTE', 'TEMPRANO', 1, 1, 'OPTIMO', 'IMPECABLE', 'CUIDADAS', 'MONO', NULL, NULL, NULL, NULL, NULL, NULL, NULL, NULL, 1),
(252, 13, 57, NULL, '2026-05-26', 'TEMPRANO', NULL, 'PENDIENTE', 'TEMPRANO', 1, 1, 'OPTIMO', 'IMPECABLE', 'CUIDADAS', 'MONO', NULL, NULL, NULL, NULL, NULL, NULL, NULL, NULL, 1),
(253, 57, 45, NULL, '2026-05-26', 'TEMPRANO', NULL, 'PENDIENTE', 'TEMPRANO', 1, 1, 'OPTIMO', 'IMPECABLE', 'CUIDADAS', 'MONO', NULL, NULL, NULL, NULL, NULL, NULL, NULL, NULL, 1),
(254, 45, 57, NULL, '2026-05-18', 'TEMPRANO', NULL, 'PENDIENTE', 'TEMPRANO', 1, 1, 'OPTIMO', 'IMPECABLE', 'CUIDADAS', 'MONO', NULL, NULL, NULL, NULL, NULL, NULL, NULL, NULL, 1),
(255, 45, 57, NULL, '2026-05-16', 'TEMPRANO', NULL, 'PENDIENTE', 'TEMPRANO', 1, 1, 'OPTIMO', 'IMPECABLE', 'CUIDADAS', 'MONO', NULL, NULL, NULL, NULL, NULL, NULL, NULL, NULL, 2),
(256, 45, 57, NULL, '2026-05-12', 'TEMPRANO', NULL, 'PENDIENTE', 'TEMPRANO', 1, 1, 'OPTIMO', 'IMPECABLE', 'CUIDADAS', 'MONO', NULL, NULL, NULL, NULL, NULL, NULL, NULL, NULL, 1),
(257, 45, 57, NULL, '2026-05-11', 'TEMPRANO', NULL, 'PENDIENTE', 'TEMPRANO', 1, 1, 'OPTIMO', 'IMPECABLE', 'CUIDADAS', 'MONO', NULL, NULL, NULL, NULL, NULL, NULL, NULL, NULL, 1),
(258, 13, 57, NULL, '2026-05-23', 'TEMPRANO', NULL, 'PENDIENTE', 'TEMPRANO', 1, 1, 'OPTIMO', 'IMPECABLE', 'CUIDADAS', 'MONO', NULL, NULL, NULL, NULL, NULL, NULL, NULL, NULL, 1),
(259, 13, 57, NULL, '2026-05-22', 'TEMPRANO', NULL, 'PENDIENTE', 'TEMPRANO', 1, 1, 'OPTIMO', 'IMPECABLE', 'CUIDADAS', 'MONO', NULL, NULL, NULL, NULL, NULL, NULL, NULL, NULL, 2),
(260, 13, 57, NULL, '2026-05-15', 'TEMPRANO', NULL, 'PENDIENTE', 'TEMPRANO', 1, 1, 'OPTIMO', 'IMPECABLE', 'CUIDADAS', 'MONO', NULL, NULL, NULL, NULL, NULL, NULL, NULL, NULL, 2),
(261, 13, 57, NULL, '2026-05-13', 'TEMPRANO', NULL, 'PENDIENTE', 'TEMPRANO', 1, 1, 'OPTIMO', 'IMPECABLE', 'CUIDADAS', 'MONO', NULL, NULL, NULL, NULL, NULL, NULL, NULL, NULL, 1),
(262, 13, 57, NULL, '2026-05-12', 'TEMPRANO', NULL, 'PENDIENTE', 'TEMPRANO', 1, 1, 'OPTIMO', 'IMPECABLE', 'CUIDADAS', 'MONO', NULL, NULL, NULL, NULL, NULL, NULL, NULL, NULL, 1),
(263, 13, 57, NULL, '2026-05-11', 'TEMPRANO', NULL, 'PENDIENTE', 'TEMPRANO', 1, 1, 'OPTIMO', 'IMPECABLE', 'CUIDADAS', 'MONO', NULL, NULL, NULL, NULL, NULL, NULL, NULL, NULL, 1),
(264, 53, 22, NULL, '2026-05-26', 'TEMPRANO', NULL, 'PENDIENTE', 'TEMPRANO', 1, 1, 'OPTIMO', 'IMPECABLE', 'CUIDADAS', 'MONO', NULL, NULL, NULL, NULL, NULL, NULL, NULL, 'presentable,amable con los clientes', 1),
(265, 22, 53, NULL, '2026-05-26', 'TEMPRANO', NULL, 'PENDIENTE', 'TEMPRANO', 1, 1, 'OPTIMO', 'IMPECABLE', 'CUIDADAS', 'MONO', NULL, NULL, NULL, NULL, NULL, NULL, NULL, NULL, 1),
(266, 55, 73, NULL, '2026-05-26', 'TEMPRANO', NULL, 'PENDIENTE', 'TEMPRANO', 1, 1, 'OPTIMO', 'IMPECABLE', 'CUIDADAS', 'RECOGIDO', NULL, NULL, NULL, NULL, NULL, NULL, NULL, 'excelente compañera', 1),
(267, 73, 55, NULL, '2026-05-26', 'A TIEMPO', NULL, 'PENDIENTE', NULL, NULL, NULL, NULL, NULL, NULL, NULL, 'TEMPRANO', 'IMPECABLE', 1, 1, 1, 'OCASIONAL', 'BUENO', 'Excelente conpañera', 1),
(268, 10, 57, NULL, '2026-05-26', 'TEMPRANO', NULL, 'PENDIENTE', 'TEMPRANO', 1, 1, 'OPTIMO', 'IMPECABLE', 'CUIDADAS', 'MONO', NULL, NULL, NULL, NULL, NULL, NULL, NULL, NULL, 1),
(269, 10, 57, NULL, '2026-05-26', 'EXTRA', NULL, 'PENDIENTE', 'MUY_TEMPRANO', 1, 1, 'OPTIMO', 'IMPECABLE', 'CUIDADAS', 'MONO', NULL, NULL, NULL, NULL, NULL, NULL, NULL, NULL, 2),
(270, 11, 5, NULL, '2026-05-26', 'TEMPRANO', NULL, 'PENDIENTE', 'TEMPRANO', 1, 1, 'ACEPTABLE', 'PRESENTABLE', 'CUIDADAS', 'MONO', 'TEMPRANO', 'PRESENTABLE', 1, 1, 1, 'OCASIONAL', 'BUENO', NULL, 2),
(271, 61, 70, NULL, '2026-05-26', 'TEMPRANO', NULL, 'PENDIENTE', 'TEMPRANO', 1, 1, 'ACEPTABLE', 'PRESENTABLE', 'CUIDADAS', 'MONO', 'TEMPRANO', 'PRESENTABLE', 1, 0, 1, 'OCASIONAL', 'BUENO', NULL, 2),
(272, 61, 70, NULL, '2026-05-25', 'TEMPRANO', NULL, 'PENDIENTE', 'TEMPRANO', 1, 1, 'ACEPTABLE', 'PRESENTABLE', 'CUIDADAS', 'MONO', 'MUY_TARDE', 'PRESENTABLE', 1, 0, 1, 'OCASIONAL', 'BUENO', NULL, 2),
(273, 11, 5, NULL, '2026-05-11', 'TEMPRANO', NULL, 'PENDIENTE', 'TEMPRANO', 1, 1, 'ACEPTABLE', 'PRESENTABLE', 'CUIDADAS', 'MONO', 'MUY_TARDE', 'PRESENTABLE', 1, 1, 1, 'OCASIONAL', 'BUENO', NULL, 2),
(274, 11, 5, NULL, '2026-05-12', 'TEMPRANO', NULL, 'PENDIENTE', 'TEMPRANO', 1, 1, 'ACEPTABLE', 'PRESENTABLE', 'CUIDADAS', 'MONO', 'MUY_TARDE', 'PRESENTABLE', 1, 1, 1, 'OCASIONAL', 'BUENO', NULL, 2),
(275, 11, 5, NULL, '2026-05-13', 'TEMPRANO', NULL, 'PENDIENTE', 'TEMPRANO', 1, 1, 'ACEPTABLE', 'PRESENTABLE', 'CUIDADAS', 'MONO', 'MUY_TARDE', 'PRESENTABLE', 1, 1, 1, 'OCASIONAL', 'BUENO', NULL, 2),
(276, 11, 5, NULL, '2026-05-13', 'TEMPRANO', NULL, 'PENDIENTE', 'TEMPRANO', 1, 1, 'ACEPTABLE', 'PRESENTABLE', 'CUIDADAS', 'MONO', 'MUY_TARDE', 'PRESENTABLE', 1, NULL, 1, 'OCASIONAL', 'BUENO', NULL, 1),
(277, 11, 5, NULL, '2026-05-14', 'TEMPRANO', NULL, 'PENDIENTE', 'TEMPRANO', 1, 1, 'ACEPTABLE', 'PRESENTABLE', 'CUIDADAS', 'MONO', 'MUY_TARDE', 'PRESENTABLE', 1, 1, 1, 'OCASIONAL', 'BUENO', NULL, 1);
INSERT INTO `asistencia` (`id_asistencia`, `postulante_id`, `registrado_por_id`, `local_id`, `fecha`, `estado`, `justificacion`, `observacion`, `llegada_puntualidad`, `area_ordenada_ingreso`, `area_limpia_ingreso`, `aseo_personal`, `vestimenta`, `unas`, `cabello`, `salida_puntualidad`, `estado_area_cierre`, `limpieza_area_cierre`, `participo_apertura_cierre`, `area_ordenada_cierre`, `uso_celular`, `calificacion_turno`, `comentarios_ficha`, `turno_id`) VALUES
(278, 11, 5, NULL, '2026-05-15', 'TEMPRANO', NULL, 'PENDIENTE', 'TEMPRANO', 1, 1, 'ACEPTABLE', 'PRESENTABLE', 'CUIDADAS', 'MONO', 'MUY_TARDE', 'PRESENTABLE', 1, 1, 1, 'OCASIONAL', 'BUENO', NULL, 2),
(279, 11, 5, NULL, '2026-05-15', 'TEMPRANO', NULL, 'PENDIENTE', 'TEMPRANO', 1, 1, 'ACEPTABLE', 'PRESENTABLE', 'CUIDADAS', 'MONO', 'MUY_TARDE', 'PRESENTABLE', 1, 1, 1, 'OCASIONAL', 'BUENO', NULL, 1),
(280, 11, 5, NULL, '2026-05-17', 'TEMPRANO', NULL, 'PENDIENTE', 'TEMPRANO', 1, 1, 'ACEPTABLE', 'PRESENTABLE', 'CUIDADAS', 'MONO', 'MUY_TARDE', 'PRESENTABLE', 1, 1, 1, 'OCASIONAL', 'BUENO', NULL, 1),
(281, 11, 5, NULL, '2026-05-19', 'TEMPRANO', NULL, 'PENDIENTE', 'TEMPRANO', 1, 1, 'ACEPTABLE', 'PRESENTABLE', 'CUIDADAS', 'MONO', 'MUY_TARDE', 'PRESENTABLE', 1, 1, 1, 'OCASIONAL', 'BUENO', NULL, 2),
(282, 11, 5, NULL, '2026-05-21', 'TEMPRANO', NULL, 'PENDIENTE', 'TEMPRANO', 1, 1, 'ACEPTABLE', 'PRESENTABLE', 'CUIDADAS', 'MONO', 'TEMPRANO', 'PRESENTABLE', 1, 1, 1, NULL, 'BUENO', NULL, 2),
(283, 11, 5, NULL, '2026-05-23', 'TEMPRANO', NULL, 'PENDIENTE', 'TEMPRANO', 1, 1, 'ACEPTABLE', 'PRESENTABLE', 'CUIDADAS', 'MONO', 'MUY_TARDE', 'PRESENTABLE', 1, 1, 1, 'OCASIONAL', 'BUENO', NULL, 1),
(284, 11, 5, NULL, '2026-05-24', 'TEMPRANO', NULL, 'PENDIENTE', 'TEMPRANO', 1, 1, 'ACEPTABLE', 'PRESENTABLE', 'CUIDADAS', 'MONO', 'MUY_TARDE', 'PRESENTABLE', 1, 1, 1, 'OCASIONAL', 'BUENO', NULL, 1),
(285, 11, 5, NULL, '2026-05-25', 'TEMPRANO', NULL, 'PENDIENTE', 'TEMPRANO', 1, 1, 'ACEPTABLE', 'PRESENTABLE', 'CUIDADAS', 'MONO', 'MUY_TARDE', 'PRESENTABLE', 1, 1, 1, 'OCASIONAL', 'BUENO', NULL, 2),
(286, 5, 60, NULL, '2026-05-26', 'TEMPRANO', NULL, 'PENDIENTE', 'TEMPRANO', 1, 1, 'ACEPTABLE', 'PRESENTABLE', 'CUIDADAS', 'MONO', NULL, NULL, NULL, NULL, NULL, NULL, NULL, NULL, 1),
(287, 57, 10, NULL, '2026-05-26', 'EXTRA', NULL, 'PENDIENTE', 'MUY_TEMPRANO', 1, 1, 'OPTIMO', 'IMPECABLE', 'CUIDADAS', 'MONO', NULL, NULL, NULL, NULL, NULL, NULL, NULL, NULL, 2),
(288, 56, 69, NULL, '2026-05-26', 'EXTRA', NULL, 'PENDIENTE', 'MUY_TEMPRANO', 1, 1, 'OPTIMO', 'IMPECABLE', 'CUIDADAS', 'MONO', NULL, NULL, NULL, NULL, NULL, NULL, NULL, NULL, 2),
(289, 69, 56, NULL, '2026-05-26', 'TEMPRANO', NULL, 'PENDIENTE', 'TEMPRANO', 1, 1, 'OPTIMO', 'IMPECABLE', NULL, 'MONO', NULL, NULL, NULL, NULL, NULL, NULL, NULL, NULL, 2),
(290, 71, 11, NULL, '2026-05-26', 'TEMPRANO', NULL, 'PENDIENTE', 'TEMPRANO', 1, 1, 'OPTIMO', 'IMPECABLE', 'ACEPTABLES', 'MONO', NULL, NULL, NULL, NULL, NULL, NULL, NULL, NULL, 2);

-- --------------------------------------------------------

--
-- Table structure for table `asistencia_checklist`
--

CREATE TABLE `asistencia_checklist` (
  `id_asistencia_checklist` int(11) NOT NULL,
  `asistencia_id` int(11) NOT NULL,
  `checklist_id` int(11) NOT NULL,
  `cumplido` tinyint(1) NOT NULL DEFAULT 0,
  `observacion` text DEFAULT NULL
) ENGINE=InnoDB DEFAULT CHARSET=utf8mb4 COLLATE=utf8mb4_unicode_ci;

--
-- Dumping data for table `asistencia_checklist`
--

INSERT INTO `asistencia_checklist` (`id_asistencia_checklist`, `asistencia_id`, `checklist_id`, `cumplido`, `observacion`) VALUES
(11, 5, 1, 1, NULL),
(12, 5, 2, 1, NULL),
(13, 5, 3, 1, NULL),
(14, 5, 4, 1, NULL),
(15, 5, 5, 1, NULL),
(16, 6, 1, 1, NULL),
(17, 6, 2, 1, NULL),
(18, 6, 3, 1, NULL),
(19, 6, 4, 1, NULL),
(20, 6, 5, 1, NULL),
(31, 9, 1, 1, NULL),
(32, 9, 2, 1, NULL),
(33, 9, 3, 1, NULL),
(34, 9, 4, 1, NULL),
(35, 9, 5, 1, NULL),
(36, 10, 1, 1, NULL),
(37, 10, 2, 1, NULL),
(38, 10, 3, 1, NULL),
(39, 10, 4, 1, NULL),
(40, 10, 5, 1, NULL),
(41, 11, 1, 1, NULL),
(42, 11, 2, 1, NULL),
(43, 11, 3, 1, NULL),
(44, 11, 4, 1, NULL),
(45, 11, 5, 1, NULL),
(46, 12, 1, 1, NULL),
(47, 12, 2, 1, NULL),
(48, 12, 3, 1, NULL),
(49, 12, 4, 1, NULL),
(50, 12, 5, 1, NULL),
(51, 13, 1, 1, NULL),
(52, 13, 2, 1, NULL),
(53, 13, 3, 1, NULL),
(54, 13, 4, 1, NULL),
(55, 13, 5, 1, NULL),
(56, 14, 1, 1, NULL),
(57, 14, 2, 1, NULL),
(58, 14, 3, 1, NULL),
(59, 14, 4, 1, NULL),
(60, 14, 5, 1, NULL),
(61, 15, 1, 1, NULL),
(62, 15, 2, 1, NULL),
(63, 15, 3, 1, NULL),
(64, 15, 4, 1, NULL),
(65, 15, 5, 1, NULL),
(66, 16, 1, 1, NULL),
(67, 16, 2, 1, NULL),
(68, 16, 3, 1, NULL),
(69, 16, 4, 1, NULL),
(70, 16, 5, 1, NULL),
(71, 17, 1, 1, NULL),
(72, 17, 2, 1, NULL),
(73, 17, 3, 1, NULL),
(74, 17, 4, 1, NULL),
(75, 17, 5, 1, NULL),
(76, 18, 1, 1, NULL),
(77, 18, 2, 1, NULL),
(78, 18, 3, 1, NULL),
(79, 18, 4, 1, NULL),
(80, 18, 5, 1, NULL),
(81, 19, 1, 1, NULL),
(82, 19, 2, 1, NULL),
(83, 19, 3, 1, NULL),
(84, 19, 4, 1, NULL),
(85, 19, 5, 1, NULL),
(86, 20, 1, 1, NULL),
(87, 20, 2, 1, NULL),
(88, 20, 3, 1, NULL),
(89, 20, 4, 1, NULL),
(90, 20, 5, 1, NULL),
(91, 21, 1, 1, NULL),
(92, 21, 2, 1, NULL),
(93, 21, 3, 1, NULL),
(94, 21, 4, 1, NULL),
(95, 21, 5, 1, NULL),
(96, 22, 1, 1, NULL),
(97, 22, 2, 1, NULL),
(98, 22, 3, 1, NULL),
(99, 22, 4, 1, NULL),
(100, 22, 5, 1, NULL),
(101, 23, 1, 1, NULL),
(102, 23, 2, 1, NULL),
(103, 23, 3, 1, NULL),
(104, 23, 4, 1, NULL),
(105, 23, 5, 1, NULL),
(106, 24, 1, 1, NULL),
(107, 24, 2, 1, NULL),
(108, 24, 3, 1, NULL),
(109, 24, 4, 1, NULL),
(110, 24, 5, 1, NULL),
(141, 26, 1, 1, NULL),
(142, 26, 2, 1, NULL),
(143, 26, 3, 1, NULL),
(144, 26, 4, 1, NULL),
(145, 26, 5, 1, NULL),
(146, 26, 6, 1, NULL),
(201, 29, 1, 1, NULL),
(202, 29, 2, 1, NULL),
(203, 29, 3, 1, NULL),
(204, 29, 4, 1, NULL),
(205, 29, 5, 1, NULL),
(206, 29, 6, 1, NULL),
(207, 27, 1, 1, NULL),
(208, 27, 2, 1, NULL),
(209, 27, 3, 1, NULL),
(210, 27, 4, 1, NULL),
(211, 27, 5, 1, NULL),
(212, 27, 6, 1, NULL),
(213, 28, 1, 1, NULL),
(214, 28, 2, 1, NULL),
(215, 28, 3, 1, NULL),
(216, 28, 4, 1, NULL),
(217, 28, 5, 1, NULL),
(218, 28, 6, 1, NULL),
(243, 31, 1, 1, NULL),
(244, 31, 2, 1, NULL),
(245, 31, 3, 1, NULL),
(246, 31, 4, 1, NULL),
(247, 31, 5, 1, NULL),
(248, 31, 6, 1, NULL);

-- --------------------------------------------------------

--
-- Table structure for table `auditoria_cuadre`
--

CREATE TABLE `auditoria_cuadre` (
  `id_auditoria` int(11) NOT NULL,
  `sesion_id` int(11) NOT NULL,
  `postulante_id` int(11) NOT NULL,
  `accion` varchar(30) NOT NULL,
  `campo_modificado` varchar(100) DEFAULT NULL,
  `valor_anterior` text DEFAULT NULL,
  `valor_nuevo` text DEFAULT NULL,
  `fecha` timestamp NOT NULL DEFAULT current_timestamp()
) ENGINE=InnoDB DEFAULT CHARSET=utf8mb4 COLLATE=utf8mb4_unicode_ci;

-- --------------------------------------------------------

--
-- Table structure for table `auditoria_sistema`
--

CREATE TABLE `auditoria_sistema` (
  `id_auditoria` int(11) NOT NULL,
  `postulante_id` int(11) NOT NULL,
  `tabla_afectada` varchar(100) NOT NULL,
  `id_registro` int(11) DEFAULT NULL,
  `accion` varchar(30) NOT NULL,
  `descripcion` text DEFAULT NULL,
  `fecha_registro` timestamp NOT NULL DEFAULT current_timestamp()
) ENGINE=InnoDB DEFAULT CHARSET=utf8mb4 COLLATE=utf8mb4_unicode_ci;

-- --------------------------------------------------------

--
-- Table structure for table `caja`
--

CREATE TABLE `caja` (
  `id_caja` int(11) NOT NULL,
  `local_id` int(11) NOT NULL,
  `descripcion` varchar(50) NOT NULL,
  `activo` tinyint(1) NOT NULL DEFAULT 1
) ENGINE=InnoDB DEFAULT CHARSET=utf8mb4 COLLATE=utf8mb4_unicode_ci;

--
-- Dumping data for table `caja`
--

INSERT INTO `caja` (`id_caja`, `local_id`, `descripcion`, `activo`) VALUES
(2, 2, 'SB2', 1),
(3, 3, 'SB3', 1),
(4, 4, 'SB4', 1),
(5, 3, 'SB5', 1),
(6, 2, 'SB6', 1),
(7, 3, 'SB7', 1);

-- --------------------------------------------------------

--
-- Table structure for table `checklist`
--

CREATE TABLE `checklist` (
  `id_checklist` int(11) NOT NULL,
  `descripcion` varchar(150) NOT NULL,
  `tipo` enum('APERTURA','CIERRE') NOT NULL,
  `activo` tinyint(1) NOT NULL DEFAULT 1
) ENGINE=InnoDB DEFAULT CHARSET=utf8mb4 COLLATE=utf8mb4_unicode_ci;

--
-- Dumping data for table `checklist`
--

INSERT INTO `checklist` (`id_checklist`, `descripcion`, `tipo`, `activo`) VALUES
(1, 'Llegó a tiempo', 'APERTURA', 1),
(2, 'Aseo personal conforme (bañado)', 'APERTURA', 1),
(3, 'Chaqueta limpia y planchada', 'APERTURA', 1),
(4, 'Uñas cortas y limpias', 'APERTURA', 1),
(5, 'Cabello recogido', 'APERTURA', 1),
(6, 'Hizo limpieza', 'CIERRE', 1);

-- --------------------------------------------------------

--
-- Table structure for table `concepto_gastos_local`
--

CREATE TABLE `concepto_gastos_local` (
  `id_concepto` int(11) NOT NULL,
  `descripcion` varchar(50) NOT NULL,
  `activo` tinyint(1) NOT NULL DEFAULT 1,
  `fecha_registro` timestamp NULL DEFAULT current_timestamp(),
  `fecha_modificacion` timestamp NULL DEFAULT current_timestamp() ON UPDATE current_timestamp()
) ENGINE=InnoDB DEFAULT CHARSET=utf8mb4 COLLATE=utf8mb4_unicode_ci;

--
-- Dumping data for table `concepto_gastos_local`
--

INSERT INTO `concepto_gastos_local` (`id_concepto`, `descripcion`, `activo`, `fecha_registro`, `fecha_modificacion`) VALUES
(1, 'Alquiler', 1, '2026-05-04 20:58:12', '2026-05-04 20:58:12'),
(2, 'Agua', 1, '2026-05-04 20:58:12', '2026-05-04 20:58:12'),
(3, 'Luz', 1, '2026-05-04 20:58:12', '2026-05-04 20:58:12'),
(4, 'Internet', 1, '2026-05-04 20:58:12', '2026-05-04 20:58:12'),
(5, 'Mantenimiento / Limpieza', 1, '2026-05-04 20:58:12', '2026-05-04 20:58:12'),
(6, 'Arbitrios / Municipalidad', 1, '2026-05-04 20:58:12', '2026-05-04 20:58:12');

-- --------------------------------------------------------

--
-- Table structure for table `concepto_penalidad`
--

CREATE TABLE `concepto_penalidad` (
  `id_concepto` int(11) NOT NULL,
  `tipo` enum('PENALIDAD','BENEFICIO','TARIFA') NOT NULL,
  `descripcion` varchar(200) NOT NULL,
  `monto` decimal(8,2) NOT NULL,
  `activo` tinyint(1) DEFAULT 1,
  `notas` varchar(300) DEFAULT NULL
) ENGINE=InnoDB DEFAULT CHARSET=utf8mb4 COLLATE=utf8mb4_unicode_ci;

--
-- Dumping data for table `concepto_penalidad`
--

INSERT INTO `concepto_penalidad` (`id_concepto`, `tipo`, `descripcion`, `monto`, `activo`, `notas`) VALUES
(1, 'PENALIDAD', 'Ausencia injustificada al turno', -30.00, 1, 'Descuento al trabajador que no se presentó a su turno asignado'),
(2, 'BENEFICIO', 'Bono por cobertura de turno ausente', 20.00, 1, 'Reconocimiento económico al trabajador que cubre el turno'),
(3, 'TARIFA', 'Comisión empresa por cobertura', 10.00, 1, 'Diferencia que retiene la empresa del descuento aplicado'),
(4, 'TARIFA', 'Costo de cambio de horario voluntario', -10.00, 1, 'Descuento al trabajador que solicita cambio de posición');

-- --------------------------------------------------------

--
-- Table structure for table `configuracion_bono`
--

CREATE TABLE `configuracion_bono` (
  `id` int(11) NOT NULL,
  `tipo` enum('VENTAS','OPERACIONES_BCP') NOT NULL,
  `desde` decimal(10,2) NOT NULL,
  `hasta` decimal(10,2) DEFAULT NULL,
  `monto_bono` decimal(10,2) NOT NULL,
  `fecha_vigencia` date NOT NULL,
  `creado_en` timestamp NULL DEFAULT current_timestamp()
) ENGINE=InnoDB DEFAULT CHARSET=utf8mb4 COLLATE=utf8mb4_unicode_ci;

--
-- Dumping data for table `configuracion_bono`
--

INSERT INTO `configuracion_bono` (`id`, `tipo`, `desde`, `hasta`, `monto_bono`, `fecha_vigencia`, `creado_en`) VALUES
(32, 'VENTAS', 1600.00, NULL, 30.00, '2026-01-01', '2026-05-20 07:21:32'),
(33, 'VENTAS', 1400.00, 1600.00, 25.00, '2026-01-01', '2026-05-20 07:22:33'),
(34, 'VENTAS', 1200.00, 1400.00, 20.00, '2026-01-01', '2026-05-20 07:22:50'),
(35, 'VENTAS', 1000.00, 1200.00, 15.00, '2026-01-01', '2026-05-20 07:23:05'),
(36, 'VENTAS', 800.00, 1000.00, 10.00, '2026-01-01', '2026-05-20 07:23:21'),
(38, 'OPERACIONES_BCP', 350.00, NULL, 30.00, '2026-01-01', '2026-05-20 07:27:50'),
(39, 'OPERACIONES_BCP', 300.00, 350.00, 25.00, '2026-01-01', '2026-05-20 07:28:17'),
(40, 'OPERACIONES_BCP', 250.00, 300.00, 20.00, '2026-01-01', '2026-05-20 07:28:29'),
(41, 'OPERACIONES_BCP', 200.00, 250.00, 15.00, '2026-01-01', '2026-05-20 07:28:45'),
(42, 'OPERACIONES_BCP', 150.00, 200.00, 10.00, '2026-01-01', '2026-05-20 07:29:00'),
(43, 'VENTAS', 600.00, 800.00, 5.00, '2026-01-01', '2026-05-20 07:29:16'),
(44, 'OPERACIONES_BCP', 100.00, 150.00, 5.00, '2026-01-01', '2026-05-20 07:29:37');

-- --------------------------------------------------------

--
-- Table structure for table `contacto_emergencia`
--

CREATE TABLE `contacto_emergencia` (
  `id_contacto_emergencia` int(11) NOT NULL,
  `postulante_id` int(11) NOT NULL,
  `nombre_completo` varchar(150) NOT NULL,
  `parentesco` varchar(50) NOT NULL,
  `telefono` varchar(15) NOT NULL,
  `fecha_registro` timestamp NOT NULL DEFAULT current_timestamp(),
  `fecha_modificacion` timestamp NOT NULL DEFAULT current_timestamp() ON UPDATE current_timestamp()
) ENGINE=InnoDB DEFAULT CHARSET=utf8mb4 COLLATE=utf8mb4_unicode_ci;

-- --------------------------------------------------------

--
-- Table structure for table `correccion_venta`
--

CREATE TABLE `correccion_venta` (
  `id_correccion` int(11) NOT NULL,
  `sesion_id` int(11) NOT NULL,
  `monto_anterior` decimal(10,2) NOT NULL,
  `monto_nuevo` decimal(10,2) NOT NULL,
  `motivo` varchar(300) DEFAULT NULL,
  `usuario_id` int(11) DEFAULT NULL,
  `fecha_registro` datetime DEFAULT current_timestamp()
) ENGINE=InnoDB DEFAULT CHARSET=utf8mb4 COLLATE=utf8mb4_unicode_ci;

--
-- Dumping data for table `correccion_venta`
--

INSERT INTO `correccion_venta` (`id_correccion`, `sesion_id`, `monto_anterior`, `monto_nuevo`, `motivo`, `usuario_id`, `fecha_registro`) VALUES
(1, 119, 1051.98, 1052.98, NULL, 1, '2026-05-14 00:38:34'),
(2, 119, 1052.98, 1053.98, NULL, 1, '2026-05-14 00:39:08'),
(3, 119, 1053.98, 1051.98, NULL, 1, '2026-05-14 00:43:50'),
(4, 165, 412.40, 349.90, 'ERROR', 70, '2026-05-18 15:21:47'),
(5, 177, 360.80, 351.90, NULL, 54, '2026-05-19 15:19:17'),
(6, 190, 509.56, 509.60, NULL, 71, '2026-05-20 15:34:08'),
(7, 209, 386.90, 386.90, '393.40', 73, '2026-05-22 15:18:32'),
(8, 259, 1214.15, 1232.05, NULL, 71, '2026-05-26 23:45:17');

-- --------------------------------------------------------

--
-- Table structure for table `detalle_cuadre`
--

CREATE TABLE `detalle_cuadre` (
  `sesion_id` int(11) NOT NULL,
  `monto_caja_exterior` decimal(10,2) NOT NULL DEFAULT 0.00,
  `monto_monedas` decimal(10,2) NOT NULL DEFAULT 0.00,
  `monto_billetes_caja` decimal(10,2) NOT NULL DEFAULT 0.00,
  `monto_billetes_caja_fuerte` decimal(10,2) NOT NULL DEFAULT 0.00,
  `monto_yape_plin` decimal(10,2) NOT NULL DEFAULT 0.00,
  `monto_visas` decimal(10,2) NOT NULL DEFAULT 0.00,
  `monto_bcp` decimal(10,2) NOT NULL DEFAULT 0.00,
  `monto_agente_bcp` decimal(10,2) NOT NULL DEFAULT 0.00,
  `total_efectivo_contado` decimal(10,2) NOT NULL DEFAULT 0.00,
  `total_contado_general` decimal(10,2) NOT NULL DEFAULT 0.00,
  `total_ventas_sistema` decimal(10,2) NOT NULL DEFAULT 0.00,
  `total_gastos_sistema` decimal(10,2) NOT NULL DEFAULT 0.00,
  `total_esperado_sistema` decimal(10,2) NOT NULL DEFAULT 0.00,
  `diferencia` decimal(10,2) NOT NULL DEFAULT 0.00,
  `resultado_cuadre` enum('CONSISTENTE','SOBRANTE','FALTANTE') DEFAULT NULL,
  `observacion_cierre` text DEFAULT NULL,
  `saldo_proxima_efectivo` decimal(10,2) NOT NULL DEFAULT 0.00,
  `saldo_proxima_agente_bcp` decimal(10,2) NOT NULL DEFAULT 0.00,
  `saldo_proximo_dia` decimal(10,2) NOT NULL DEFAULT 0.00,
  `num_operaciones_bcp` int(11) NOT NULL DEFAULT 0
) ENGINE=InnoDB DEFAULT CHARSET=utf8mb4 COLLATE=utf8mb4_unicode_ci;

--
-- Dumping data for table `detalle_cuadre`
--

INSERT INTO `detalle_cuadre` (`sesion_id`, `monto_caja_exterior`, `monto_monedas`, `monto_billetes_caja`, `monto_billetes_caja_fuerte`, `monto_yape_plin`, `monto_visas`, `monto_bcp`, `monto_agente_bcp`, `total_efectivo_contado`, `total_contado_general`, `total_ventas_sistema`, `total_gastos_sistema`, `total_esperado_sistema`, `diferencia`, `resultado_cuadre`, `observacion_cierre`, `saldo_proxima_efectivo`, `saldo_proxima_agente_bcp`, `saldo_proximo_dia`, `num_operaciones_bcp`) VALUES
(25, 0.00, 0.00, 0.00, 0.00, 0.00, 0.00, 0.00, 42817.46, 42817.46, 42817.46, 0.00, 0.00, 0.00, 42817.46, 'SOBRANTE', NULL, 42817.46, 0.00, 42817.46, 0),
(27, 1938.60, 1135.00, 27100.00, 810.00, 0.00, 0.00, 0.00, 12378.43, 43362.03, 43362.03, 989.10, 0.00, 43360.86, 1.17, 'SOBRANTE', NULL, 43362.03, 0.00, 43362.03, 0),
(28, 948.00, 1035.00, 500.00, 28560.00, 0.00, 0.00, 0.00, 12518.33, 43561.33, 43561.33, 341.40, 0.00, 43560.73, 0.60, 'SOBRANTE', NULL, 43561.33, 0.00, 43561.33, 219),
(29, 0.00, 0.00, 0.00, 0.00, 0.00, 0.00, 0.00, 27818.14, 27818.14, 27818.14, 0.00, 0.00, 0.00, 27818.14, 'SOBRANTE', NULL, 27818.14, 0.00, 27818.14, 0),
(30, 167.70, 290.00, 13200.00, 0.00, 0.00, 0.00, 0.00, 12721.28, 26378.98, 26378.98, 1479.55, 0.00, 26358.79, 20.19, 'SOBRANTE', NULL, 26378.98, 0.00, 26378.98, 0),
(31, 1513.30, 190.00, 7480.00, 0.00, 0.00, 0.00, 0.00, 17265.08, 26448.38, 26448.38, 784.60, 3.01, 26539.47, -91.09, 'FALTANTE', NULL, 26538.38, 0.00, 26538.38, 228),
(32, 0.00, 0.00, 0.00, 0.00, 0.00, 0.00, 0.00, 48905.89, 48905.89, 48905.89, 0.00, 0.00, 0.00, 48905.89, 'SOBRANTE', NULL, 48905.89, 0.00, 48905.89, 0),
(33, 464.90, 1360.00, 40910.00, 0.00, 0.00, 0.00, 0.00, 8511.83, 51246.73, 51246.73, 2334.99, 0.00, 51230.88, 15.85, 'SOBRANTE', NULL, 51246.73, 0.00, 51246.73, 0),
(35, 615.50, 1360.00, 17510.00, 0.00, 0.00, 0.00, 0.00, 21841.45, 41326.95, 41326.95, 1117.35, 11040.01, 41324.07, 2.88, 'SOBRANTE', NULL, 41326.95, 0.00, 41326.95, 0),
(37, 0.00, 0.00, 0.00, 0.00, 0.00, 0.00, 0.00, 35751.00, 35751.00, 35751.00, 0.00, 0.00, 0.00, 35751.00, 'SOBRANTE', NULL, 35751.00, 0.00, 35751.00, 0),
(38, 151.00, 1110.00, 50.00, 11750.00, 0.00, 0.00, 0.00, 23564.28, 36625.28, 36625.28, 1467.28, 0.00, 36605.48, 19.80, 'SOBRANTE', NULL, 36625.28, 0.00, 36625.28, 0),
(40, 89.40, 1110.00, 540.00, 13300.00, 0.00, 0.00, 0.00, 22143.63, 37183.03, 37183.03, 728.30, 0.00, 37201.98, -18.95, 'FALTANTE', NULL, 37183.03, 0.00, 37183.03, 121),
(42, 308.00, 180.00, 14380.00, 0.00, 0.00, 0.00, 0.00, 11844.88, 26712.88, 26712.88, 1263.99, 80.50, 26750.07, -37.19, 'FALTANTE', NULL, 26712.88, 0.00, 26712.88, 211),
(44, 455.10, 1460.00, 33310.00, 0.00, 0.00, 0.00, 0.00, 7517.65, 42742.75, 42742.75, 1460.30, 37.00, 42750.25, -7.50, 'FALTANTE', NULL, 42742.75, 0.00, 42742.75, 189),
(47, 353.60, 450.00, 12700.00, 0.00, 0.00, 0.00, 0.00, 13401.86, 26905.46, 26905.46, 801.50, 42.00, 26906.28, -0.82, 'FALTANTE', NULL, 26905.46, 0.00, 26905.46, 290),
(48, 290.30, 1035.00, 330.00, 36860.00, 0.00, 0.00, 0.00, 5296.76, 43812.06, 43812.06, 521.24, 0.00, 43800.47, 11.59, 'SOBRANTE', NULL, 43812.47, 0.00, 43812.47, 220),
(50, 1023.90, 1010.00, 0.00, 15600.00, 0.00, 0.00, 0.00, 20035.60, 37669.50, 37669.50, 783.40, 0.00, 37668.33, 1.17, 'SOBRANTE', NULL, 37669.50, 0.00, 37669.50, 156),
(51, 102.80, 910.00, 650.00, 11100.00, 0.00, 0.00, 0.00, 25239.90, 38002.70, 38002.70, 546.70, 0.00, 37996.10, 6.60, 'SOBRANTE', NULL, 37996.10, 0.00, 37996.10, 117),
(52, 612.00, 1260.00, 12000.00, 0.00, 0.00, 0.00, 0.00, 20028.22, 33900.22, 33900.22, 1280.50, 10000.00, 34023.25, -123.03, 'FALTANTE', NULL, 34020.22, 0.00, 34020.22, 0),
(53, 370.70, 1135.00, 1770.00, 8400.00, 0.00, 0.00, 0.00, 32377.12, 44052.82, 44052.82, 291.40, 0.00, 44056.77, -3.95, 'FALTANTE', NULL, 44052.82, 0.00, 44052.82, 206),
(55, 86.30, 470.00, 160.00, 17600.00, 0.00, 0.00, 0.00, 7802.18, 26118.48, 26118.48, 1269.49, 1087.00, 26106.95, 11.53, 'SOBRANTE', NULL, 26118.48, 0.00, 26118.48, 181),
(57, 152.60, 720.00, 950.00, 18100.00, 0.00, 0.00, 0.00, 18765.30, 38687.90, 38687.90, 945.40, 0.00, 38667.70, 20.20, 'SOBRANTE', NULL, 38687.90, 0.00, 38687.90, 171),
(58, 583.00, 1160.00, 27470.00, 0.00, 0.00, 0.00, 0.00, 6143.52, 35356.52, 35356.52, 1412.29, 74.00, 34852.11, 504.41, 'SOBRANTE', NULL, 35356.52, 0.00, 35356.52, 198),
(59, 216.40, 1145.00, 840.00, 19920.00, 0.00, 0.00, 0.00, 22298.51, 44419.91, 44419.91, 571.90, 0.00, 44438.62, -18.71, 'FALTANTE', NULL, 44419.91, 0.00, 44419.91, 189),
(60, 1617.20, 1060.00, 21370.00, 0.00, 0.00, 0.00, 0.00, 12914.18, 36961.38, 36961.38, 1583.45, 0.00, 36939.97, 21.41, 'SOBRANTE', NULL, 36961.38, 0.00, 36961.38, 0),
(61, 709.20, 200.00, 15620.00, 0.00, 0.00, 0.00, 0.00, 9317.52, 25846.72, 25846.72, 1323.20, 649.99, 25867.04, -20.32, 'FALTANTE', NULL, 25846.72, 0.00, 25846.72, 203),
(62, 504.30, 1145.00, 15220.00, 0.00, 0.00, 0.00, 0.00, 27892.33, 44761.63, 44761.63, 339.40, 90.20, 44669.11, 92.52, 'SOBRANTE', NULL, 44761.63, 0.00, 44761.63, 276),
(63, 76.60, 720.00, 1180.00, 18500.00, 0.00, 0.00, 0.00, 18523.48, 39000.08, 39000.08, 504.00, 0.00, 39003.80, -3.72, 'FALTANTE', NULL, 39000.08, 0.00, 39000.08, 162),
(64, 679.00, 1145.00, 23120.00, 0.00, 0.00, 0.00, 0.00, 20210.34, 45154.34, 45154.34, 588.60, 2.60, 45241.53, -87.19, 'FALTANTE', NULL, 45154.34, 0.00, 45154.34, 258),
(65, 546.90, 950.00, 17400.00, 0.00, 0.00, 0.00, 0.00, 19234.79, 38131.69, 38131.69, 1242.68, 76.60, 38127.46, 4.23, 'SOBRANTE', NULL, 38131.69, 0.00, 38131.69, 253),
(66, 315.60, 200.00, 22630.00, 0.00, 0.00, 0.00, 0.00, 2423.20, 25568.80, 25568.80, 1104.59, 532.00, 25558.51, 10.29, 'SOBRANTE', NULL, 25568.80, 0.00, 25568.80, 260),
(67, 286.40, 620.00, 4970.00, 15200.00, 0.00, 0.00, 0.00, 18583.54, 39659.94, 39659.94, 1073.40, 2.50, 39658.98, 0.96, 'SOBRANTE', NULL, 39657.44, 0.00, 39657.44, 175),
(68, 1799.80, 200.00, 11540.00, 0.00, 0.00, 0.00, 0.00, 9907.28, 23447.08, 23447.08, 1012.20, 2721.49, 23442.41, 4.67, 'SOBRANTE', NULL, 23447.08, 0.00, 23447.08, 319),
(69, 229.10, 1245.00, 1220.00, 16130.00, 0.00, 0.00, 0.00, 26712.14, 45536.24, 45536.24, 545.50, 0.00, 45533.34, 2.90, 'SOBRANTE', NULL, 45536.24, 0.00, 45536.24, 339),
(70, 538.50, 840.00, 14900.00, 0.00, 0.00, 0.00, 0.00, 22790.94, 39069.44, 39069.44, 1128.43, 79.80, 39067.92, 1.52, 'SOBRANTE', NULL, 39069.44, 0.00, 39069.44, 332),
(71, 183.80, 620.00, 1010.00, 11700.00, 0.00, 0.00, 0.00, 26556.48, 40070.28, 40070.28, 756.30, 0.00, 40050.84, 19.44, 'SOBRANTE', NULL, 40070.28, 0.00, 40070.28, 185),
(72, 825.00, 620.00, 0.00, 10200.00, 0.00, 0.00, 0.00, 29145.40, 40790.40, 40790.40, 919.27, 0.00, 40815.85, -25.45, 'FALTANTE', NULL, 40790.40, 0.00, 40790.40, 0),
(73, 153.10, 740.00, 14200.00, 0.00, 0.00, 0.00, 0.00, 24875.69, 39968.79, 39968.79, 902.45, 0.00, 39971.89, -3.10, 'FALTANTE', NULL, 39968.79, 0.00, 39968.79, 127),
(74, 395.60, 200.00, 8450.00, 0.00, 0.00, 0.00, 0.00, 14593.71, 23639.31, 23639.31, 799.76, 80.50, 23633.74, 5.57, 'SOBRANTE', NULL, 23639.31, 0.00, 23639.31, 149),
(75, 1386.50, 1245.00, 1530.00, 8500.00, 0.00, 0.00, 0.00, 33170.39, 45831.89, 45831.89, 366.00, 0.00, 45829.34, 2.55, 'SOBRANTE', NULL, 45831.89, 0.00, 45831.89, 167),
(86, 1766.10, 640.00, 11000.00, 0.00, 0.00, 0.00, 0.00, 41717.24, 55123.34, 55123.34, 1720.90, 0.00, 41689.69, 13433.65, 'SOBRANTE', NULL, 41717.24, 0.00, 41717.24, 0),
(87, 462.70, 200.00, 14450.00, 0.00, 0.00, 0.00, 0.00, 7500.58, 22613.28, 22613.28, 848.90, 943.00, 22594.51, 18.77, 'SOBRANTE', NULL, 22613.28, 0.00, 22613.28, 264),
(88, 222.10, 1245.00, 2110.00, 10030.00, 0.00, 0.00, 0.00, 32609.71, 46216.81, 46216.81, 534.00, 0.00, 46214.59, 2.22, 'SOBRANTE', NULL, 46216.81, 0.00, 46216.81, 222),
(89, 824.90, 710.00, 16020.00, 0.00, 0.00, 0.00, 0.00, 23455.55, 41010.45, 41010.45, 447.90, 0.00, 41006.80, 3.65, 'SOBRANTE', NULL, 41010.45, 0.00, 41010.45, 171),
(90, 227.50, 1245.00, 690.00, 21130.00, 0.00, 0.00, 0.00, 23553.06, 46845.56, 46845.56, 879.10, 0.00, 46846.01, -0.45, 'FALTANTE', NULL, 46845.56, 0.00, 46845.56, 186),
(91, 390.60, 640.00, 28600.00, 0.00, 0.00, 0.00, 0.00, 13655.60, 43286.20, 43286.20, 1569.63, 0.00, 43286.87, -0.67, 'FALTANTE', NULL, 43286.20, 0.00, 43286.20, 282),
(92, 274.50, 710.00, 2320.00, 11320.00, 0.00, 0.00, 0.00, 27105.95, 41730.45, 41730.45, 1189.68, 0.00, 41821.63, -91.18, 'FALTANTE', NULL, 41730.45, 0.00, 41730.45, 175),
(93, 335.50, 200.00, 21800.00, 0.00, 0.00, 0.00, 0.00, 247.23, 22582.73, 22582.73, 1821.09, 427.00, 22563.57, 19.16, 'SOBRANTE', NULL, 22582.73, 0.00, 22582.73, 187),
(94, 631.40, 1245.00, 0.00, 9730.00, 0.00, 0.00, 0.00, 35702.31, 47308.71, 47308.71, 498.15, 0.00, 47291.71, 17.00, 'SOBRANTE', NULL, 47308.71, 0.00, 37308.71, 241),
(95, 464.20, 200.00, 19500.00, 0.00, 0.00, 0.00, 0.00, 2570.40, 22734.60, 22734.60, 1186.80, 53.00, 22696.03, 38.57, 'SOBRANTE', NULL, 22734.60, 0.00, 32734.60, 292),
(96, 1277.60, 640.00, 22300.00, 0.00, 0.00, 0.00, 0.00, 20357.14, 44574.74, 44574.74, 1286.90, 0.00, 44573.10, 1.64, 'SOBRANTE', NULL, 44574.74, 0.00, 44574.74, 351),
(97, 656.10, 710.00, 9900.00, 0.00, 0.00, 0.00, 0.00, 30853.17, 42119.27, 42119.27, 769.90, 0.00, 41813.25, 306.02, 'SOBRANTE', NULL, 42119.27, 0.00, 42119.27, 119),
(100, 580.30, 430.00, 40880.00, 0.00, 0.00, 0.00, 0.00, 4227.44, 46117.74, 46117.74, 1555.45, 37.00, 46093.19, 24.55, 'SOBRANTE', NULL, 46117.74, 0.00, 46117.74, 206),
(101, 131.90, 710.00, 80.00, 19600.00, 0.00, 0.00, 0.00, 22204.72, 42726.62, 42726.62, 776.40, 0.00, 42663.37, 63.25, 'SOBRANTE', NULL, 42726.62, 0.00, 42726.62, 149),
(103, 86.90, 1145.00, 390.00, 29150.00, 0.00, 0.00, 0.00, 6633.36, 37405.26, 37405.26, 363.20, 0.00, 37500.81, -95.55, 'FALTANTE', NULL, 37405.26, 0.00, 37405.26, 150),
(105, 585.80, 300.00, 23000.00, 0.00, 0.00, 0.00, 0.00, 8870.19, 32755.99, 32755.99, 1497.29, 102.50, 32762.69, -6.70, 'FALTANTE', NULL, 32755.99, 0.00, 32755.99, 237),
(112, 1992.40, 197.50, 7840.00, 0.00, 0.00, 0.00, 0.00, 23018.95, 33048.85, 33048.85, 1094.60, 0.00, 33038.19, 10.66, 'SOBRANTE', NULL, 33048.85, 0.00, 33048.85, 220),
(113, 886.90, 420.00, 16100.00, 0.00, 0.00, 0.00, 0.00, 19410.28, 36817.18, 36817.18, 1710.70, 11000.00, 36828.44, -11.26, 'FALTANTE', NULL, 36817.18, 0.00, 36817.18, 0),
(114, 419.50, 910.00, 2210.00, 16300.00, 0.00, 0.00, 0.00, 11376.57, 31216.07, 31216.07, 833.40, 12000.00, 31252.22, -36.15, 'FALTANTE', NULL, 31236.07, 0.00, 31236.07, 158),
(115, 181.60, 1045.00, 1470.00, 1400.00, 0.00, 0.00, 0.00, 20975.50, 25072.10, 25072.10, 385.30, 0.00, 37671.36, -12599.26, 'FALTANTE', NULL, 37672.10, 0.00, 37672.10, 204),
(116, 1655.50, 170.00, 21050.00, 0.00, 0.00, 0.00, 0.00, 9421.05, 32296.55, 32296.55, 1927.68, 1702.50, 32692.23, -395.68, 'FALTANTE', NULL, 32246.55, 0.00, 32246.55, 239),
(117, 302.90, 430.00, 140.00, 34900.00, 0.00, 0.00, 0.00, 726.72, 36499.62, 36499.62, 656.95, 0.00, 37474.13, -974.51, 'FALTANTE', NULL, 37549.62, 0.00, 37549.62, 179),
(118, 273.10, 945.00, 2700.00, 24000.00, 0.00, 0.00, 0.00, 10179.62, 38097.72, 38097.72, 586.50, 0.00, 38099.70, -1.98, 'FALTANTE', NULL, 38097.72, 0.00, 38097.72, 194),
(119, 173.20, 1410.00, 3580.00, 16600.00, 0.00, 0.00, 0.00, 10096.79, 31859.99, 31859.99, 1051.98, 0.00, 31855.55, 4.44, 'SOBRANTE', NULL, 31859.99, 0.00, 31859.99, 150),
(120, 260.10, 945.00, 1510.00, 27770.00, 0.00, 0.00, 0.00, 8041.20, 38526.30, 38526.30, 577.50, 0.00, 38525.92, 0.38, 'SOBRANTE', NULL, 38526.30, 0.00, 38526.30, 186),
(121, 237.00, 1310.00, 1770.00, 19000.00, 0.00, 0.00, 0.00, 9845.44, 32162.44, 32162.44, 609.00, 11.00, 32152.69, 9.75, 'SOBRANTE', NULL, 32162.44, 0.00, 32162.44, 146),
(122, 1043.90, 170.00, 18190.00, 0.00, 0.00, 0.00, 0.00, 11199.32, 30603.22, 30603.22, 580.20, 1908.40, 30570.05, 33.17, 'SOBRANTE', NULL, 30603.22, 0.00, 30603.22, 245),
(123, 515.40, 420.00, 34600.00, 0.00, 0.00, 0.00, 0.00, 3118.14, 38653.54, 38653.54, 1090.50, 0.00, 38640.12, 13.42, 'SOBRANTE', NULL, 38653.54, 0.00, 38653.54, 169),
(124, 118.50, 520.00, 27500.00, 0.00, 0.00, 0.00, 0.00, 12058.04, 40196.54, 40196.54, 1544.52, 0.00, 40198.06, -1.52, 'FALTANTE', NULL, 40196.54, 0.00, 40196.54, 193),
(125, 252.60, 945.00, 330.00, 14600.00, 0.00, 0.00, 0.00, 22765.62, 38893.22, 38893.22, 533.10, 0.00, 38893.20, 0.02, 'SOBRANTE', NULL, 38893.22, 0.00, 38893.22, 190),
(126, 114.50, 170.00, 23100.00, 0.00, 0.00, 0.00, 0.00, 5861.65, 29246.15, 29246.15, 1214.50, 1542.10, 29248.22, -2.07, 'FALTANTE', NULL, 29246.15, 0.00, 29246.15, 166),
(127, 232.70, 1520.00, 1870.00, 17100.00, 0.00, 0.00, 0.00, 11777.87, 32500.57, 32500.57, 513.25, 0.00, 32491.89, 8.68, 'SOBRANTE', NULL, 32500.57, 0.00, 32500.57, 166),
(128, 1074.90, 520.00, 17500.00, 0.00, 0.00, 0.00, 0.00, 12051.07, 31145.97, 31145.97, 929.20, 10000.00, 31125.74, 20.23, 'SOBRANTE', NULL, 31145.97, 0.00, 31145.97, 0),
(129, 1330.50, 370.00, 11720.00, 0.00, 0.00, 0.00, 0.00, 15400.99, 28821.49, 28821.49, 762.40, 5.50, 28821.55, -0.06, 'FALTANTE', NULL, 28821.49, 0.00, 28821.49, 190),
(130, 153.50, 935.00, 800.00, 8700.00, 0.00, 0.00, 0.00, 28755.02, 39343.52, 39343.52, 745.70, 0.00, 39342.62, 0.90, 'SOBRANTE', NULL, 39343.52, 0.00, 39343.52, 202),
(131, 928.30, 1520.00, 12200.00, 0.00, 0.00, 0.00, 0.00, 18200.14, 32848.44, 32848.44, 527.10, 17.30, 32846.97, 1.47, 'SOBRANTE', NULL, 32848.44, 0.00, 32848.44, 213),
(132, 0.00, 0.00, 0.00, 0.00, 0.00, 0.00, 0.00, 14275.11, 14275.11, 14275.11, 0.00, 0.00, 0.00, 14275.11, 'SOBRANTE', NULL, 14275.11, 0.00, 14275.11, 0),
(133, 28.80, 800.00, 12400.00, 0.00, 0.00, 0.00, 0.00, 1062.99, 14291.79, 14291.79, 0.00, 0.00, 14275.11, 16.68, 'SOBRANTE', NULL, 14291.79, 0.00, 14291.79, 177),
(134, 73.90, 370.00, 160.00, 26420.00, 0.00, 0.00, 0.00, 422.66, 27446.56, 27446.56, 971.28, 745.00, 28466.07, -1019.51, 'FALTANTE', NULL, 28461.06, 0.00, 28461.06, 181),
(135, 175.30, 935.00, 1450.00, 17900.00, 0.00, 0.00, 0.00, 19305.77, 39766.07, 39766.07, 508.20, 0.00, 39764.82, 1.25, 'SOBRANTE', NULL, 39766.07, 0.00, 39766.07, 219),
(136, 530.50, 550.50, 30680.00, 0.00, 0.00, 0.00, 0.00, 680.15, 32441.15, 32441.15, 1304.39, 13.00, 32437.36, 3.79, 'SOBRANTE', NULL, 32441.15, 0.00, 32441.15, 226),
(137, 594.40, 1530.00, 13800.00, 0.00, 0.00, 0.00, 0.00, 17679.31, 33603.71, 33603.71, 1192.40, 0.00, 33588.14, 15.57, 'SOBRANTE', NULL, 33603.71, 0.00, 33603.71, 148),
(139, 1438.70, 410.00, 20140.00, 0.00, 0.00, 0.00, 0.00, 11360.23, 33348.93, 33348.93, 900.90, 0.00, 33342.05, 6.88, 'SOBRANTE', NULL, 33348.93, 0.00, 33348.93, 275),
(140, 564.70, 1330.00, 9100.00, 0.00, 0.00, 0.00, 0.00, 22997.24, 33991.94, 33991.94, 721.90, 0.00, 33992.41, -0.47, 'FALTANTE', NULL, 33991.94, 0.00, 33991.94, 152),
(141, 60.50, 700.00, 11280.00, 0.00, 0.00, 0.00, 0.00, 2251.31, 14291.81, 14291.81, 0.00, 0.00, 14291.79, 0.02, 'SOBRANTE', NULL, 14291.81, 0.00, 14291.81, 170),
(142, 353.00, 570.00, 18640.00, 0.00, 0.00, 0.00, 0.00, 8936.87, 28499.87, 28499.87, 1255.19, 500.00, 28492.65, 7.22, 'SOBRANTE', NULL, 28499.87, 0.00, 28499.87, 282),
(143, 466.30, 935.00, 11060.00, 0.00, 0.00, 0.00, 0.00, 27655.03, 40116.33, 40116.33, 466.10, 0.00, 40120.17, -3.84, 'FALTANTE', NULL, 40116.33, 0.00, 40116.33, 278),
(144, 173.40, 610.00, 28640.00, 0.00, 0.00, 0.00, 0.00, 5034.85, 34458.25, 34458.25, 1208.96, 111.00, 34446.89, 11.36, 'SOBRANTE', NULL, 34358.25, 0.00, 34358.25, 220),
(145, 1282.80, 1330.00, 12900.00, 0.00, 0.00, 0.00, 0.00, 18679.34, 34192.14, 34192.14, 958.10, 0.00, 34733.74, -541.60, 'FALTANTE', NULL, 34192.14, 0.00, 34192.14, 0),
(146, 40.20, 700.00, 11100.00, 0.00, 0.00, 0.00, 0.00, 2451.16, 14291.36, 14291.36, 0.00, 0.00, 14291.81, -0.45, 'FALTANTE', NULL, 14291.36, 0.00, 14291.36, 206),
(147, 212.90, 470.00, 600.00, 18040.00, 0.00, 0.00, 0.00, 9462.35, 28785.25, 28785.25, 1150.50, 0.00, 28772.37, 12.88, 'SOBRANTE', NULL, 28785.25, 0.00, 28785.25, 214),
(148, 170.10, 935.00, 910.00, 19060.00, 0.00, 0.00, 0.00, 19321.46, 40396.56, 40396.56, 519.30, 0.00, 40400.83, -4.27, 'FALTANTE', NULL, 40396.56, 0.00, 40396.56, 244),
(150, 1429.30, 600.00, 9740.00, 0.00, 0.00, 0.00, 0.00, 2521.61, 14290.91, 14290.91, 0.00, 0.00, 14291.36, -0.45, 'FALTANTE', NULL, 14290.91, 0.00, 14290.91, 266),
(151, 133.60, 955.00, 1210.00, 10760.00, 0.00, 0.00, 0.00, 27735.95, 40794.55, 40794.55, 472.20, 0.00, 40794.26, 0.29, 'SOBRANTE', NULL, 40794.55, 0.00, 40794.55, 317),
(152, 1220.20, 570.00, 8200.00, 0.00, 0.00, 0.00, 0.00, 18139.73, 28129.93, 28129.93, 1128.30, 815.00, 28127.58, 2.35, 'SOBRANTE', NULL, 28129.93, 0.00, 28129.93, 331),
(153, 978.40, 1230.00, 5700.00, 0.00, 0.00, 0.00, 0.00, 26749.84, 34658.24, 34658.24, 767.80, 0.00, 34647.74, 10.50, 'SOBRANTE', NULL, 34658.24, 0.00, 34658.24, 201),
(155, 1044.70, 610.00, 13840.00, 0.00, 0.00, 0.00, 0.00, 19919.98, 35414.68, 35414.68, 1030.30, 0.00, 35388.55, 26.13, 'SOBRANTE', NULL, 35414.68, 0.00, 35414.68, 100),
(156, 89.70, 500.00, 9690.00, 0.00, 0.00, 0.00, 0.00, 4010.81, 14290.51, 14290.51, 0.00, 0.00, 14290.91, -0.40, 'FALTANTE', NULL, 14290.51, 0.00, 14290.51, 0),
(157, 71.30, 770.00, 15370.00, 0.00, 0.00, 0.00, 0.00, 11794.52, 28005.82, 28005.82, 1159.30, 0.00, 28030.73, -24.91, 'FALTANTE', NULL, 28005.82, 0.00, 28005.82, 186),
(158, 155.20, 955.00, 150.00, 11610.00, 0.00, 0.00, 0.00, 28315.45, 41185.65, 41185.65, 731.10, 0.00, 41174.75, 10.90, 'SOBRANTE', NULL, 41185.65, 0.00, 41185.65, 249),
(159, 163.80, 1130.00, 160.00, 3700.00, 0.00, 0.00, 0.00, 30084.64, 35238.44, 35238.44, 865.30, 0.00, 35237.36, 1.08, 'SOBRANTE', NULL, 35238.44, 0.00, 35238.44, 178),
(160, 450.50, 510.00, 19650.00, 0.00, 0.00, 0.00, 0.00, 16383.28, 36993.78, 36993.78, 1511.90, 0.00, 36926.58, 67.20, 'SOBRANTE', NULL, 36993.78, 0.00, 36993.78, 222),
(163, 434.70, 560.00, 15670.00, 0.00, 0.00, 0.00, 0.00, 11739.20, 28403.90, 28403.90, 979.90, 3.00, 28388.82, 15.08, 'SOBRANTE', NULL, 28403.90, 0.00, 28403.90, 220),
(164, 570.40, 610.00, 18450.00, 0.00, 0.00, 0.00, 0.00, 18458.60, 38089.00, 38089.00, 1091.59, 0.00, 38085.37, 3.63, 'SOBRANTE', NULL, 38089.00, 0.00, 38089.00, 303),
(165, 166.40, 1255.00, 18270.00, 0.00, 0.00, 0.00, 0.00, 21693.50, 41384.90, 41384.90, 412.40, 0.00, 41500.15, -115.25, 'FALTANTE', NULL, 41384.90, 0.00, 41384.90, 285),
(166, 397.00, 1020.00, 6500.00, 0.00, 0.00, 0.00, 0.00, 27799.60, 35716.60, 35716.60, 671.90, 0.00, 35716.54, 0.06, 'SOBRANTE', NULL, 35716.60, 0.00, 35716.60, 19),
(167, 73.30, 400.00, 1270.00, 8300.00, 0.00, 0.00, 0.00, 4247.11, 14290.41, 14290.41, 0.00, 0.00, 14290.51, -0.10, 'FALTANTE', NULL, 14290.41, 0.00, 14290.41, 287),
(168, 354.80, 560.00, 26470.00, 0.00, 0.00, 0.00, 0.00, 12.98, 27397.78, 27397.78, 1396.45, 1208.00, 27400.85, -3.07, 'FALTANTE', NULL, 27397.78, 0.00, 27397.78, 217),
(169, 235.30, 610.00, 37660.00, 0.00, 0.00, 0.00, 0.00, 930.84, 39436.14, 39436.14, 1449.00, 150.00, 39388.00, 48.14, 'SOBRANTE', NULL, 39436.14, 0.00, 39436.14, 248),
(170, 25.30, 400.00, 12520.00, 0.00, 0.00, 0.00, 0.00, 1344.81, 14290.11, 14290.11, 0.00, 0.00, 14290.41, -0.30, 'FALTANTE', NULL, 14290.11, 0.00, 14290.11, 183),
(171, 158.70, 1455.00, 940.00, 25770.00, 0.00, 0.00, 0.00, 13449.85, 41773.55, 41773.55, 536.80, 0.00, 41781.40, -7.85, 'FALTANTE', NULL, 41773.55, 0.00, 41773.55, 214),
(172, 260.30, 820.00, 1170.00, 8400.00, 0.00, 0.00, 0.00, 25525.37, 36175.67, 36175.67, 867.30, 0.00, 36167.20, 8.47, 'SOBRANTE', NULL, 36175.67, 0.00, 36175.67, 230),
(173, 590.10, 560.00, 10300.00, 0.00, 0.00, 0.00, 0.00, 0.00, 11450.10, 11450.10, 945.00, 0.00, 27834.78, -16384.68, 'FALTANTE', NULL, 27849.62, 0.00, 27849.62, 216),
(174, 476.30, 710.00, 7000.00, 0.00, 0.00, 0.00, 0.00, 32380.55, 40566.85, 40566.85, 1125.56, 0.00, 40561.70, 5.15, 'SOBRANTE', NULL, 40566.85, 0.00, 40566.85, 265),
(175, 63.50, 300.00, 6540.00, 0.00, 0.00, 0.00, 0.00, 7386.16, 14289.66, 14289.66, 0.00, 0.00, 14290.11, -0.45, 'FALTANTE', NULL, 14289.66, 0.00, 14289.66, 196),
(176, 1615.60, 810.00, 13400.00, 0.00, 0.00, 0.00, 0.00, 20673.00, 36498.60, 36498.60, 497.50, 0.00, 36492.87, 5.73, 'SOBRANTE', NULL, 36498.60, 0.00, 36498.60, 304),
(177, 149.80, 1455.00, 450.00, 6400.00, 0.00, 0.00, 0.00, 33568.13, 42022.93, 42022.93, 360.80, 0.00, 42032.35, -9.42, 'FALTANTE', NULL, 42022.93, 0.00, 42022.93, 217),
(178, 433.90, 810.00, 35150.00, 0.00, 0.00, 0.00, 0.00, 5543.84, 41937.74, 41937.74, 1349.80, 0.00, 41916.65, 21.09, 'SOBRANTE', NULL, 41937.74, 0.00, 41937.74, 249),
(179, 108.30, 600.00, 13480.00, 0.00, 0.00, 0.00, 0.00, 100.96, 14289.26, 14289.26, 0.00, 0.00, 14289.66, -0.40, 'FALTANTE', NULL, 14289.26, 0.00, 14289.26, 146),
(180, 105.60, 1390.00, 280.00, 28500.00, 0.00, 0.00, 0.00, 12164.39, 42439.99, 42439.99, 854.10, 69.00, 42378.13, 61.86, 'SOBRANTE', NULL, 42439.99, 0.00, 42439.99, 206),
(181, 362.30, 610.00, 18400.00, 0.00, 0.00, 0.00, 0.00, 17671.34, 37043.64, 37043.64, 1155.40, 0.00, 37084.00, -40.36, 'FALTANTE', NULL, 37043.64, 0.00, 37043.64, 225),
(182, 434.60, 780.00, 18300.00, 0.00, 0.00, 0.00, 0.00, 5047.75, 24562.35, 24562.35, 1658.19, 3650.00, 24547.71, 14.64, 'SOBRANTE', NULL, 24562.35, 0.00, 24562.35, 223),
(186, 412.20, 830.00, 28350.00, 0.00, 0.00, 0.00, 0.00, 13209.83, 42802.03, 42802.03, 860.54, 0.00, 42798.28, 3.75, 'SOBRANTE', NULL, 42802.03, 0.00, 42802.03, 255),
(187, 372.40, 1590.00, 34100.00, 0.00, 0.00, 0.00, 0.00, 6777.79, 42840.19, 42840.19, 497.90, 0.00, 42813.79, 26.40, 'SOBRANTE', NULL, 42840.19, 0.00, 30840.19, 206),
(188, 850.30, 780.00, 10400.00, 0.00, 0.00, 0.00, 0.00, 12795.99, 24826.29, 24826.29, 961.30, 156.00, 24818.15, 8.14, 'SOBRANTE', NULL, 24826.29, 0.00, 36826.29, 266),
(190, 278.10, 610.00, 200.00, 17900.00, 0.00, 0.00, 0.00, 18427.85, 37415.95, 37415.95, 509.56, 0.00, 37409.80, 6.15, 'SOBRANTE', NULL, 37415.95, 0.00, 37415.95, 127),
(191, 224.30, 1590.00, 12250.00, 0.00, 0.00, 0.00, 0.00, 11905.62, 25969.92, 25969.92, 778.20, 5300.00, 25982.79, -12.87, 'FALTANTE', NULL, 25969.92, 0.00, 25969.92, 219),
(192, 439.50, 730.00, 27550.00, 0.00, 0.00, 0.00, 0.00, 15429.16, 44148.66, 44148.66, 1335.40, 0.00, 44137.43, 11.23, 'SOBRANTE', NULL, 44148.66, 0.00, 44148.66, 236),
(193, 116.80, 700.00, 9320.00, 0.00, 0.00, 0.00, 0.00, 4152.31, 14289.11, 14289.11, 0.00, 0.00, 14289.26, -0.15, 'FALTANTE', NULL, 14289.11, 0.00, 14289.11, 181),
(194, 206.50, 780.00, 200.00, 13800.00, 0.00, 0.00, 0.00, 16023.28, 31009.78, 31009.78, 728.69, 1800.00, 35026.08, -4016.30, 'FALTANTE', NULL, 31019.78, 0.00, 31019.78, 201),
(195, 352.40, 610.00, 13900.00, 0.00, 0.00, 0.00, 0.00, 23171.12, 38033.52, 38033.52, 1242.83, 0.00, 38027.78, 5.74, 'SOBRANTE', NULL, 38033.52, 0.00, 38033.52, 233),
(196, 1930.80, 680.00, 10700.00, 0.00, 0.00, 0.00, 0.00, 18587.68, 31898.48, 31898.48, 1288.50, 0.00, 31870.08, 28.40, 'SOBRANTE', NULL, 31898.48, 0.00, 31898.48, 285),
(197, 1153.10, 930.00, 19550.00, 0.00, 0.00, 0.00, 0.00, 23366.84, 44999.94, 44999.94, 852.40, 0.00, 45001.06, -1.12, 'FALTANTE', NULL, 44999.94, 0.00, 44999.94, 263),
(198, 150.60, 1390.00, 1400.00, 12800.00, 0.00, 0.00, 0.00, 10473.71, 26214.31, 26214.31, 329.00, 0.00, 26214.22, 0.09, 'SOBRANTE', NULL, 26214.31, 0.00, 36214.31, 225),
(199, 722.10, 510.00, 17530.00, 0.00, 0.00, 0.00, 0.00, 33786.05, 52548.15, 52548.15, 422.65, 0.00, 38289.17, 14258.98, 'SOBRANTE', NULL, 52548.15, 0.00, 42548.15, 174),
(201, 449.70, 918.00, 16210.00, 0.00, 0.00, 0.00, 0.00, 13793.74, 31371.44, 31371.44, 1361.90, 728.00, 31363.88, 7.56, 'SOBRANTE', NULL, 31371.44, 0.00, 31371.44, 236),
(202, 69.00, 800.00, 13260.00, 0.00, 0.00, 0.00, 0.00, 159.77, 14288.77, 14288.77, 0.00, 0.00, 14289.11, -0.34, 'FALTANTE', NULL, 14288.77, 0.00, 14288.77, 197),
(203, 195.40, 1030.00, 28090.00, 0.00, 0.00, 0.00, 0.00, 17010.43, 46325.83, 46325.83, 1292.29, 0.00, 46292.23, 33.60, 'SOBRANTE', NULL, 46325.83, 0.00, 46325.83, 176),
(204, 133.80, 1390.00, 250.00, 21230.00, 0.00, 0.00, 0.00, 13508.96, 36512.76, 36512.76, 414.35, 0.00, 36510.96, 1.80, 'SOBRANTE', NULL, 36512.76, 0.00, 36512.76, 228),
(205, 212.70, 530.00, 1880.00, 27560.00, 0.00, 0.00, 0.00, 12848.81, 43031.51, 43031.51, 835.70, 0.00, 43026.15, 5.36, 'SOBRANTE', NULL, 43031.51, 0.00, 43031.51, 178),
(206, 1621.40, 830.00, 17590.00, 0.00, 0.00, 0.00, 0.00, 16647.89, 36689.29, 36689.29, 1353.90, 11000.00, 36679.73, 9.56, 'SOBRANTE', NULL, 36689.29, 0.00, 36689.29, 313),
(207, 2331.70, 809.50, 9980.00, 0.00, 0.00, 0.00, 0.00, 17593.02, 30714.22, 30714.22, 682.50, 830.00, 30715.34, -1.12, 'FALTANTE', NULL, 30714.22, 0.00, 30714.22, 287),
(208, 1870.80, 1390.00, 17530.00, 0.00, 0.00, 0.00, 0.00, 16050.63, 36841.43, 36841.43, 499.00, 0.00, 36842.76, -1.33, 'FALTANTE', NULL, 36841.43, 0.00, 36841.43, 213),
(209, 697.70, 520.00, 25260.00, 0.00, 0.00, 0.00, 0.00, 16829.80, 43307.50, 43307.50, 386.90, 0.00, 43298.91, 8.59, 'SOBRANTE', NULL, 43307.50, 0.00, 43307.50, 124),
(210, 455.40, 809.50, 24480.00, 0.00, 0.00, 0.00, 0.00, 4865.63, 30610.53, 30610.53, 709.50, 0.00, 30618.92, -8.39, 'FALTANTE', NULL, 30610.53, 0.00, 30610.53, 154),
(211, 207.90, 830.00, 160.00, 33190.00, 0.00, 0.00, 0.00, 3631.75, 38019.65, 38019.65, 1432.40, 0.00, 38011.69, 7.96, 'SOBRANTE', NULL, 38019.65, 0.00, 38019.65, 213),
(212, 54.60, 900.00, 11000.00, 0.00, 0.00, 0.00, 0.00, 2333.76, 14288.36, 14288.36, 0.00, 0.00, 14288.77, -0.41, 'FALTANTE', NULL, 14288.36, 0.00, 14288.36, 179),
(213, 116.10, 1390.00, 2080.00, 23830.00, 0.00, 0.00, 0.00, 9948.55, 37364.65, 37364.65, 840.00, 0.00, 37364.93, -0.28, 'FALTANTE', NULL, 37364.65, 0.00, 37364.65, 159),
(214, 343.90, 520.00, 200.00, 30000.00, 0.00, 0.00, 0.00, 12968.35, 44032.25, 44032.25, 1310.25, 0.00, 44026.75, 5.50, 'SOBRANTE', NULL, 44032.25, 0.00, 44032.25, 144),
(215, 1617.50, 710.00, 32690.00, 0.00, 0.00, 0.00, 0.00, 4038.98, 39056.48, 39056.48, 1068.60, 40.00, 39048.25, 8.23, 'SOBRANTE', NULL, 39056.48, 0.00, 39056.48, 296),
(216, 1857.00, 450.00, 14460.00, 0.00, 0.00, 0.00, 0.00, 14233.15, 31000.15, 31000.15, 1202.80, 26.50, 30988.23, 11.92, 'SOBRANTE', NULL, 31000.15, 0.00, 31000.15, 308),
(217, 202.90, 1290.00, 570.00, 18730.00, 0.00, 0.00, 0.00, 16952.60, 37745.50, 37745.50, 607.70, 0.00, 37744.35, 1.15, 'SOBRANTE', NULL, 37745.50, 0.00, 37745.50, 195),
(218, 97.00, 550.00, 21710.00, 0.00, 0.00, 0.00, 0.00, 9089.16, 31446.16, 31446.16, 1484.59, 2.00, 31461.54, -15.38, 'FALTANTE', NULL, 31446.16, 0.00, 31446.16, 236),
(219, 358.30, 520.00, 620.00, 31300.00, 0.00, 0.00, 0.00, 11434.37, 44232.67, 44232.67, 414.20, 0.00, 44243.45, -10.78, 'FALTANTE', NULL, 44232.67, 0.00, 44232.67, 152),
(220, 374.00, 610.00, 37390.00, 0.00, 0.00, 0.00, 0.00, 1858.61, 40232.61, 40232.61, 1219.55, 39.30, 40236.73, -4.12, 'FALTANTE', NULL, 40232.61, 0.00, 40232.61, 307),
(221, 1227.00, 610.00, 29300.00, 0.00, 0.00, 0.00, 0.00, 13753.11, 44890.11, 44890.11, 1015.30, 0.00, 44878.77, 11.34, 'SOBRANTE', NULL, 44890.11, 0.00, 44890.11, 201),
(222, 85.20, 1290.00, 310.00, 34150.00, 0.00, 0.00, 0.00, 2288.40, 38123.60, 38123.60, 499.30, 0.00, 38124.90, -1.30, 'FALTANTE', NULL, 38123.60, 0.00, 38123.60, 233),
(223, 1858.20, 410.00, 18090.00, 0.00, 0.00, 0.00, 0.00, 21614.11, 41972.31, 41972.31, 1725.26, 0.00, 41957.87, 14.44, 'SOBRANTE', NULL, 41972.31, 0.00, 41972.31, 330),
(224, 411.60, 340.00, 20010.00, 0.00, 0.00, 0.00, 0.00, 15236.85, 35998.45, 35998.45, 1169.40, 0.00, 31997.86, 4000.59, 'SOBRANTE', NULL, 35998.45, 0.00, 35998.45, 243),
(225, 1353.80, 1285.00, 19050.00, 0.00, 0.00, 0.00, 0.00, 17019.10, 38707.90, 38707.90, 815.60, 0.00, 38717.10, -9.20, 'FALTANTE', NULL, 38707.90, 0.00, 38707.90, 345),
(226, 151.80, 610.00, 480.00, 17900.00, 0.00, 0.00, 0.00, 26109.71, 45251.51, 45251.51, 554.20, 4.80, 45247.01, 4.50, 'SOBRANTE', NULL, 45251.51, 0.00, 45251.51, 198),
(227, 9.60, 600.00, 3110.00, 0.00, 0.00, 0.00, 0.00, 10568.06, 14287.66, 14287.66, 0.00, 0.00, 14288.36, -0.70, 'FALTANTE', NULL, 14287.66, 0.00, 14287.66, 340),
(228, 182.50, 1085.00, 300.00, 17630.00, 0.00, 0.00, 0.00, 19873.60, 39071.10, 39071.10, 605.20, 0.00, 39071.00, 0.10, 'SOBRANTE', NULL, 39071.10, 0.00, 39071.10, 200),
(229, 71.40, 610.00, 27700.00, 0.00, 0.00, 0.00, 0.00, 14415.18, 42796.58, 42796.58, 1219.79, 0.00, 42735.50, 61.08, 'SOBRANTE', NULL, 42796.58, 0.00, 42796.58, 201),
(230, 83.50, 510.00, 2830.00, 12100.00, 0.00, 0.00, 0.00, 30269.49, 45792.99, 45792.99, 873.29, 0.00, 45791.60, 1.39, 'SOBRANTE', NULL, 45792.99, 0.00, 45792.99, 126),
(231, 640.40, 417.30, 16710.00, 0.00, 0.00, 0.00, 0.00, 17835.32, 35603.02, 35603.02, 1212.99, 706.00, 35580.54, 22.48, 'SOBRANTE', NULL, 35603.02, 0.00, 35603.02, 247),
(232, 863.90, 430.00, 15390.00, 0.00, 0.00, 0.00, 0.00, 27347.69, 44031.59, 44031.59, 1426.19, 0.00, 43999.97, 31.62, 'SOBRANTE', NULL, 44031.59, 0.00, 44031.59, 279),
(233, 1270.00, 440.00, 17410.00, 0.00, 0.00, 0.00, 0.00, 15084.12, 34204.12, 34204.12, 1121.60, 1940.20, 34282.22, -78.10, 'FALTANTE', NULL, 34204.12, 0.00, 34204.12, 223),
(234, 74.30, 400.00, 700.00, 9360.00, 0.00, 0.00, 0.00, 3752.81, 14287.11, 14287.11, 0.00, 0.00, 14287.66, -0.55, 'FALTANTE', NULL, 14287.11, 0.00, 14287.11, 223),
(235, 553.30, 400.00, 12700.00, 0.00, 0.00, 0.00, 0.00, 32573.82, 46227.12, 46227.12, 533.50, 0.00, 46220.29, 6.83, 'SOBRANTE', NULL, 46227.12, 0.00, 46227.12, 308),
(236, 503.10, 410.00, 27880.00, 0.00, 0.00, 0.00, 0.00, 16860.05, 45653.15, 45653.15, 2041.20, 6.50, 45645.99, 7.16, 'SOBRANTE', NULL, 45653.15, 0.00, 45653.15, 242),
(237, 84.70, 1025.00, 3260.00, 12430.00, 0.00, 0.00, 0.00, 22610.59, 39410.29, 39410.29, 496.40, 0.00, 39393.50, 16.79, 'SOBRANTE', NULL, 39410.29, 0.00, 39410.29, 210),
(239, 744.30, 440.00, 32050.00, 0.00, 0.00, 0.00, 0.00, 835.84, 34070.14, 34070.14, 1458.10, 862.60, 34052.72, 17.42, 'SOBRANTE', NULL, 34070.14, 0.00, 34070.14, 165),
(240, 97.10, 500.00, 13350.00, 0.00, 0.00, 0.00, 0.00, 339.11, 14286.21, 14286.21, 0.00, 0.00, 14287.11, -0.90, 'FALTANTE', NULL, 14286.21, 0.00, 14286.21, 181),
(242, 149.50, 1025.00, 1600.00, 21530.00, 0.00, 0.00, 0.00, 15401.15, 39705.65, 39705.65, 730.60, 0.00, 39665.29, 40.36, 'SOBRANTE', NULL, 39705.65, 0.00, 39705.65, 189),
(243, 632.30, 400.00, 15500.00, 0.00, 0.00, 0.00, 0.00, 30152.31, 46684.61, 46684.61, 860.80, 0.00, 46644.22, 40.39, 'SOBRANTE', NULL, 46684.61, 0.00, 46684.61, 186),
(248, 3994.70, 1225.00, 25230.00, 0.00, 0.00, 0.00, 0.00, 9722.09, 40171.79, 40171.79, 651.50, 60.50, 40135.35, 36.44, 'SOBRANTE', NULL, 40171.79, 0.00, 40171.79, 245),
(249, 0.00, 0.00, 0.00, 0.00, 0.00, 0.00, 0.00, 0.00, 0.00, 0.00, 0.00, 0.00, -15.30, 15.30, 'SOBRANTE', NULL, 0.00, 0.00, 0.00, 0),
(250, 701.00, 510.00, 24880.00, 0.00, 0.00, 0.00, 0.00, 20624.05, 46715.05, 46715.05, 1107.15, 0.00, 46696.60, 18.45, 'SOBRANTE', NULL, 46715.05, 0.00, 46715.05, 240),
(251, 1026.00, 600.00, 9430.00, 0.00, 0.00, 0.00, 0.00, 3209.66, 14265.66, 14265.66, 0.00, 0.00, 14286.21, -20.55, 'FALTANTE', NULL, 14265.66, 0.00, 14265.66, 150),
(252, 717.50, 240.00, 27350.00, 0.00, 0.00, 0.00, 0.00, 5119.21, 33426.71, 33426.71, 1099.30, 1072.50, 33426.54, 0.17, 'SOBRANTE', NULL, 33426.71, 0.00, 33426.71, 202),
(253, 281.20, 300.00, 19200.00, 0.00, 0.00, 0.00, 0.00, 27100.95, 46882.15, 46882.15, 337.30, 0.00, 46882.41, -0.26, 'FALTANTE', NULL, 46882.15, 0.00, 46882.15, 256),
(254, 49.40, 340.00, 27080.00, 0.00, 0.00, 0.00, 0.00, 5827.43, 33296.83, 33296.83, 893.39, 523.00, 33538.00, -241.17, 'FALTANTE', NULL, 33296.83, 0.00, 33296.83, 187),
(255, 124.60, 510.00, 31800.00, 0.00, 0.00, 0.00, 0.00, 16018.45, 48453.05, 48453.05, 1325.69, 0.00, 48040.74, 412.31, 'SOBRANTE', NULL, 48453.05, 0.00, 48453.05, 168),
(256, 107.00, 1115.00, 350.00, 22610.00, 0.00, 0.00, 0.00, 16514.77, 40696.77, 40696.77, 782.85, 0.00, 40694.44, 2.33, 'SOBRANTE', NULL, 40696.77, 0.00, 40696.77, 184),
(257, 60.30, 600.00, 12980.00, 0.00, 0.00, 0.00, 0.00, 624.36, 14264.66, 14264.66, 0.00, 0.00, 14265.66, -1.00, 'FALTANTE', NULL, 14264.66, 0.00, 14264.66, 221),
(259, 220.80, 200.00, 2250.00, 13000.00, 0.00, 0.00, 0.00, 31937.30, 47608.10, 47608.10, 1214.15, 0.00, 47678.90, -70.80, 'FALTANTE', NULL, 47608.10, 0.00, 47608.10, 186);

-- --------------------------------------------------------

--
-- Table structure for table `especialidad`
--

CREATE TABLE `especialidad` (
  `id_especialidad` int(11) NOT NULL,
  `descripcion` varchar(50) NOT NULL,
  `activo` tinyint(1) NOT NULL DEFAULT 1,
  `fecha_registro` timestamp NOT NULL DEFAULT current_timestamp(),
  `fecha_modificacion` timestamp NULL DEFAULT current_timestamp() ON UPDATE current_timestamp()
) ENGINE=InnoDB DEFAULT CHARSET=utf8mb4 COLLATE=utf8mb4_unicode_ci;

-- --------------------------------------------------------

--
-- Table structure for table `estado`
--

CREATE TABLE `estado` (
  `id_estado` int(11) NOT NULL,
  `descripcion` varchar(50) NOT NULL,
  `activo` tinyint(1) NOT NULL DEFAULT 1,
  `fecha_registro` timestamp NOT NULL DEFAULT current_timestamp(),
  `fecha_modificacion` timestamp NOT NULL DEFAULT current_timestamp() ON UPDATE current_timestamp()
) ENGINE=InnoDB DEFAULT CHARSET=utf8mb4 COLLATE=utf8mb4_unicode_ci;

--
-- Dumping data for table `estado`
--

INSERT INTO `estado` (`id_estado`, `descripcion`, `activo`, `fecha_registro`, `fecha_modificacion`) VALUES
(1, 'Egreso', 1, '2026-05-04 20:58:11', '2026-05-04 20:58:11'),
(2, 'En curso', 1, '2026-05-04 20:58:11', '2026-05-04 20:58:11'),
(3, 'Titulado', 1, '2026-05-04 20:58:11', '2026-05-04 20:58:11'),
(4, 'Trunco', 1, '2026-05-04 20:58:11', '2026-05-04 20:58:11');

-- --------------------------------------------------------

--
-- Table structure for table `estudio`
--

CREATE TABLE `estudio` (
  `id_estudio` int(11) NOT NULL,
  `postulante_id` int(11) NOT NULL,
  `tipo_id` int(11) NOT NULL,
  `institucion_id` int(11) NOT NULL,
  `estado_id` int(11) NOT NULL,
  `fecha_inicio` date DEFAULT NULL,
  `fecha_fin` date DEFAULT NULL
) ENGINE=InnoDB DEFAULT CHARSET=utf8mb4 COLLATE=utf8mb4_unicode_ci;

--
-- Dumping data for table `estudio`
--

INSERT INTO `estudio` (`id_estudio`, `postulante_id`, `tipo_id`, `institucion_id`, `estado_id`, `fecha_inicio`, `fecha_fin`) VALUES
(8, 11, 2, 4, 3, '2020-01-01', NULL),
(12, 57, 3, 5, 4, '2006-01-16', '2018-10-31'),
(15, 55, 2, 4, 3, '2022-04-15', '2025-01-17'),
(21, 69, 2, 4, 1, '2022-11-06', '2025-11-06'),
(25, 70, 2, 4, 2, '2023-05-06', '2026-05-06'),
(27, 71, 2, 5, 3, '2019-05-06', '2022-05-06'),
(29, 72, 3, 5, 4, '1985-01-01', NULL),
(34, 73, 2, 5, 2, '2000-01-01', NULL),
(35, 68, 3, 5, 3, '2026-05-06', NULL);

-- --------------------------------------------------------

--
-- Table structure for table `etapa`
--

CREATE TABLE `etapa` (
  `id_etapa` int(11) NOT NULL,
  `descripcion` varchar(50) NOT NULL,
  `activo` tinyint(1) NOT NULL DEFAULT 1,
  `fecha_registro` timestamp NULL DEFAULT current_timestamp(),
  `fecha_modificacion` timestamp NULL DEFAULT current_timestamp() ON UPDATE current_timestamp()
) ENGINE=InnoDB DEFAULT CHARSET=utf8mb4 COLLATE=utf8mb4_unicode_ci;

--
-- Dumping data for table `etapa`
--

INSERT INTO `etapa` (`id_etapa`, `descripcion`, `activo`, `fecha_registro`, `fecha_modificacion`) VALUES
(1, 'Pendiente', 1, '2026-05-04 20:58:11', '2026-05-04 20:58:11'),
(2, 'Entrevista', 1, '2026-05-04 20:58:11', '2026-05-04 20:58:11'),
(3, 'Rechazado', 1, '2026-05-04 20:58:11', '2026-05-04 20:58:11'),
(4, 'Contratado', 1, '2026-05-04 20:58:11', '2026-05-04 20:58:11'),
(5, 'Suspendido', 1, '2026-05-04 20:58:11', '2026-05-04 20:58:11'),
(6, 'Despedido', 1, '2026-05-04 20:58:11', '2026-05-04 20:58:11');

-- --------------------------------------------------------

--
-- Table structure for table `experiencia`
--

CREATE TABLE `experiencia` (
  `id_experiencia` int(11) NOT NULL,
  `postulante_id` int(11) DEFAULT NULL,
  `empresa` varchar(150) DEFAULT NULL,
  `cargo` varchar(100) DEFAULT NULL,
  `funciones` varchar(150) DEFAULT NULL,
  `fecha_inicio` date DEFAULT NULL,
  `fecha_fin` date DEFAULT NULL
) ENGINE=InnoDB DEFAULT CHARSET=utf8mb4 COLLATE=utf8mb4_unicode_ci;

--
-- Dumping data for table `experiencia`
--

INSERT INTO `experiencia` (`id_experiencia`, `postulante_id`, `empresa`, `cargo`, `funciones`, `fecha_inicio`, `fecha_fin`) VALUES
(4, 57, 'Supermercado wong', 'Supervisora de cajas', NULL, '2012-06-01', '2014-01-31'),
(7, 55, 'Mifarma', 'Técnico', NULL, '2023-02-27', '2026-01-30'),
(9, 72, 'Boticas', 'Administradora', NULL, '2000-01-01', '2011-01-01');

-- --------------------------------------------------------

--
-- Table structure for table `genero`
--

CREATE TABLE `genero` (
  `id_genero` int(11) NOT NULL,
  `descripcion` varchar(20) NOT NULL,
  `activo` tinyint(1) NOT NULL DEFAULT 1,
  `fecha_registro` timestamp NOT NULL DEFAULT current_timestamp(),
  `fecha_modificacion` timestamp NOT NULL DEFAULT current_timestamp() ON UPDATE current_timestamp()
) ENGINE=InnoDB DEFAULT CHARSET=utf8mb4 COLLATE=utf8mb4_unicode_ci;

--
-- Dumping data for table `genero`
--

INSERT INTO `genero` (`id_genero`, `descripcion`, `activo`, `fecha_registro`, `fecha_modificacion`) VALUES
(1, 'Masculino', 1, '2026-05-04 20:58:11', '2026-05-04 20:58:11'),
(2, 'Femenino', 1, '2026-05-04 20:58:11', '2026-05-04 20:58:11'),
(3, 'Otro', 1, '2026-05-04 20:58:11', '2026-05-04 20:58:11');

-- --------------------------------------------------------

--
-- Table structure for table `horario_slot`
--

CREATE TABLE `horario_slot` (
  `id_slot` int(11) NOT NULL,
  `semana_id` int(11) NOT NULL,
  `local_id` int(11) NOT NULL,
  `turno_id` int(11) NOT NULL,
  `fecha_dia` date NOT NULL,
  `rol_horario_id` int(11) NOT NULL,
  `slot_num` tinyint(4) NOT NULL DEFAULT 1,
  `postulante_id` int(11) DEFAULT NULL,
  `fecha_asignacion` timestamp NULL DEFAULT NULL
) ENGINE=InnoDB DEFAULT CHARSET=utf8mb4 COLLATE=utf8mb4_unicode_ci;

--
-- Dumping data for table `horario_slot`
--

INSERT INTO `horario_slot` (`id_slot`, `semana_id`, `local_id`, `turno_id`, `fecha_dia`, `rol_horario_id`, `slot_num`, `postulante_id`, `fecha_asignacion`) VALUES
(1, 1, 2, 1, '2026-05-11', 1, 1, 29, '2026-05-06 16:31:13'),
(2, 1, 2, 1, '2026-05-11', 2, 1, 13, '2026-05-07 01:40:34'),
(3, 1, 2, 1, '2026-05-11', 3, 1, NULL, NULL),
(4, 1, 2, 2, '2026-05-11', 1, 1, 29, '2026-05-06 16:31:06'),
(5, 1, 2, 2, '2026-05-11', 2, 1, 56, '2026-05-07 03:29:21'),
(6, 1, 2, 2, '2026-05-11', 3, 1, NULL, NULL),
(7, 1, 3, 1, '2026-05-11', 1, 1, 22, '2026-05-06 13:49:10'),
(8, 1, 3, 1, '2026-05-11', 1, 2, 69, '2026-05-06 18:13:20'),
(9, 1, 3, 1, '2026-05-11', 1, 3, 57, '2026-05-06 17:07:47'),
(10, 1, 3, 1, '2026-05-11', 2, 1, 4, '2026-05-06 15:46:40'),
(11, 1, 3, 1, '2026-05-11', 2, 2, 45, '2026-05-06 15:51:42'),
(12, 1, 3, 1, '2026-05-11', 3, 1, 5, '2026-05-06 15:41:03'),
(13, 1, 3, 1, '2026-05-11', 3, 2, NULL, NULL),
(14, 1, 3, 2, '2026-05-11', 1, 1, 53, '2026-05-06 16:22:39'),
(15, 1, 3, 2, '2026-05-11', 1, 2, 61, '2026-05-06 19:38:10'),
(16, 1, 3, 2, '2026-05-11', 1, 3, 57, '2026-05-06 17:20:52'),
(17, 1, 3, 2, '2026-05-11', 2, 1, 10, '2026-05-06 19:35:18'),
(18, 1, 3, 2, '2026-05-11', 2, 2, 54, '2026-05-06 16:24:22'),
(19, 1, 3, 2, '2026-05-11', 3, 1, 5, '2026-05-06 15:41:15'),
(20, 1, 3, 2, '2026-05-11', 3, 2, 60, '2026-05-09 20:35:04'),
(21, 1, 4, 1, '2026-05-11', 1, 1, 73, '2026-05-07 02:07:21'),
(22, 1, 4, 1, '2026-05-11', 2, 1, 55, '2026-05-06 16:46:08'),
(23, 1, 4, 1, '2026-05-11', 3, 1, NULL, NULL),
(24, 1, 4, 2, '2026-05-11', 1, 1, 71, '2026-05-06 21:06:40'),
(25, 1, 4, 2, '2026-05-11', 2, 1, 11, '2026-05-06 13:36:45'),
(26, 1, 4, 2, '2026-05-11', 3, 1, NULL, NULL),
(27, 1, 2, 1, '2026-05-12', 1, 1, 13, '2026-05-07 02:02:44'),
(28, 1, 2, 1, '2026-05-12', 2, 1, 45, '2026-05-06 15:50:04'),
(29, 1, 2, 1, '2026-05-12', 3, 1, 54, '2026-05-08 20:44:45'),
(30, 1, 2, 2, '2026-05-12', 1, 1, 69, '2026-05-06 18:13:09'),
(31, 1, 2, 2, '2026-05-12', 2, 1, 56, '2026-05-06 15:49:15'),
(32, 1, 2, 2, '2026-05-12', 3, 1, NULL, NULL),
(33, 1, 3, 1, '2026-05-12', 1, 1, 22, '2026-05-06 13:49:12'),
(34, 1, 3, 1, '2026-05-12', 1, 2, 70, '2026-05-06 21:15:32'),
(35, 1, 3, 1, '2026-05-12', 1, 3, 57, '2026-05-06 17:07:48'),
(36, 1, 3, 1, '2026-05-12', 2, 1, 4, '2026-05-06 14:47:27'),
(37, 1, 3, 1, '2026-05-12', 2, 2, 10, '2026-05-06 16:20:36'),
(38, 1, 3, 1, '2026-05-12', 3, 1, 5, '2026-05-06 15:41:05'),
(39, 1, 3, 1, '2026-05-12', 3, 2, NULL, NULL),
(40, 1, 3, 2, '2026-05-12', 1, 1, 53, '2026-05-06 16:22:40'),
(41, 1, 3, 2, '2026-05-12', 1, 2, 61, '2026-05-06 19:38:10'),
(42, 1, 3, 2, '2026-05-12', 1, 3, 17, '2026-05-06 16:37:32'),
(43, 1, 3, 2, '2026-05-12', 2, 1, 4, '2026-05-06 14:58:35'),
(44, 1, 3, 2, '2026-05-12', 2, 2, 10, '2026-05-06 16:20:37'),
(45, 1, 3, 2, '2026-05-12', 3, 1, 5, '2026-05-06 15:41:15'),
(46, 1, 3, 2, '2026-05-12', 3, 2, 60, '2026-05-09 20:35:24'),
(47, 1, 4, 1, '2026-05-12', 1, 1, 73, '2026-05-07 02:07:21'),
(48, 1, 4, 1, '2026-05-12', 2, 1, 55, '2026-05-06 16:48:36'),
(49, 1, 4, 1, '2026-05-12', 3, 1, NULL, NULL),
(50, 1, 4, 2, '2026-05-12', 1, 1, 71, '2026-05-06 21:06:45'),
(51, 1, 4, 2, '2026-05-12', 2, 1, 11, '2026-05-06 13:40:25'),
(52, 1, 4, 2, '2026-05-12', 3, 1, NULL, NULL),
(53, 1, 2, 1, '2026-05-13', 1, 1, 29, '2026-05-08 16:55:11'),
(54, 1, 2, 1, '2026-05-13', 2, 1, 13, '2026-05-07 01:40:34'),
(55, 1, 2, 1, '2026-05-13', 3, 1, NULL, NULL),
(56, 1, 2, 2, '2026-05-13', 1, 1, 29, '2026-05-13 17:51:32'),
(57, 1, 2, 2, '2026-05-13', 2, 1, 56, '2026-05-06 15:48:33'),
(58, 1, 2, 2, '2026-05-13', 3, 1, NULL, NULL),
(59, 1, 3, 1, '2026-05-13', 1, 1, 22, '2026-05-06 13:49:13'),
(60, 1, 3, 1, '2026-05-13', 1, 2, 70, '2026-05-06 21:21:09'),
(61, 1, 3, 1, '2026-05-13', 1, 3, 53, '2026-05-06 16:36:06'),
(62, 1, 3, 1, '2026-05-13', 2, 1, 10, '2026-05-06 16:20:45'),
(63, 1, 3, 1, '2026-05-13', 2, 2, 4, '2026-05-06 16:37:55'),
(64, 1, 3, 1, '2026-05-13', 3, 1, 5, '2026-05-06 15:41:06'),
(65, 1, 3, 1, '2026-05-13', 3, 2, NULL, NULL),
(66, 1, 3, 2, '2026-05-13', 1, 1, 69, '2026-05-06 18:19:23'),
(67, 1, 3, 2, '2026-05-13', 1, 2, 61, '2026-05-06 18:30:05'),
(68, 1, 3, 2, '2026-05-13', 1, 3, 17, '2026-05-06 16:37:33'),
(69, 1, 3, 2, '2026-05-13', 2, 1, 70, '2026-05-06 21:09:35'),
(70, 1, 3, 2, '2026-05-13', 2, 2, 10, '2026-05-06 16:25:23'),
(71, 1, 3, 2, '2026-05-13', 3, 1, 5, '2026-05-06 15:41:16'),
(72, 1, 3, 2, '2026-05-13', 3, 2, 60, '2026-05-09 20:35:27'),
(73, 1, 4, 1, '2026-05-13', 1, 1, 11, '2026-05-06 13:41:02'),
(74, 1, 4, 1, '2026-05-13', 2, 1, 55, '2026-05-06 16:46:12'),
(75, 1, 4, 1, '2026-05-13', 3, 1, NULL, NULL),
(76, 1, 4, 2, '2026-05-13', 1, 1, 71, '2026-05-06 21:07:12'),
(77, 1, 4, 2, '2026-05-13', 2, 1, 11, '2026-05-06 13:40:43'),
(78, 1, 4, 2, '2026-05-13', 3, 1, NULL, NULL),
(79, 1, 2, 1, '2026-05-14', 1, 1, 29, '2026-05-06 16:29:00'),
(80, 1, 2, 1, '2026-05-14', 2, 1, 45, '2026-05-06 15:51:53'),
(81, 1, 2, 1, '2026-05-14', 3, 1, NULL, NULL),
(82, 1, 2, 2, '2026-05-14', 1, 1, 69, '2026-05-06 18:13:11'),
(83, 1, 2, 2, '2026-05-14', 2, 1, 56, '2026-05-06 15:49:21'),
(84, 1, 2, 2, '2026-05-14', 3, 1, NULL, NULL),
(85, 1, 3, 1, '2026-05-14', 1, 1, 22, '2026-05-06 13:49:15'),
(86, 1, 3, 1, '2026-05-14', 1, 2, 57, '2026-05-06 21:03:34'),
(87, 1, 3, 1, '2026-05-14', 1, 3, 17, '2026-05-06 16:41:15'),
(88, 1, 3, 1, '2026-05-14', 2, 1, 4, '2026-05-06 06:35:50'),
(89, 1, 3, 1, '2026-05-14', 2, 2, 54, '2026-05-06 16:23:46'),
(90, 1, 3, 1, '2026-05-14', 3, 1, 5, '2026-05-06 15:41:07'),
(91, 1, 3, 1, '2026-05-14', 3, 2, NULL, NULL),
(92, 1, 3, 2, '2026-05-14', 1, 1, 70, '2026-05-06 21:14:03'),
(93, 1, 3, 2, '2026-05-14', 1, 2, 61, '2026-05-06 19:41:11'),
(94, 1, 3, 2, '2026-05-14', 1, 3, 57, '2026-05-06 17:08:15'),
(95, 1, 3, 2, '2026-05-14', 2, 1, 4, '2026-05-06 14:59:53'),
(96, 1, 3, 2, '2026-05-14', 2, 2, 54, '2026-05-06 16:23:52'),
(97, 1, 3, 2, '2026-05-14', 3, 1, 5, '2026-05-06 15:41:17'),
(98, 1, 3, 2, '2026-05-14', 3, 2, 60, '2026-05-09 20:35:27'),
(99, 1, 4, 1, '2026-05-14', 1, 1, 13, '2026-05-07 03:27:49'),
(100, 1, 4, 1, '2026-05-14', 2, 1, 11, '2026-05-06 13:40:49'),
(101, 1, 4, 1, '2026-05-14', 3, 1, NULL, NULL),
(102, 1, 4, 2, '2026-05-14', 1, 1, 71, '2026-05-06 21:07:13'),
(103, 1, 4, 2, '2026-05-14', 2, 1, 55, '2026-05-06 16:46:52'),
(104, 1, 4, 2, '2026-05-14', 3, 1, NULL, NULL),
(105, 1, 2, 1, '2026-05-15', 1, 1, 29, '2026-05-06 16:30:56'),
(106, 1, 2, 1, '2026-05-15', 2, 1, 13, '2026-05-07 01:41:00'),
(107, 1, 2, 1, '2026-05-15', 3, 1, NULL, NULL),
(108, 1, 2, 2, '2026-05-15', 1, 1, 29, '2026-05-06 16:30:59'),
(109, 1, 2, 2, '2026-05-15', 2, 1, 13, '2026-05-07 03:07:47'),
(110, 1, 2, 2, '2026-05-15', 3, 1, NULL, NULL),
(111, 1, 3, 1, '2026-05-15', 1, 1, 22, '2026-05-06 13:49:17'),
(112, 1, 3, 1, '2026-05-15', 1, 2, 57, '2026-05-07 00:39:35'),
(113, 1, 3, 1, '2026-05-15', 1, 3, 17, '2026-05-06 16:41:50'),
(114, 1, 3, 1, '2026-05-15', 2, 1, 54, '2026-05-08 18:09:31'),
(115, 1, 3, 1, '2026-05-15', 2, 2, 45, '2026-05-06 15:59:58'),
(116, 1, 3, 1, '2026-05-15', 3, 1, 5, '2026-05-06 15:41:08'),
(117, 1, 3, 1, '2026-05-15', 3, 2, NULL, NULL),
(118, 1, 3, 2, '2026-05-15', 1, 1, 53, '2026-05-06 16:22:46'),
(119, 1, 3, 2, '2026-05-15', 1, 2, 70, '2026-05-06 21:13:24'),
(120, 1, 3, 2, '2026-05-15', 1, 3, 69, '2026-05-06 18:14:12'),
(121, 1, 3, 2, '2026-05-15', 2, 1, 4, '2026-05-07 20:32:12'),
(122, 1, 3, 2, '2026-05-15', 2, 2, 54, '2026-05-06 16:27:26'),
(123, 1, 3, 2, '2026-05-15', 3, 1, 5, '2026-05-06 15:41:18'),
(124, 1, 3, 2, '2026-05-15', 3, 2, 60, '2026-05-09 20:35:09'),
(125, 1, 4, 1, '2026-05-15', 1, 1, 73, '2026-05-07 03:15:29'),
(126, 1, 4, 1, '2026-05-15', 2, 1, 11, '2026-05-06 13:40:30'),
(127, 1, 4, 1, '2026-05-15', 3, 1, NULL, NULL),
(128, 1, 4, 2, '2026-05-15', 1, 1, 73, '2026-05-07 04:42:31'),
(129, 1, 4, 2, '2026-05-15', 2, 1, 11, '2026-05-06 13:40:31'),
(130, 1, 4, 2, '2026-05-15', 3, 1, NULL, NULL),
(131, 1, 2, 1, '2026-05-16', 1, 1, 57, '2026-05-16 02:44:21'),
(132, 1, 2, 1, '2026-05-16', 2, 1, 56, '2026-05-07 03:28:43'),
(133, 1, 2, 1, '2026-05-16', 3, 1, NULL, NULL),
(134, 1, 2, 2, '2026-05-16', 1, 1, 29, '2026-05-11 03:08:41'),
(135, 1, 2, 2, '2026-05-16', 2, 1, 56, '2026-05-07 03:09:43'),
(136, 1, 2, 2, '2026-05-16', 3, 1, NULL, NULL),
(137, 1, 3, 1, '2026-05-16', 1, 1, 53, '2026-05-06 16:31:00'),
(138, 1, 3, 1, '2026-05-16', 1, 2, 45, '2026-05-07 03:12:16'),
(139, 1, 3, 1, '2026-05-16', 1, 3, 17, '2026-05-06 16:36:40'),
(140, 1, 3, 1, '2026-05-16', 2, 1, 10, '2026-05-06 16:20:55'),
(141, 1, 3, 1, '2026-05-16', 2, 2, 54, '2026-05-06 16:25:23'),
(142, 1, 3, 1, '2026-05-16', 3, 1, 5, '2026-05-06 15:41:08'),
(143, 1, 3, 1, '2026-05-16', 3, 2, NULL, NULL),
(144, 1, 3, 2, '2026-05-16', 1, 1, 70, '2026-05-07 01:47:42'),
(145, 1, 3, 2, '2026-05-16', 1, 2, 61, '2026-05-06 18:30:11'),
(146, 1, 3, 2, '2026-05-16', 1, 3, 13, '2026-05-16 02:42:44'),
(147, 1, 3, 2, '2026-05-16', 2, 1, 45, '2026-05-07 03:38:37'),
(148, 1, 3, 2, '2026-05-16', 2, 2, 54, '2026-05-06 16:25:35'),
(149, 1, 3, 2, '2026-05-16', 3, 1, 5, '2026-05-06 15:41:19'),
(150, 1, 3, 2, '2026-05-16', 3, 2, NULL, NULL),
(151, 1, 4, 1, '2026-05-16', 1, 1, 73, '2026-05-07 02:19:09'),
(152, 1, 4, 1, '2026-05-16', 2, 1, 55, '2026-05-06 16:46:22'),
(153, 1, 4, 1, '2026-05-16', 3, 1, NULL, NULL),
(154, 1, 4, 2, '2026-05-16', 1, 1, 22, '2026-05-07 03:25:39'),
(155, 1, 4, 2, '2026-05-16', 2, 1, 71, '2026-05-06 21:06:31'),
(156, 1, 4, 2, '2026-05-16', 3, 1, NULL, NULL),
(157, 1, 2, 1, '2026-05-17', 1, 1, 13, '2026-05-17 16:33:33'),
(158, 1, 2, 1, '2026-05-17', 2, 1, 56, '2026-05-17 16:34:45'),
(159, 1, 2, 1, '2026-05-17', 3, 1, NULL, NULL),
(160, 1, 2, 2, '2026-05-17', 1, 1, 69, '2026-05-06 18:13:12'),
(161, 1, 2, 2, '2026-05-17', 2, 1, 56, '2026-05-06 15:49:27'),
(162, 1, 2, 2, '2026-05-17', 3, 1, NULL, NULL),
(163, 1, 3, 1, '2026-05-17', 1, 1, 22, '2026-05-06 13:50:25'),
(164, 1, 3, 1, '2026-05-17', 1, 2, 57, '2026-05-06 17:14:46'),
(165, 1, 3, 1, '2026-05-17', 1, 3, 17, '2026-05-06 16:36:42'),
(166, 1, 3, 1, '2026-05-17', 2, 1, 45, '2026-05-06 15:48:24'),
(167, 1, 3, 1, '2026-05-17', 2, 2, 10, '2026-05-06 16:21:04'),
(168, 1, 3, 1, '2026-05-17', 3, 1, NULL, NULL),
(169, 1, 3, 1, '2026-05-17', 3, 2, NULL, NULL),
(170, 1, 3, 2, '2026-05-17', 1, 1, 53, '2026-05-06 16:22:51'),
(171, 1, 3, 2, '2026-05-17', 1, 2, 61, '2026-05-06 18:30:12'),
(172, 1, 3, 2, '2026-05-17', 1, 3, 70, '2026-05-06 21:10:28'),
(173, 1, 3, 2, '2026-05-17', 2, 1, 4, '2026-05-07 18:54:18'),
(174, 1, 3, 2, '2026-05-17', 2, 2, 54, '2026-05-06 16:27:43'),
(175, 1, 3, 2, '2026-05-17', 3, 1, NULL, NULL),
(176, 1, 3, 2, '2026-05-17', 3, 2, 60, '2026-05-09 20:35:11'),
(177, 1, 4, 1, '2026-05-17', 1, 1, 73, '2026-05-07 02:07:23'),
(178, 1, 4, 1, '2026-05-17', 2, 1, 11, '2026-05-06 13:40:11'),
(179, 1, 4, 1, '2026-05-17', 3, 1, NULL, NULL),
(180, 1, 4, 2, '2026-05-17', 1, 1, 71, '2026-05-06 21:07:17'),
(181, 1, 4, 2, '2026-05-17', 2, 1, 55, '2026-05-06 16:46:31'),
(182, 1, 4, 2, '2026-05-17', 3, 1, NULL, NULL),
(183, 2, 2, 1, '2026-05-18', 1, 1, 70, '2026-05-15 18:09:43'),
(184, 2, 2, 1, '2026-05-18', 2, 1, 13, '2026-05-11 08:21:26'),
(185, 2, 2, 1, '2026-05-18', 3, 1, NULL, NULL),
(186, 2, 2, 2, '2026-05-18', 1, 1, 71, '2026-05-16 16:45:07'),
(187, 2, 2, 2, '2026-05-18', 2, 1, 56, '2026-05-11 08:21:26'),
(188, 2, 2, 2, '2026-05-18', 3, 1, NULL, NULL),
(189, 2, 3, 1, '2026-05-18', 1, 1, 22, '2026-05-11 08:21:26'),
(190, 2, 3, 1, '2026-05-18', 1, 2, 69, '2026-05-11 08:21:26'),
(191, 2, 3, 1, '2026-05-18', 1, 3, 57, '2026-05-11 08:21:26'),
(192, 2, 3, 1, '2026-05-18', 2, 1, 54, '2026-05-12 14:55:29'),
(193, 2, 3, 1, '2026-05-18', 2, 2, 45, '2026-05-11 08:21:26'),
(194, 2, 3, 1, '2026-05-18', 3, 1, 5, '2026-05-11 08:21:26'),
(195, 2, 3, 1, '2026-05-18', 3, 2, NULL, NULL),
(196, 2, 3, 2, '2026-05-18', 1, 1, 53, '2026-05-11 16:16:35'),
(197, 2, 3, 2, '2026-05-18', 1, 2, 61, '2026-05-15 17:52:51'),
(198, 2, 3, 2, '2026-05-18', 1, 3, 57, '2026-05-11 08:21:26'),
(199, 2, 3, 2, '2026-05-18', 2, 1, 10, '2026-05-11 08:21:26'),
(200, 2, 3, 2, '2026-05-18', 2, 2, 4, '2026-05-18 02:02:39'),
(201, 2, 3, 2, '2026-05-18', 3, 1, 5, '2026-05-11 08:21:26'),
(202, 2, 3, 2, '2026-05-18', 3, 2, 60, '2026-05-11 08:21:26'),
(203, 2, 4, 1, '2026-05-18', 1, 1, 73, '2026-05-11 08:21:26'),
(204, 2, 4, 1, '2026-05-18', 2, 1, 55, '2026-05-11 08:21:26'),
(205, 2, 4, 1, '2026-05-18', 3, 1, NULL, NULL),
(206, 2, 4, 2, '2026-05-18', 1, 1, 59, '2026-05-16 19:46:58'),
(207, 2, 4, 2, '2026-05-18', 2, 1, 11, '2026-05-11 16:13:16'),
(208, 2, 4, 2, '2026-05-18', 3, 1, NULL, NULL),
(209, 2, 2, 1, '2026-05-19', 1, 1, 54, '2026-05-16 17:51:12'),
(210, 2, 2, 1, '2026-05-19', 2, 1, 13, '2026-05-15 17:26:55'),
(211, 2, 2, 1, '2026-05-19', 3, 1, NULL, NULL),
(212, 2, 2, 2, '2026-05-19', 1, 1, 69, '2026-05-11 08:21:26'),
(213, 2, 2, 2, '2026-05-19', 2, 1, 56, '2026-05-11 08:21:26'),
(214, 2, 2, 2, '2026-05-19', 3, 1, NULL, NULL),
(215, 2, 3, 1, '2026-05-19', 1, 1, 22, '2026-05-11 08:21:26'),
(216, 2, 3, 1, '2026-05-19', 1, 2, 70, '2026-05-11 08:21:26'),
(217, 2, 3, 1, '2026-05-19', 1, 3, 57, '2026-05-11 08:21:26'),
(218, 2, 3, 1, '2026-05-19', 2, 1, 4, '2026-05-15 17:08:20'),
(219, 2, 3, 1, '2026-05-19', 2, 2, 10, '2026-05-11 18:38:21'),
(220, 2, 3, 1, '2026-05-19', 3, 1, 5, '2026-05-15 16:53:38'),
(221, 2, 3, 1, '2026-05-19', 3, 2, NULL, NULL),
(222, 2, 3, 2, '2026-05-19', 1, 1, 53, '2026-05-11 16:17:09'),
(223, 2, 3, 2, '2026-05-19', 1, 2, 61, '2026-05-11 08:21:26'),
(224, 2, 3, 2, '2026-05-19', 1, 3, 17, '2026-05-11 08:21:26'),
(225, 2, 3, 2, '2026-05-19', 2, 1, 4, '2026-05-11 08:21:26'),
(226, 2, 3, 2, '2026-05-19', 2, 2, 10, '2026-05-11 08:21:26'),
(227, 2, 3, 2, '2026-05-19', 3, 1, 5, '2026-05-11 08:21:26'),
(228, 2, 3, 2, '2026-05-19', 3, 2, 60, '2026-05-11 08:21:26'),
(229, 2, 4, 1, '2026-05-19', 1, 1, 73, '2026-05-11 08:21:26'),
(230, 2, 4, 1, '2026-05-19', 2, 1, 55, '2026-05-11 08:21:26'),
(231, 2, 4, 1, '2026-05-19', 3, 1, NULL, NULL),
(232, 2, 4, 2, '2026-05-19', 1, 1, 73, '2026-05-11 20:29:59'),
(233, 2, 4, 2, '2026-05-19', 2, 1, 11, '2026-05-11 16:25:04'),
(234, 2, 4, 2, '2026-05-19', 3, 1, NULL, NULL),
(235, 2, 2, 1, '2026-05-20', 1, 1, 70, '2026-05-15 18:15:39'),
(236, 2, 2, 1, '2026-05-20', 2, 1, 45, '2026-05-11 16:42:27'),
(237, 2, 2, 1, '2026-05-20', 3, 1, NULL, NULL),
(238, 2, 2, 2, '2026-05-20', 1, 1, 70, '2026-05-17 03:10:07'),
(239, 2, 2, 2, '2026-05-20', 2, 1, 56, '2026-05-11 08:21:26'),
(240, 2, 2, 2, '2026-05-20', 3, 1, NULL, NULL),
(241, 2, 3, 1, '2026-05-20', 1, 1, 22, '2026-05-11 08:21:26'),
(242, 2, 3, 1, '2026-05-20', 1, 2, 68, '2026-05-15 21:12:28'),
(243, 2, 3, 1, '2026-05-20', 1, 3, 17, '2026-05-15 16:12:37'),
(244, 2, 3, 1, '2026-05-20', 2, 1, 10, '2026-05-11 08:21:26'),
(245, 2, 3, 1, '2026-05-20', 2, 2, 54, '2026-05-12 15:00:22'),
(246, 2, 3, 1, '2026-05-20', 3, 1, 5, '2026-05-11 08:21:26'),
(247, 2, 3, 1, '2026-05-20', 3, 2, NULL, NULL),
(248, 2, 3, 2, '2026-05-20', 1, 1, 69, '2026-05-11 08:21:26'),
(249, 2, 3, 2, '2026-05-20', 1, 2, 61, '2026-05-11 08:21:26'),
(250, 2, 3, 2, '2026-05-20', 1, 3, 53, '2026-05-15 16:12:04'),
(251, 2, 3, 2, '2026-05-20', 2, 1, 5, '2026-05-17 22:50:16'),
(252, 2, 3, 2, '2026-05-20', 2, 2, 10, '2026-05-15 15:50:12'),
(253, 2, 3, 2, '2026-05-20', 3, 1, NULL, NULL),
(254, 2, 3, 2, '2026-05-20', 3, 2, 60, '2026-05-11 08:21:26'),
(255, 2, 4, 1, '2026-05-20', 1, 1, 71, '2026-05-16 18:19:24'),
(256, 2, 4, 1, '2026-05-20', 2, 1, 55, '2026-05-11 08:21:26'),
(257, 2, 4, 1, '2026-05-20', 3, 1, NULL, NULL),
(258, 2, 4, 2, '2026-05-20', 1, 1, 73, '2026-05-16 02:03:01'),
(259, 2, 4, 2, '2026-05-20', 2, 1, 71, '2026-05-16 18:19:26'),
(260, 2, 4, 2, '2026-05-20', 3, 1, NULL, NULL),
(261, 2, 2, 1, '2026-05-21', 1, 1, 13, '2026-05-15 17:23:46'),
(262, 2, 2, 1, '2026-05-21', 2, 1, 56, '2026-05-21 20:15:29'),
(263, 2, 2, 1, '2026-05-21', 3, 1, NULL, NULL),
(264, 2, 2, 2, '2026-05-21', 1, 1, 69, '2026-05-11 08:21:26'),
(265, 2, 2, 2, '2026-05-21', 2, 1, 45, '2026-05-21 20:14:21'),
(266, 2, 2, 2, '2026-05-21', 3, 1, NULL, NULL),
(267, 2, 3, 1, '2026-05-21', 1, 1, 22, '2026-05-11 08:21:26'),
(268, 2, 3, 1, '2026-05-21', 1, 2, 68, '2026-05-16 06:11:43'),
(269, 2, 3, 1, '2026-05-21', 1, 3, 53, '2026-05-15 16:12:19'),
(270, 2, 3, 1, '2026-05-21', 2, 1, 4, '2026-05-12 14:44:12'),
(271, 2, 3, 1, '2026-05-21', 2, 2, 10, '2026-05-17 15:59:49'),
(272, 2, 3, 1, '2026-05-21', 3, 1, 5, '2026-05-11 08:21:26'),
(273, 2, 3, 1, '2026-05-21', 3, 2, NULL, NULL),
(274, 2, 3, 2, '2026-05-21', 1, 1, 70, '2026-05-11 08:21:26'),
(275, 2, 3, 2, '2026-05-21', 1, 2, 61, '2026-05-15 20:23:11'),
(276, 2, 3, 2, '2026-05-21', 1, 3, 17, '2026-05-15 16:25:32'),
(277, 2, 3, 2, '2026-05-21', 2, 1, 4, '2026-05-11 08:21:26'),
(278, 2, 3, 2, '2026-05-21', 2, 2, 54, '2026-05-11 08:21:26'),
(279, 2, 3, 2, '2026-05-21', 3, 1, 5, '2026-05-11 08:21:26'),
(280, 2, 3, 2, '2026-05-21', 3, 2, 60, '2026-05-11 08:21:26'),
(281, 2, 4, 1, '2026-05-21', 1, 1, 73, '2026-05-12 20:25:59'),
(282, 2, 4, 1, '2026-05-21', 2, 1, 71, '2026-05-14 20:25:38'),
(283, 2, 4, 1, '2026-05-21', 3, 1, NULL, NULL),
(284, 2, 4, 2, '2026-05-21', 1, 1, 11, '2026-05-15 12:32:46'),
(285, 2, 4, 2, '2026-05-21', 2, 1, 55, '2026-05-11 08:21:26'),
(286, 2, 4, 2, '2026-05-21', 3, 1, NULL, NULL),
(287, 2, 2, 1, '2026-05-22', 1, 1, 57, '2026-05-15 18:08:05'),
(288, 2, 2, 1, '2026-05-22', 2, 1, 13, '2026-05-11 08:21:26'),
(289, 2, 2, 1, '2026-05-22', 3, 1, NULL, NULL),
(290, 2, 2, 2, '2026-05-22', 1, 1, 71, '2026-05-16 18:20:00'),
(291, 2, 2, 2, '2026-05-22', 2, 1, 13, '2026-05-11 08:21:26'),
(292, 2, 2, 2, '2026-05-22', 3, 1, NULL, NULL),
(293, 2, 3, 1, '2026-05-22', 1, 1, 22, '2026-05-11 08:21:26'),
(294, 2, 3, 1, '2026-05-22', 1, 2, 68, '2026-05-18 01:50:03'),
(295, 2, 3, 1, '2026-05-22', 1, 3, 17, '2026-05-11 08:21:26'),
(296, 2, 3, 1, '2026-05-22', 2, 1, 4, '2026-05-18 02:08:56'),
(297, 2, 3, 1, '2026-05-22', 2, 2, 54, '2026-05-19 18:53:50'),
(298, 2, 3, 1, '2026-05-22', 3, 1, 5, '2026-05-11 08:21:26'),
(299, 2, 3, 1, '2026-05-22', 3, 2, 45, '2026-05-18 02:08:34'),
(300, 2, 3, 2, '2026-05-22', 1, 1, 57, '2026-05-15 16:21:51'),
(301, 2, 3, 2, '2026-05-22', 1, 2, 61, '2026-05-15 20:21:57'),
(302, 2, 3, 2, '2026-05-22', 1, 3, 69, '2026-05-11 08:21:26'),
(303, 2, 3, 2, '2026-05-22', 2, 1, 4, '2026-05-11 08:21:26'),
(304, 2, 3, 2, '2026-05-22', 2, 2, 54, '2026-05-18 02:20:42'),
(305, 2, 3, 2, '2026-05-22', 3, 1, 5, '2026-05-11 08:21:26'),
(306, 2, 3, 2, '2026-05-22', 3, 2, 60, '2026-05-11 08:21:26'),
(307, 2, 4, 1, '2026-05-22', 1, 1, 73, '2026-05-11 08:21:26'),
(308, 2, 4, 1, '2026-05-22', 2, 1, 11, '2026-05-11 08:21:26'),
(309, 2, 4, 1, '2026-05-22', 3, 1, NULL, NULL),
(310, 2, 4, 2, '2026-05-22', 1, 1, 59, '2026-05-16 19:47:06'),
(311, 2, 4, 2, '2026-05-22', 2, 1, 11, '2026-05-11 08:21:26'),
(312, 2, 4, 2, '2026-05-22', 3, 1, NULL, NULL),
(313, 2, 2, 1, '2026-05-23', 1, 1, 71, '2026-05-16 16:43:14'),
(314, 2, 2, 1, '2026-05-23', 2, 1, 56, '2026-05-11 08:21:26'),
(315, 2, 2, 1, '2026-05-23', 3, 1, NULL, NULL),
(316, 2, 2, 2, '2026-05-23', 1, 1, 69, '2026-05-13 01:18:32'),
(317, 2, 2, 2, '2026-05-23', 2, 1, 56, '2026-05-11 08:21:26'),
(318, 2, 2, 2, '2026-05-23', 3, 1, NULL, NULL),
(319, 2, 3, 1, '2026-05-23', 1, 1, 57, '2026-05-15 16:20:47'),
(320, 2, 3, 1, '2026-05-23', 1, 2, NULL, NULL),
(321, 2, 3, 1, '2026-05-23', 1, 3, 17, '2026-05-11 08:21:26'),
(322, 2, 3, 1, '2026-05-23', 2, 1, 13, '2026-05-15 17:32:53'),
(323, 2, 3, 1, '2026-05-23', 2, 2, 54, '2026-05-11 08:21:26'),
(324, 2, 3, 1, '2026-05-23', 3, 1, 5, '2026-05-11 08:21:26'),
(325, 2, 3, 1, '2026-05-23', 3, 2, NULL, NULL),
(326, 2, 3, 2, '2026-05-23', 1, 1, 53, '2026-05-15 21:13:54'),
(327, 2, 3, 2, '2026-05-23', 1, 2, NULL, NULL),
(328, 2, 3, 2, '2026-05-23', 1, 3, 70, '2026-05-16 02:34:04'),
(329, 2, 3, 2, '2026-05-23', 2, 1, 45, '2026-05-11 08:21:26'),
(330, 2, 3, 2, '2026-05-23', 2, 2, 54, '2026-05-11 08:21:26'),
(331, 2, 3, 2, '2026-05-23', 3, 1, 5, '2026-05-11 08:21:26'),
(332, 2, 3, 2, '2026-05-23', 3, 2, NULL, NULL),
(333, 2, 4, 1, '2026-05-23', 1, 1, 11, '2026-05-12 20:28:05'),
(334, 2, 4, 1, '2026-05-23', 2, 1, 55, '2026-05-11 08:21:26'),
(335, 2, 4, 1, '2026-05-23', 3, 1, NULL, NULL),
(336, 2, 4, 2, '2026-05-23', 1, 1, 22, '2026-05-11 08:21:26'),
(337, 2, 4, 2, '2026-05-23', 2, 1, 59, '2026-05-16 19:47:09'),
(338, 2, 4, 2, '2026-05-23', 3, 1, NULL, NULL),
(339, 2, 2, 1, '2026-05-24', 1, 1, 22, '2026-05-17 18:21:33'),
(340, 2, 2, 1, '2026-05-24', 2, 1, 56, '2026-05-24 13:21:06'),
(341, 2, 2, 1, '2026-05-24', 3, 1, NULL, NULL),
(342, 2, 2, 2, '2026-05-24', 1, 1, 13, '2026-05-18 01:33:53'),
(343, 2, 2, 2, '2026-05-24', 2, 1, 56, '2026-05-11 08:21:26'),
(344, 2, 2, 2, '2026-05-24', 3, 1, NULL, NULL),
(345, 2, 3, 1, '2026-05-24', 1, 1, 57, '2026-05-17 18:21:25'),
(346, 2, 3, 1, '2026-05-24', 1, 2, NULL, NULL),
(347, 2, 3, 1, '2026-05-24', 1, 3, 53, '2026-05-15 16:17:19'),
(348, 2, 3, 1, '2026-05-24', 2, 1, 45, '2026-05-11 08:21:26'),
(349, 2, 3, 1, '2026-05-24', 2, 2, 54, '2026-05-24 19:27:30'),
(350, 2, 3, 1, '2026-05-24', 3, 1, NULL, NULL),
(351, 2, 3, 1, '2026-05-24', 3, 2, NULL, NULL),
(352, 2, 3, 2, '2026-05-24', 1, 1, 57, '2026-05-16 03:16:59'),
(353, 2, 3, 2, '2026-05-24', 1, 2, NULL, NULL),
(354, 2, 3, 2, '2026-05-24', 1, 3, 17, '2026-05-15 18:32:12'),
(355, 2, 3, 2, '2026-05-24', 2, 1, 45, '2026-05-15 16:51:50'),
(356, 2, 3, 2, '2026-05-24', 2, 2, 54, '2026-05-11 08:21:26'),
(357, 2, 3, 2, '2026-05-24', 3, 1, NULL, NULL),
(358, 2, 3, 2, '2026-05-24', 3, 2, 60, '2026-05-11 08:21:26'),
(359, 2, 4, 1, '2026-05-24', 1, 1, 73, '2026-05-11 08:21:26'),
(360, 2, 4, 1, '2026-05-24', 2, 1, 11, '2026-05-11 08:21:26'),
(361, 2, 4, 1, '2026-05-24', 3, 1, NULL, NULL),
(362, 2, 4, 2, '2026-05-24', 1, 1, 71, '2026-05-11 08:21:26'),
(363, 2, 4, 2, '2026-05-24', 2, 1, 55, '2026-05-11 08:21:26'),
(364, 2, 4, 2, '2026-05-24', 3, 1, NULL, NULL),
(365, 3, 2, 1, '2026-05-25', 1, 1, 71, '2026-05-18 22:46:39'),
(366, 3, 2, 1, '2026-05-25', 2, 1, 13, '2026-05-18 06:01:10'),
(367, 3, 2, 1, '2026-05-25', 3, 1, NULL, NULL),
(368, 3, 2, 2, '2026-05-25', 1, 1, 71, '2026-05-18 22:46:40'),
(369, 3, 2, 2, '2026-05-25', 2, 1, 56, '2026-05-18 06:01:10'),
(370, 3, 2, 2, '2026-05-25', 3, 1, NULL, NULL),
(371, 3, 3, 1, '2026-05-25', 1, 1, 22, '2026-05-18 06:01:10'),
(372, 3, 3, 1, '2026-05-25', 1, 2, 69, '2026-05-24 13:46:42'),
(373, 3, 3, 1, '2026-05-25', 1, 3, 57, '2026-05-18 06:01:10'),
(374, 3, 3, 1, '2026-05-25', 2, 1, 54, '2026-05-23 01:11:41'),
(375, 3, 3, 1, '2026-05-25', 2, 2, 45, '2026-05-18 06:01:10'),
(376, 3, 3, 1, '2026-05-25', 3, 1, 5, '2026-05-18 06:01:10'),
(377, 3, 3, 1, '2026-05-25', 3, 2, NULL, NULL),
(378, 3, 3, 2, '2026-05-25', 1, 1, 53, '2026-05-18 06:01:10'),
(379, 3, 3, 2, '2026-05-25', 1, 2, 61, '2026-05-18 06:01:10'),
(380, 3, 3, 2, '2026-05-25', 1, 3, 57, '2026-05-24 20:39:29'),
(381, 3, 3, 2, '2026-05-25', 2, 1, 54, '2026-05-23 01:24:57'),
(382, 3, 3, 2, '2026-05-25', 2, 2, 11, '2026-05-25 17:13:13'),
(383, 3, 3, 2, '2026-05-25', 3, 1, 5, '2026-05-25 02:44:03'),
(384, 3, 3, 2, '2026-05-25', 3, 2, 60, '2026-05-18 06:01:10'),
(385, 3, 4, 1, '2026-05-25', 1, 1, 73, '2026-05-18 06:01:10'),
(386, 3, 4, 1, '2026-05-25', 2, 1, 55, '2026-05-18 06:01:10'),
(387, 3, 4, 1, '2026-05-25', 3, 1, NULL, NULL),
(388, 3, 4, 2, '2026-05-25', 1, 1, 60, '2026-05-25 17:12:03'),
(389, 3, 4, 2, '2026-05-25', 2, 1, 59, '2026-05-25 17:10:28'),
(390, 3, 4, 2, '2026-05-25', 3, 1, NULL, NULL),
(391, 3, 2, 1, '2026-05-26', 1, 1, 57, '2026-05-26 01:29:45'),
(392, 3, 2, 1, '2026-05-26', 2, 1, 13, '2026-05-23 21:55:54'),
(393, 3, 2, 1, '2026-05-26', 3, 1, 45, '2026-05-25 15:08:40'),
(394, 3, 2, 2, '2026-05-26', 1, 1, 69, '2026-05-24 13:46:35'),
(395, 3, 2, 2, '2026-05-26', 2, 1, 56, '2026-05-18 06:01:10'),
(396, 3, 2, 2, '2026-05-26', 3, 1, NULL, NULL),
(397, 3, 3, 1, '2026-05-26', 1, 1, 22, '2026-05-18 06:01:10'),
(398, 3, 3, 1, '2026-05-26', 1, 2, 54, '2026-05-26 01:34:24'),
(399, 3, 3, 1, '2026-05-26', 1, 3, 53, '2026-05-26 01:23:45'),
(400, 3, 3, 1, '2026-05-26', 2, 1, 4, '2026-05-19 00:59:28'),
(401, 3, 3, 1, '2026-05-26', 2, 2, 10, '2026-05-18 06:01:10'),
(402, 3, 3, 1, '2026-05-26', 3, 1, 5, '2026-05-18 06:01:10'),
(403, 3, 3, 1, '2026-05-26', 3, 2, NULL, NULL),
(404, 3, 3, 2, '2026-05-26', 1, 1, 70, '2026-05-26 14:00:41'),
(405, 3, 3, 2, '2026-05-26', 1, 2, 61, '2026-05-18 06:01:10'),
(406, 3, 3, 2, '2026-05-26', 1, 3, 57, '2026-05-24 13:02:21'),
(407, 3, 3, 2, '2026-05-26', 2, 1, 4, '2026-05-19 00:54:18'),
(408, 3, 3, 2, '2026-05-26', 2, 2, 10, '2026-05-18 06:01:10'),
(409, 3, 3, 2, '2026-05-26', 3, 1, 5, '2026-05-18 06:01:10'),
(410, 3, 3, 2, '2026-05-26', 3, 2, NULL, NULL),
(411, 3, 4, 1, '2026-05-26', 1, 1, 73, '2026-05-18 06:01:10'),
(412, 3, 4, 1, '2026-05-26', 2, 1, 55, '2026-05-18 06:01:10'),
(413, 3, 4, 1, '2026-05-26', 3, 1, NULL, NULL),
(414, 3, 4, 2, '2026-05-26', 1, 1, 71, '2026-05-18 23:54:06'),
(415, 3, 4, 2, '2026-05-26', 2, 1, 11, '2026-05-18 06:01:10'),
(416, 3, 4, 2, '2026-05-26', 3, 1, NULL, NULL),
(417, 3, 2, 1, '2026-05-27', 1, 1, 13, '2026-05-18 13:42:53'),
(418, 3, 2, 1, '2026-05-27', 2, 1, 45, '2026-05-18 06:01:10'),
(419, 3, 2, 1, '2026-05-27', 3, 1, NULL, NULL),
(420, 3, 2, 2, '2026-05-27', 1, 1, 70, '2026-05-18 07:22:30'),
(421, 3, 2, 2, '2026-05-27', 2, 1, 56, '2026-05-18 06:01:10'),
(422, 3, 2, 2, '2026-05-27', 3, 1, NULL, NULL),
(423, 3, 3, 1, '2026-05-27', 1, 1, 22, '2026-05-18 06:01:10'),
(424, 3, 3, 1, '2026-05-27', 1, 2, 54, '2026-05-25 17:59:20'),
(425, 3, 3, 1, '2026-05-27', 1, 3, 53, '2026-05-19 15:26:41'),
(426, 3, 3, 1, '2026-05-27', 2, 1, 10, '2026-05-18 06:01:10'),
(427, 3, 3, 1, '2026-05-27', 2, 2, 4, '2026-05-23 01:25:30'),
(428, 3, 3, 1, '2026-05-27', 3, 1, 5, '2026-05-18 06:01:10'),
(429, 3, 3, 1, '2026-05-27', 3, 2, NULL, NULL),
(430, 3, 3, 2, '2026-05-27', 1, 1, 69, '2026-05-24 13:46:49'),
(431, 3, 3, 2, '2026-05-27', 1, 2, 61, '2026-05-18 06:01:10'),
(432, 3, 3, 2, '2026-05-27', 1, 3, 17, '2026-05-25 01:15:48'),
(433, 3, 3, 2, '2026-05-27', 2, 1, 4, '2026-05-22 14:32:18'),
(434, 3, 3, 2, '2026-05-27', 2, 2, 10, '2026-05-18 06:01:10'),
(435, 3, 3, 2, '2026-05-27', 3, 1, 5, '2026-05-21 05:52:43'),
(436, 3, 3, 2, '2026-05-27', 3, 2, 60, '2026-05-18 06:01:10'),
(437, 3, 4, 1, '2026-05-27', 1, 1, 11, '2026-05-18 21:33:39'),
(438, 3, 4, 1, '2026-05-27', 2, 1, 55, '2026-05-18 06:01:10'),
(439, 3, 4, 1, '2026-05-27', 3, 1, NULL, NULL),
(440, 3, 4, 2, '2026-05-27', 1, 1, 71, '2026-05-18 23:58:28'),
(441, 3, 4, 2, '2026-05-27', 2, 1, 11, '2026-05-18 21:33:41'),
(442, 3, 4, 2, '2026-05-27', 3, 1, NULL, NULL),
(443, 3, 2, 1, '2026-05-28', 1, 1, 13, '2026-05-18 06:01:10'),
(444, 3, 2, 1, '2026-05-28', 2, 1, 45, '2026-05-18 06:01:10'),
(445, 3, 2, 1, '2026-05-28', 3, 1, NULL, NULL),
(446, 3, 2, 2, '2026-05-28', 1, 1, 69, '2026-05-24 13:46:36'),
(447, 3, 2, 2, '2026-05-28', 2, 1, 56, '2026-05-18 06:01:10'),
(448, 3, 2, 2, '2026-05-28', 3, 1, NULL, NULL),
(449, 3, 3, 1, '2026-05-28', 1, 1, 22, '2026-05-18 06:01:10'),
(450, 3, 3, 1, '2026-05-28', 1, 2, 68, '2026-05-18 06:01:10'),
(451, 3, 3, 1, '2026-05-28', 1, 3, 54, '2026-05-25 03:03:42'),
(452, 3, 3, 1, '2026-05-28', 2, 1, 4, '2026-05-23 01:28:56'),
(453, 3, 3, 1, '2026-05-28', 2, 2, 10, '2026-05-21 15:30:43'),
(454, 3, 3, 1, '2026-05-28', 3, 1, 5, '2026-05-18 06:01:10'),
(455, 3, 3, 1, '2026-05-28', 3, 2, NULL, NULL),
(456, 3, 3, 2, '2026-05-28', 1, 1, 57, '2026-05-24 13:02:56'),
(457, 3, 3, 2, '2026-05-28', 1, 2, 70, '2026-05-22 02:33:32'),
(458, 3, 3, 2, '2026-05-28', 1, 3, 17, '2026-05-18 06:01:10'),
(459, 3, 3, 2, '2026-05-28', 2, 1, 45, '2026-05-21 14:03:36'),
(460, 3, 3, 2, '2026-05-28', 2, 2, 54, '2026-05-21 05:44:02'),
(461, 3, 3, 2, '2026-05-28', 3, 1, 5, '2026-05-18 06:01:10'),
(462, 3, 3, 2, '2026-05-28', 3, 2, 60, '2026-05-18 06:01:10'),
(463, 3, 4, 1, '2026-05-28', 1, 1, 73, '2026-05-18 06:01:10'),
(464, 3, 4, 1, '2026-05-28', 2, 1, 11, '2026-05-18 22:46:16'),
(465, 3, 4, 1, '2026-05-28', 3, 1, NULL, NULL),
(466, 3, 4, 2, '2026-05-28', 1, 1, 71, '2026-05-18 22:39:27'),
(467, 3, 4, 2, '2026-05-28', 2, 1, 55, '2026-05-18 06:01:10'),
(468, 3, 4, 2, '2026-05-28', 3, 1, NULL, NULL),
(469, 3, 2, 1, '2026-05-29', 1, 1, 57, '2026-05-18 06:01:10'),
(470, 3, 2, 1, '2026-05-29', 2, 1, 13, '2026-05-18 06:01:10'),
(471, 3, 2, 1, '2026-05-29', 3, 1, NULL, NULL),
(472, 3, 2, 2, '2026-05-29', 1, 1, 73, '2026-05-20 01:47:04'),
(473, 3, 2, 2, '2026-05-29', 2, 1, 13, '2026-05-18 06:01:10'),
(474, 3, 2, 2, '2026-05-29', 3, 1, NULL, NULL),
(475, 3, 3, 1, '2026-05-29', 1, 1, 22, '2026-05-18 06:01:10'),
(476, 3, 3, 1, '2026-05-29', 1, 2, 68, '2026-05-20 06:53:55'),
(477, 3, 3, 1, '2026-05-29', 1, 3, 17, '2026-05-18 06:01:10'),
(478, 3, 3, 1, '2026-05-29', 2, 1, 4, '2026-05-18 06:01:10'),
(479, 3, 3, 1, '2026-05-29', 2, 2, 10, '2026-05-18 06:01:10'),
(480, 3, 3, 1, '2026-05-29', 3, 1, 5, '2026-05-18 06:01:10'),
(481, 3, 3, 1, '2026-05-29', 3, 2, NULL, NULL),
(482, 3, 3, 2, '2026-05-29', 1, 1, 53, '2026-05-19 16:03:16'),
(483, 3, 3, 2, '2026-05-29', 1, 2, 61, '2026-05-18 06:01:10'),
(484, 3, 3, 2, '2026-05-29', 1, 3, 5, '2026-05-25 02:50:19'),
(485, 3, 3, 2, '2026-05-29', 2, 1, 4, '2026-05-18 06:01:10'),
(486, 3, 3, 2, '2026-05-29', 2, 2, 70, '2026-05-25 02:45:07'),
(487, 3, 3, 2, '2026-05-29', 3, 1, NULL, NULL),
(488, 3, 3, 2, '2026-05-29', 3, 2, 60, '2026-05-18 06:01:10'),
(489, 3, 4, 1, '2026-05-29', 1, 1, 71, '2026-05-18 22:39:14'),
(490, 3, 4, 1, '2026-05-29', 2, 1, 11, '2026-05-18 06:01:10'),
(491, 3, 4, 1, '2026-05-29', 3, 1, NULL, NULL),
(492, 3, 4, 2, '2026-05-29', 1, 1, 59, '2026-05-20 01:47:22'),
(493, 3, 4, 2, '2026-05-29', 2, 1, 11, '2026-05-18 06:01:10'),
(494, 3, 4, 2, '2026-05-29', 3, 1, NULL, NULL),
(495, 3, 2, 1, '2026-05-30', 1, 1, 57, '2026-05-22 02:57:40'),
(496, 3, 2, 1, '2026-05-30', 2, 1, 56, '2026-05-18 06:01:10'),
(497, 3, 2, 1, '2026-05-30', 3, 1, NULL, NULL),
(498, 3, 2, 2, '2026-05-30', 1, 1, 70, '2026-05-22 02:15:14'),
(499, 3, 2, 2, '2026-05-30', 2, 1, 56, '2026-05-18 06:01:10'),
(500, 3, 2, 2, '2026-05-30', 3, 1, NULL, NULL),
(501, 3, 3, 1, '2026-05-30', 1, 1, 53, '2026-05-22 02:06:45'),
(502, 3, 3, 1, '2026-05-30', 1, 2, NULL, NULL),
(503, 3, 3, 1, '2026-05-30', 1, 3, 17, '2026-05-18 06:01:10'),
(504, 3, 3, 1, '2026-05-30', 2, 1, 10, '2026-05-20 13:56:48'),
(505, 3, 3, 1, '2026-05-30', 2, 2, 13, '2026-05-22 02:57:06'),
(506, 3, 3, 1, '2026-05-30', 3, 1, 5, '2026-05-18 06:01:10'),
(507, 3, 3, 1, '2026-05-30', 3, 2, NULL, NULL),
(508, 3, 3, 2, '2026-05-30', 1, 1, 69, '2026-05-24 13:46:53'),
(509, 3, 3, 2, '2026-05-30', 1, 2, 61, '2026-05-18 13:45:45'),
(510, 3, 3, 2, '2026-05-30', 1, 3, 54, '2026-05-25 01:15:38'),
(511, 3, 3, 2, '2026-05-30', 2, 1, 45, '2026-05-18 06:01:10'),
(512, 3, 3, 2, '2026-05-30', 2, 2, 4, '2026-05-18 22:17:06'),
(513, 3, 3, 2, '2026-05-30', 3, 1, 5, '2026-05-18 06:01:10'),
(514, 3, 3, 2, '2026-05-30', 3, 2, NULL, NULL),
(515, 3, 4, 1, '2026-05-30', 1, 1, 73, '2026-05-18 22:11:24'),
(516, 3, 4, 1, '2026-05-30', 2, 1, 55, '2026-05-18 06:01:10'),
(517, 3, 4, 1, '2026-05-30', 3, 1, NULL, NULL),
(518, 3, 4, 2, '2026-05-30', 1, 1, 60, '2026-05-21 05:46:18'),
(519, 3, 4, 2, '2026-05-30', 2, 1, 11, '2026-05-22 00:26:30'),
(520, 3, 4, 2, '2026-05-30', 3, 1, NULL, NULL),
(521, 3, 2, 1, '2026-05-31', 1, 1, 22, '2026-05-18 06:01:10'),
(522, 3, 2, 1, '2026-05-31', 2, 1, 56, '2026-05-18 21:31:44'),
(523, 3, 2, 1, '2026-05-31', 3, 1, NULL, NULL),
(524, 3, 2, 2, '2026-05-31', 1, 1, 70, '2026-05-21 20:49:46'),
(525, 3, 2, 2, '2026-05-31', 2, 1, 56, '2026-05-18 06:01:10'),
(526, 3, 2, 2, '2026-05-31', 3, 1, NULL, NULL),
(527, 3, 3, 1, '2026-05-31', 1, 1, 57, '2026-05-18 06:01:10'),
(528, 3, 3, 1, '2026-05-31', 1, 2, 69, '2026-05-24 13:50:42'),
(529, 3, 3, 1, '2026-05-31', 1, 3, 17, '2026-05-22 01:37:20'),
(530, 3, 3, 1, '2026-05-31', 2, 1, 45, '2026-05-21 13:59:44'),
(531, 3, 3, 1, '2026-05-31', 2, 2, 54, '2026-05-21 05:42:16'),
(532, 3, 3, 1, '2026-05-31', 3, 1, NULL, NULL),
(533, 3, 3, 1, '2026-05-31', 3, 2, NULL, NULL),
(534, 3, 3, 2, '2026-05-31', 1, 1, 57, '2026-05-22 02:03:17'),
(535, 3, 3, 2, '2026-05-31', 1, 2, 61, '2026-05-18 13:45:45'),
(536, 3, 3, 2, '2026-05-31', 1, 3, 53, '2026-05-24 13:11:54'),
(537, 3, 3, 2, '2026-05-31', 2, 1, 45, '2026-05-21 20:58:01'),
(538, 3, 3, 2, '2026-05-31', 2, 2, 54, '2026-05-21 05:42:29'),
(539, 3, 3, 2, '2026-05-31', 3, 1, NULL, NULL),
(540, 3, 3, 2, '2026-05-31', 3, 2, 60, '2026-05-18 06:01:10'),
(541, 3, 4, 1, '2026-05-31', 1, 1, 73, '2026-05-18 06:01:10'),
(542, 3, 4, 1, '2026-05-31', 2, 1, 11, '2026-05-20 02:00:39'),
(543, 3, 4, 1, '2026-05-31', 3, 1, NULL, NULL),
(544, 3, 4, 2, '2026-05-31', 1, 1, 73, '2026-05-18 21:51:19'),
(545, 3, 4, 2, '2026-05-31', 2, 1, 55, '2026-05-18 06:01:10'),
(546, 3, 4, 2, '2026-05-31', 3, 1, NULL, NULL),
(547, 3, 2, 1, '2026-05-25', 4, 1, NULL, NULL),
(548, 3, 3, 1, '2026-05-25', 4, 1, 22, '2026-05-18 06:01:10'),
(549, 3, 4, 1, '2026-05-25', 4, 1, NULL, NULL),
(550, 2, 2, 1, '2026-05-18', 4, 1, NULL, NULL),
(551, 2, 3, 1, '2026-05-18', 4, 1, 22, '2026-05-11 20:15:17'),
(552, 2, 4, 1, '2026-05-18', 4, 1, NULL, NULL),
(553, 1, 2, 1, '2026-05-11', 4, 1, NULL, NULL),
(554, 1, 3, 1, '2026-05-11', 4, 1, NULL, NULL),
(555, 1, 4, 1, '2026-05-11', 4, 1, NULL, NULL),
(556, 3, 2, 1, '2026-05-26', 4, 1, NULL, NULL),
(557, 3, 3, 1, '2026-05-26', 4, 1, 10, '2026-05-18 06:01:10'),
(558, 3, 4, 1, '2026-05-26', 4, 1, NULL, NULL),
(559, 2, 2, 1, '2026-05-19', 4, 1, NULL, NULL),
(560, 2, 3, 1, '2026-05-19', 4, 1, 10, '2026-05-16 15:43:08'),
(561, 2, 4, 1, '2026-05-19', 4, 1, NULL, NULL),
(562, 1, 2, 1, '2026-05-12', 4, 1, NULL, NULL),
(563, 1, 3, 1, '2026-05-12', 4, 1, NULL, NULL),
(564, 1, 4, 1, '2026-05-12', 4, 1, NULL, NULL),
(565, 3, 2, 1, '2026-05-27', 4, 1, NULL, NULL),
(566, 3, 3, 1, '2026-05-27', 4, 1, NULL, NULL),
(567, 3, 4, 1, '2026-05-27', 4, 1, NULL, NULL),
(568, 2, 2, 1, '2026-05-20', 4, 1, NULL, NULL),
(569, 2, 3, 1, '2026-05-20', 4, 1, 54, '2026-05-14 12:42:53'),
(570, 2, 4, 1, '2026-05-20', 4, 1, NULL, NULL),
(571, 1, 2, 1, '2026-05-13', 4, 1, NULL, NULL),
(572, 1, 3, 1, '2026-05-13', 4, 1, NULL, NULL),
(573, 1, 4, 1, '2026-05-13', 4, 1, NULL, NULL),
(574, 3, 2, 1, '2026-05-28', 4, 1, NULL, NULL),
(575, 3, 3, 1, '2026-05-28', 4, 1, NULL, NULL),
(576, 3, 4, 1, '2026-05-28', 4, 1, NULL, NULL),
(577, 2, 2, 1, '2026-05-21', 4, 1, NULL, NULL),
(578, 2, 3, 1, '2026-05-21', 4, 1, 4, '2026-05-17 22:53:08'),
(579, 2, 4, 1, '2026-05-21', 4, 1, NULL, NULL),
(580, 1, 2, 1, '2026-05-14', 4, 1, NULL, NULL),
(581, 1, 3, 1, '2026-05-14', 4, 1, NULL, NULL),
(582, 1, 4, 1, '2026-05-14', 4, 1, NULL, NULL),
(583, 3, 2, 1, '2026-05-29', 4, 1, NULL, NULL),
(584, 3, 3, 1, '2026-05-29', 4, 1, 4, '2026-05-22 14:33:00'),
(585, 3, 4, 1, '2026-05-29', 4, 1, NULL, NULL),
(586, 2, 2, 1, '2026-05-22', 4, 1, NULL, NULL),
(587, 2, 3, 1, '2026-05-22', 4, 1, 5, '2026-05-22 01:36:17'),
(588, 2, 4, 1, '2026-05-22', 4, 1, NULL, NULL),
(589, 1, 2, 1, '2026-05-15', 4, 1, NULL, NULL),
(590, 1, 3, 1, '2026-05-15', 4, 1, NULL, NULL),
(591, 1, 4, 1, '2026-05-15', 4, 1, NULL, NULL),
(592, 3, 2, 1, '2026-05-30', 4, 1, NULL, NULL),
(593, 3, 3, 1, '2026-05-30', 4, 1, 5, '2026-05-23 21:55:14'),
(594, 3, 4, 1, '2026-05-30', 4, 1, NULL, NULL),
(595, 2, 2, 1, '2026-05-23', 4, 1, NULL, NULL),
(596, 2, 3, 1, '2026-05-23', 4, 1, 13, '2026-05-20 03:48:57'),
(597, 2, 4, 1, '2026-05-23', 4, 1, NULL, NULL),
(598, 1, 2, 1, '2026-05-16', 4, 1, NULL, NULL),
(599, 1, 3, 1, '2026-05-16', 4, 1, NULL, NULL),
(600, 1, 4, 1, '2026-05-16', 4, 1, NULL, NULL),
(601, 3, 2, 1, '2026-05-31', 4, 1, NULL, NULL),
(602, 3, 3, 1, '2026-05-31', 4, 1, 57, '2026-05-25 03:03:05'),
(603, 3, 4, 1, '2026-05-31', 4, 1, NULL, NULL),
(604, 2, 2, 1, '2026-05-24', 4, 1, NULL, NULL),
(605, 2, 3, 1, '2026-05-24', 4, 1, 53, '2026-05-17 22:53:48'),
(606, 2, 4, 1, '2026-05-24', 4, 1, NULL, NULL),
(607, 1, 2, 1, '2026-05-17', 4, 1, NULL, NULL),
(608, 1, 3, 1, '2026-05-17', 4, 1, NULL, NULL),
(609, 1, 4, 1, '2026-05-17', 4, 1, NULL, NULL),
(610, 1, 4, 2, '2026-05-11', 4, 1, NULL, NULL),
(611, 2, 4, 2, '2026-05-18', 4, 1, NULL, NULL),
(612, 3, 4, 2, '2026-05-25', 4, 1, NULL, NULL),
(613, 1, 3, 2, '2026-05-11', 4, 1, NULL, NULL),
(614, 2, 3, 2, '2026-05-18', 4, 1, NULL, NULL),
(615, 3, 3, 2, '2026-05-25', 4, 1, 61, '2026-05-26 01:51:41'),
(616, 1, 2, 2, '2026-05-11', 4, 1, NULL, NULL),
(617, 2, 2, 2, '2026-05-18', 4, 1, NULL, NULL),
(618, 3, 2, 2, '2026-05-25', 4, 1, NULL, NULL),
(619, 1, 4, 2, '2026-05-12', 4, 1, NULL, NULL),
(620, 2, 4, 2, '2026-05-19', 4, 1, NULL, NULL),
(621, 3, 4, 2, '2026-05-26', 4, 1, NULL, NULL),
(622, 1, 3, 2, '2026-05-12', 4, 1, NULL, NULL),
(623, 2, 3, 2, '2026-05-19', 4, 1, 17, '2026-05-20 03:40:27'),
(624, 3, 3, 2, '2026-05-26', 4, 1, 53, '2026-05-21 02:25:42'),
(625, 1, 2, 2, '2026-05-12', 4, 1, NULL, NULL),
(626, 2, 2, 2, '2026-05-19', 4, 1, NULL, NULL),
(627, 3, 2, 2, '2026-05-26', 4, 1, NULL, NULL),
(628, 1, 4, 2, '2026-05-13', 4, 1, NULL, NULL),
(629, 2, 4, 2, '2026-05-20', 4, 1, NULL, NULL),
(630, 3, 4, 2, '2026-05-27', 4, 1, NULL, NULL),
(631, 1, 3, 2, '2026-05-13', 4, 1, NULL, NULL),
(632, 2, 3, 2, '2026-05-20', 4, 1, 69, '2026-05-20 03:45:33'),
(633, 3, 3, 2, '2026-05-27', 4, 1, 69, '2026-05-24 13:50:59'),
(634, 1, 2, 2, '2026-05-13', 4, 1, NULL, NULL),
(635, 2, 2, 2, '2026-05-20', 4, 1, NULL, NULL),
(636, 3, 2, 2, '2026-05-27', 4, 1, NULL, NULL),
(637, 1, 4, 2, '2026-05-14', 4, 1, NULL, NULL),
(638, 2, 4, 2, '2026-05-21', 4, 1, NULL, NULL),
(639, 3, 4, 2, '2026-05-28', 4, 1, NULL, NULL),
(640, 1, 3, 2, '2026-05-14', 4, 1, NULL, NULL),
(641, 2, 3, 2, '2026-05-21', 4, 1, 70, '2026-05-20 03:52:40'),
(642, 3, 3, 2, '2026-05-28', 4, 1, 17, '2026-05-18 06:01:10'),
(643, 1, 2, 2, '2026-05-14', 4, 1, NULL, NULL),
(644, 2, 2, 2, '2026-05-21', 4, 1, NULL, NULL),
(645, 3, 2, 2, '2026-05-28', 4, 1, NULL, NULL),
(646, 1, 4, 2, '2026-05-15', 4, 1, NULL, NULL),
(647, 2, 4, 2, '2026-05-22', 4, 1, NULL, NULL),
(648, 3, 4, 2, '2026-05-29', 4, 1, NULL, NULL),
(649, 1, 3, 2, '2026-05-15', 4, 1, NULL, NULL),
(650, 2, 3, 2, '2026-05-22', 4, 1, 60, '2026-05-22 01:37:01'),
(651, 3, 3, 2, '2026-05-29', 4, 1, 61, '2026-05-18 06:01:10'),
(652, 1, 2, 2, '2026-05-15', 4, 1, NULL, NULL),
(653, 2, 2, 2, '2026-05-22', 4, 1, NULL, NULL),
(654, 3, 2, 2, '2026-05-29', 4, 1, NULL, NULL),
(655, 1, 4, 2, '2026-05-16', 4, 1, NULL, NULL),
(656, 2, 4, 2, '2026-05-23', 4, 1, NULL, NULL),
(657, 3, 4, 2, '2026-05-30', 4, 1, NULL, NULL),
(658, 1, 3, 2, '2026-05-16', 4, 1, NULL, NULL),
(659, 2, 3, 2, '2026-05-23', 4, 1, 45, '2026-05-17 19:24:26'),
(660, 3, 3, 2, '2026-05-30', 4, 1, 45, '2026-05-18 06:01:10'),
(661, 1, 2, 2, '2026-05-16', 4, 1, NULL, NULL),
(662, 2, 2, 2, '2026-05-23', 4, 1, NULL, NULL),
(663, 3, 2, 2, '2026-05-30', 4, 1, NULL, NULL),
(664, 1, 4, 2, '2026-05-17', 4, 1, NULL, NULL),
(665, 2, 4, 2, '2026-05-24', 4, 1, NULL, NULL),
(666, 3, 4, 2, '2026-05-31', 4, 1, NULL, NULL),
(667, 1, 3, 2, '2026-05-17', 4, 1, NULL, NULL),
(668, 2, 3, 2, '2026-05-24', 4, 1, 57, '2026-05-20 03:51:00'),
(669, 3, 3, 2, '2026-05-31', 4, 1, 54, '2026-05-23 21:51:34'),
(670, 1, 2, 2, '2026-05-17', 4, 1, NULL, NULL),
(671, 2, 2, 2, '2026-05-24', 4, 1, NULL, NULL),
(672, 3, 2, 2, '2026-05-31', 4, 1, NULL, NULL),
(673, 4, 2, 1, '2026-06-01', 1, 1, 70, '2026-05-25 16:59:48'),
(674, 4, 2, 1, '2026-06-01', 2, 1, 13, '2026-05-18 06:01:28'),
(675, 4, 2, 1, '2026-06-01', 3, 1, NULL, NULL),
(676, 4, 2, 1, '2026-06-01', 4, 1, NULL, NULL),
(677, 4, 2, 2, '2026-06-01', 1, 1, 69, '2026-05-25 16:47:31'),
(678, 4, 2, 2, '2026-06-01', 2, 1, 56, '2026-05-18 06:01:28'),
(679, 4, 2, 2, '2026-06-01', 3, 1, NULL, NULL),
(680, 4, 2, 2, '2026-06-01', 4, 1, NULL, NULL),
(681, 4, 3, 1, '2026-06-01', 1, 1, 22, '2026-05-18 06:01:28'),
(682, 4, 3, 1, '2026-06-01', 1, 2, NULL, NULL),
(683, 4, 3, 1, '2026-06-01', 1, 3, 57, '2026-05-25 17:05:21'),
(684, 4, 3, 1, '2026-06-01', 2, 1, 54, '2026-05-23 01:11:41'),
(685, 4, 3, 1, '2026-06-01', 2, 2, 45, '2026-05-18 06:01:28'),
(686, 4, 3, 1, '2026-06-01', 3, 1, 5, '2026-05-18 06:01:28'),
(687, 4, 3, 1, '2026-06-01', 3, 2, NULL, NULL),
(688, 4, 3, 1, '2026-06-01', 4, 1, 22, '2026-05-18 06:01:28'),
(689, 4, 3, 2, '2026-06-01', 1, 1, 53, '2026-05-18 06:01:28'),
(690, 4, 3, 2, '2026-06-01', 1, 2, 61, '2026-05-18 06:01:28'),
(691, 4, 3, 2, '2026-06-01', 1, 3, 17, '2026-05-25 17:05:48'),
(692, 4, 3, 2, '2026-06-01', 2, 1, 54, '2026-05-23 01:24:57'),
(693, 4, 3, 2, '2026-06-01', 2, 2, 10, '2026-05-26 18:51:35'),
(694, 4, 3, 2, '2026-06-01', 3, 1, 5, '2026-05-25 02:44:03'),
(695, 4, 3, 2, '2026-06-01', 3, 2, 60, '2026-05-18 06:01:28'),
(696, 4, 3, 2, '2026-06-01', 4, 1, 60, '2026-05-23 21:45:02'),
(697, 4, 4, 1, '2026-06-01', 1, 1, 73, '2026-05-18 06:01:28'),
(698, 4, 4, 1, '2026-06-01', 2, 1, 55, '2026-05-18 06:01:28'),
(699, 4, 4, 1, '2026-06-01', 3, 1, NULL, NULL),
(700, 4, 4, 1, '2026-06-01', 4, 1, NULL, NULL),
(701, 4, 4, 2, '2026-06-01', 1, 1, 59, '2026-05-25 20:54:37'),
(702, 4, 4, 2, '2026-06-01', 2, 1, 11, '2026-05-23 15:15:25'),
(703, 4, 4, 2, '2026-06-01', 3, 1, NULL, NULL),
(704, 4, 4, 2, '2026-06-01', 4, 1, NULL, NULL),
(705, 4, 2, 1, '2026-06-02', 1, 1, 54, '2026-05-23 01:49:06'),
(706, 4, 2, 1, '2026-06-02', 2, 1, 13, '2026-05-23 21:55:54'),
(707, 4, 2, 1, '2026-06-02', 3, 1, NULL, NULL),
(708, 4, 2, 1, '2026-06-02', 4, 1, NULL, NULL),
(709, 4, 2, 2, '2026-06-02', 1, 1, 69, '2026-05-24 13:46:35'),
(710, 4, 2, 2, '2026-06-02', 2, 1, 56, '2026-05-18 06:01:28'),
(711, 4, 2, 2, '2026-06-02', 3, 1, NULL, NULL),
(712, 4, 2, 2, '2026-06-02', 4, 1, NULL, NULL),
(713, 4, 3, 1, '2026-06-02', 1, 1, 22, '2026-05-18 06:01:28'),
(714, 4, 3, 1, '2026-06-02', 1, 2, 70, '2026-05-24 01:30:44'),
(715, 4, 3, 1, '2026-06-02', 1, 3, 17, '2026-05-25 17:05:51'),
(716, 4, 3, 1, '2026-06-02', 2, 1, 4, '2026-05-19 00:59:28'),
(717, 4, 3, 1, '2026-06-02', 2, 2, 10, '2026-05-18 06:01:28'),
(718, 4, 3, 1, '2026-06-02', 3, 1, 5, '2026-05-18 06:01:28'),
(719, 4, 3, 1, '2026-06-02', 3, 2, NULL, NULL),
(720, 4, 3, 1, '2026-06-02', 4, 1, 10, '2026-05-18 06:01:28'),
(721, 4, 3, 2, '2026-06-02', 1, 1, 53, '2026-05-18 06:01:28'),
(722, 4, 3, 2, '2026-06-02', 1, 2, 61, '2026-05-18 06:01:28'),
(723, 4, 3, 2, '2026-06-02', 1, 3, 57, '2026-05-24 13:02:21'),
(724, 4, 3, 2, '2026-06-02', 2, 1, 4, '2026-05-19 00:54:18'),
(725, 4, 3, 2, '2026-06-02', 2, 2, 10, '2026-05-26 18:51:56'),
(726, 4, 3, 2, '2026-06-02', 3, 1, 5, '2026-05-18 06:01:28'),
(727, 4, 3, 2, '2026-06-02', 3, 2, NULL, NULL),
(728, 4, 3, 2, '2026-06-02', 4, 1, 53, '2026-05-21 02:25:42'),
(729, 4, 4, 1, '2026-06-02', 1, 1, 73, '2026-05-18 06:01:28'),
(730, 4, 4, 1, '2026-06-02', 2, 1, 55, '2026-05-18 06:01:28'),
(731, 4, 4, 1, '2026-06-02', 3, 1, NULL, NULL),
(732, 4, 4, 1, '2026-06-02', 4, 1, NULL, NULL),
(733, 4, 4, 2, '2026-06-02', 1, 1, 71, '2026-05-18 23:54:06'),
(734, 4, 4, 2, '2026-06-02', 2, 1, 11, '2026-05-18 06:01:28'),
(735, 4, 4, 2, '2026-06-02', 3, 1, NULL, NULL),
(736, 4, 4, 2, '2026-06-02', 4, 1, NULL, NULL),
(737, 4, 2, 1, '2026-06-03', 1, 1, 13, '2026-05-18 13:42:53'),
(738, 4, 2, 1, '2026-06-03', 2, 1, 45, '2026-05-18 06:01:28'),
(739, 4, 2, 1, '2026-06-03', 3, 1, NULL, NULL),
(740, 4, 2, 1, '2026-06-03', 4, 1, NULL, NULL),
(741, 4, 2, 2, '2026-06-03', 1, 1, 69, '2026-05-26 20:52:19'),
(742, 4, 2, 2, '2026-06-03', 2, 1, 56, '2026-05-18 06:01:28'),
(743, 4, 2, 2, '2026-06-03', 3, 1, NULL, NULL),
(744, 4, 2, 2, '2026-06-03', 4, 1, NULL, NULL),
(745, 4, 3, 1, '2026-06-03', 1, 1, 22, '2026-05-18 06:01:28'),
(746, 4, 3, 1, '2026-06-03', 1, 2, 68, '2026-05-18 06:01:28'),
(747, 4, 3, 1, '2026-06-03', 1, 3, 53, '2026-05-19 15:26:41'),
(748, 4, 3, 1, '2026-06-03', 2, 1, 10, '2026-05-18 06:01:28'),
(749, 4, 3, 1, '2026-06-03', 2, 2, 4, '2026-05-23 01:25:30'),
(750, 4, 3, 1, '2026-06-03', 3, 1, 5, '2026-05-18 06:01:28'),
(751, 4, 3, 1, '2026-06-03', 3, 2, NULL, NULL),
(752, 4, 3, 1, '2026-06-03', 4, 1, NULL, NULL),
(753, 4, 3, 2, '2026-06-03', 1, 1, NULL, NULL),
(754, 4, 3, 2, '2026-06-03', 1, 2, 61, '2026-05-18 06:01:28'),
(755, 4, 3, 2, '2026-06-03', 1, 3, 17, '2026-05-25 01:15:48'),
(756, 4, 3, 2, '2026-06-03', 2, 1, 4, '2026-05-22 14:32:18'),
(757, 4, 3, 2, '2026-06-03', 2, 2, 10, '2026-05-26 18:53:02'),
(758, 4, 3, 2, '2026-06-03', 3, 1, 5, '2026-05-21 05:52:43'),
(759, 4, 3, 2, '2026-06-03', 3, 2, 60, '2026-05-18 06:01:28'),
(760, 4, 3, 2, '2026-06-03', 4, 1, NULL, NULL),
(761, 4, 4, 1, '2026-06-03', 1, 1, 11, '2026-05-18 21:33:39'),
(762, 4, 4, 1, '2026-06-03', 2, 1, 55, '2026-05-18 06:01:28'),
(763, 4, 4, 1, '2026-06-03', 3, 1, NULL, NULL),
(764, 4, 4, 1, '2026-06-03', 4, 1, NULL, NULL),
(765, 4, 4, 2, '2026-06-03', 1, 1, 71, '2026-05-18 23:58:28'),
(766, 4, 4, 2, '2026-06-03', 2, 1, 11, '2026-05-18 21:33:41'),
(767, 4, 4, 2, '2026-06-03', 3, 1, NULL, NULL),
(768, 4, 4, 2, '2026-06-03', 4, 1, NULL, NULL),
(769, 4, 2, 1, '2026-06-04', 1, 1, 13, '2026-05-18 06:01:28'),
(770, 4, 2, 1, '2026-06-04', 2, 1, 56, '2026-05-25 15:58:59'),
(771, 4, 2, 1, '2026-06-04', 3, 1, NULL, NULL),
(772, 4, 2, 1, '2026-06-04', 4, 1, NULL, NULL),
(773, 4, 2, 2, '2026-06-04', 1, 1, 69, '2026-05-24 13:46:36'),
(774, 4, 2, 2, '2026-06-04', 2, 1, 56, '2026-05-18 06:01:28'),
(775, 4, 2, 2, '2026-06-04', 3, 1, NULL, NULL),
(776, 4, 2, 2, '2026-06-04', 4, 1, NULL, NULL),
(777, 4, 3, 1, '2026-06-04', 1, 1, 22, '2026-05-18 06:01:28'),
(778, 4, 3, 1, '2026-06-04', 1, 2, 68, '2026-05-18 06:01:28'),
(779, 4, 3, 1, '2026-06-04', 1, 3, 54, '2026-05-25 03:03:42'),
(780, 4, 3, 1, '2026-06-04', 2, 1, 4, '2026-05-23 01:28:56'),
(781, 4, 3, 1, '2026-06-04', 2, 2, 10, '2026-05-21 15:30:43'),
(782, 4, 3, 1, '2026-06-04', 3, 1, 5, '2026-05-18 06:01:28'),
(783, 4, 3, 1, '2026-06-04', 3, 2, NULL, NULL),
(784, 4, 3, 1, '2026-06-04', 4, 1, NULL, NULL),
(785, 4, 3, 2, '2026-06-04', 1, 1, 57, '2026-05-24 13:02:56'),
(786, 4, 3, 2, '2026-06-04', 1, 2, 70, '2026-05-26 15:08:47'),
(787, 4, 3, 2, '2026-06-04', 1, 3, 17, '2026-05-18 06:01:28'),
(788, 4, 3, 2, '2026-06-04', 2, 1, 10, '2026-05-26 20:43:15'),
(789, 4, 3, 2, '2026-06-04', 2, 2, 54, '2026-05-21 05:44:02'),
(790, 4, 3, 2, '2026-06-04', 3, 1, 5, '2026-05-18 06:01:28'),
(791, 4, 3, 2, '2026-06-04', 3, 2, 60, '2026-05-18 06:01:28'),
(792, 4, 3, 2, '2026-06-04', 4, 1, 17, '2026-05-18 06:01:28'),
(793, 4, 4, 1, '2026-06-04', 1, 1, 73, '2026-05-18 06:01:28'),
(794, 4, 4, 1, '2026-06-04', 2, 1, 11, '2026-05-18 22:46:16'),
(795, 4, 4, 1, '2026-06-04', 3, 1, NULL, NULL),
(796, 4, 4, 1, '2026-06-04', 4, 1, NULL, NULL),
(797, 4, 4, 2, '2026-06-04', 1, 1, 71, '2026-05-18 22:39:27'),
(798, 4, 4, 2, '2026-06-04', 2, 1, 55, '2026-05-18 06:01:28'),
(799, 4, 4, 2, '2026-06-04', 3, 1, NULL, NULL),
(800, 4, 4, 2, '2026-06-04', 4, 1, NULL, NULL),
(801, 4, 2, 1, '2026-06-05', 1, 1, 57, '2026-05-18 06:01:28'),
(802, 4, 2, 1, '2026-06-05', 2, 1, 45, '2026-05-25 16:51:05'),
(803, 4, 2, 1, '2026-06-05', 3, 1, 13, '2026-05-25 16:52:48'),
(804, 4, 2, 1, '2026-06-05', 4, 1, 57, '2026-05-27 03:40:44'),
(805, 4, 2, 2, '2026-06-05', 1, 1, 73, '2026-05-20 01:47:04'),
(806, 4, 2, 2, '2026-06-05', 2, 1, 13, '2026-05-25 16:51:18'),
(807, 4, 2, 2, '2026-06-05', 3, 1, NULL, NULL),
(808, 4, 2, 2, '2026-06-05', 4, 1, NULL, NULL),
(809, 4, 3, 1, '2026-06-05', 1, 1, 22, '2026-05-18 06:01:28'),
(810, 4, 3, 1, '2026-06-05', 1, 2, 68, '2026-05-20 06:53:55'),
(811, 4, 3, 1, '2026-06-05', 1, 3, 17, '2026-05-18 06:01:28'),
(812, 4, 3, 1, '2026-06-05', 2, 1, 4, '2026-05-26 17:51:41'),
(813, 4, 3, 1, '2026-06-05', 2, 2, 10, '2026-05-26 20:36:40'),
(814, 4, 3, 1, '2026-06-05', 3, 1, 5, '2026-05-18 06:01:28'),
(815, 4, 3, 1, '2026-06-05', 3, 2, NULL, NULL),
(816, 4, 3, 1, '2026-06-05', 4, 1, NULL, NULL),
(817, 4, 3, 2, '2026-06-05', 1, 1, 53, '2026-05-19 16:03:16'),
(818, 4, 3, 2, '2026-06-05', 1, 2, 61, '2026-05-18 06:01:28'),
(819, 4, 3, 2, '2026-06-05', 1, 3, 5, '2026-05-25 02:50:19'),
(820, 4, 3, 2, '2026-06-05', 2, 1, 4, '2026-05-18 06:01:28'),
(821, 4, 3, 2, '2026-06-05', 2, 2, 70, '2026-05-25 02:45:07'),
(822, 4, 3, 2, '2026-06-05', 3, 1, NULL, NULL),
(823, 4, 3, 2, '2026-06-05', 3, 2, 60, '2026-05-18 06:01:28'),
(824, 4, 3, 2, '2026-06-05', 4, 1, 61, '2026-05-25 17:02:23'),
(825, 4, 4, 1, '2026-06-05', 1, 1, 71, '2026-05-18 22:39:14'),
(826, 4, 4, 1, '2026-06-05', 2, 1, 11, '2026-05-18 06:01:28'),
(827, 4, 4, 1, '2026-06-05', 3, 1, NULL, NULL),
(828, 4, 4, 1, '2026-06-05', 4, 1, NULL, NULL),
(829, 4, 4, 2, '2026-06-05', 1, 1, 59, '2026-05-25 20:54:38'),
(830, 4, 4, 2, '2026-06-05', 2, 1, 11, '2026-05-18 06:01:28'),
(831, 4, 4, 2, '2026-06-05', 3, 1, NULL, NULL),
(832, 4, 4, 2, '2026-06-05', 4, 1, NULL, NULL),
(833, 4, 2, 1, '2026-06-06', 1, 1, 69, '2026-05-25 16:47:19'),
(834, 4, 2, 1, '2026-06-06', 2, 1, 13, '2026-05-25 16:50:46'),
(835, 4, 2, 1, '2026-06-06', 3, 1, NULL, NULL),
(836, 4, 2, 1, '2026-06-06', 4, 1, NULL, NULL),
(837, 4, 2, 2, '2026-06-06', 1, 1, 69, '2026-05-25 14:18:35'),
(838, 4, 2, 2, '2026-06-06', 2, 1, 56, '2026-05-18 06:01:28'),
(839, 4, 2, 2, '2026-06-06', 3, 1, NULL, NULL),
(840, 4, 2, 2, '2026-06-06', 4, 1, NULL, NULL),
(841, 4, 3, 1, '2026-06-06', 1, 1, 70, '2026-05-26 15:08:55'),
(842, 4, 3, 1, '2026-06-06', 1, 2, NULL, NULL),
(843, 4, 3, 1, '2026-06-06', 1, 3, 57, '2026-05-25 17:06:05'),
(844, 4, 3, 1, '2026-06-06', 2, 1, 10, '2026-05-20 13:56:48'),
(845, 4, 3, 1, '2026-06-06', 2, 2, 45, '2026-05-25 16:41:50'),
(846, 4, 3, 1, '2026-06-06', 3, 1, 5, '2026-05-18 06:01:28'),
(847, 4, 3, 1, '2026-06-06', 3, 2, NULL, NULL),
(848, 4, 3, 1, '2026-06-06', 4, 1, 5, '2026-05-23 21:55:14'),
(849, 4, 3, 2, '2026-06-06', 1, 1, 57, '2026-05-25 16:57:56'),
(850, 4, 3, 2, '2026-06-06', 1, 2, 61, '2026-05-18 13:45:45'),
(851, 4, 3, 2, '2026-06-06', 1, 3, 53, '2026-05-26 13:16:24'),
(852, 4, 3, 2, '2026-06-06', 2, 1, 54, '2026-05-26 13:16:13'),
(853, 4, 3, 2, '2026-06-06', 2, 2, 4, '2026-05-18 22:17:06'),
(854, 4, 3, 2, '2026-06-06', 3, 1, 5, '2026-05-18 06:01:28'),
(855, 4, 3, 2, '2026-06-06', 3, 2, NULL, NULL),
(856, 4, 3, 2, '2026-06-06', 4, 1, 57, '2026-05-27 03:40:27'),
(857, 4, 4, 1, '2026-06-06', 1, 1, 73, '2026-05-18 22:11:24'),
(858, 4, 4, 1, '2026-06-06', 2, 1, 55, '2026-05-18 06:01:28'),
(859, 4, 4, 1, '2026-06-06', 3, 1, NULL, NULL),
(860, 4, 4, 1, '2026-06-06', 4, 1, NULL, NULL),
(861, 4, 4, 2, '2026-06-06', 1, 1, 59, '2026-05-25 20:27:45'),
(862, 4, 4, 2, '2026-06-06', 2, 1, 71, '2026-05-25 15:26:55'),
(863, 4, 4, 2, '2026-06-06', 3, 1, NULL, NULL),
(864, 4, 4, 2, '2026-06-06', 4, 1, NULL, NULL),
(865, 4, 2, 1, '2026-06-07', 1, 1, 57, '2026-05-25 19:08:09'),
(866, 4, 2, 1, '2026-06-07', 2, 1, 56, '2026-05-18 21:31:44'),
(867, 4, 2, 1, '2026-06-07', 3, 1, NULL, NULL),
(868, 4, 2, 1, '2026-06-07', 4, 1, NULL, NULL),
(869, 4, 2, 2, '2026-06-07', 1, 1, 70, '2026-05-21 20:49:46'),
(870, 4, 2, 2, '2026-06-07', 2, 1, 56, '2026-05-18 06:01:28'),
(871, 4, 2, 2, '2026-06-07', 3, 1, NULL, NULL),
(872, 4, 2, 2, '2026-06-07', 4, 1, NULL, NULL),
(873, 4, 3, 1, '2026-06-07', 1, 1, 22, '2026-05-25 19:08:16'),
(874, 4, 3, 1, '2026-06-07', 1, 2, 69, '2026-05-24 13:50:42'),
(875, 4, 3, 1, '2026-06-07', 1, 3, 53, '2026-05-26 01:37:37'),
(876, 4, 3, 1, '2026-06-07', 2, 1, 45, '2026-05-25 16:29:53'),
(877, 4, 3, 1, '2026-06-07', 2, 2, 54, '2026-05-21 05:42:16'),
(878, 4, 3, 1, '2026-06-07', 3, 1, NULL, NULL),
(879, 4, 3, 1, '2026-06-07', 3, 2, NULL, NULL),
(880, 4, 3, 1, '2026-06-07', 4, 1, NULL, NULL),
(881, 4, 3, 2, '2026-06-07', 1, 1, NULL, NULL),
(882, 4, 3, 2, '2026-06-07', 1, 2, 61, '2026-05-18 13:45:45'),
(883, 4, 3, 2, '2026-06-07', 1, 3, NULL, NULL),
(884, 4, 3, 2, '2026-06-07', 2, 1, 45, '2026-05-21 20:58:01'),
(885, 4, 3, 2, '2026-06-07', 2, 2, 54, '2026-05-21 05:42:29'),
(886, 4, 3, 2, '2026-06-07', 3, 1, NULL, NULL),
(887, 4, 3, 2, '2026-06-07', 3, 2, 60, '2026-05-18 06:01:28'),
(888, 4, 3, 2, '2026-06-07', 4, 1, 54, '2026-05-23 21:51:34'),
(889, 4, 4, 1, '2026-06-07', 1, 1, 73, '2026-05-18 06:01:28'),
(890, 4, 4, 1, '2026-06-07', 2, 1, 11, '2026-05-20 02:00:39'),
(891, 4, 4, 1, '2026-06-07', 3, 1, NULL, NULL),
(892, 4, 4, 1, '2026-06-07', 4, 1, NULL, NULL);
INSERT INTO `horario_slot` (`id_slot`, `semana_id`, `local_id`, `turno_id`, `fecha_dia`, `rol_horario_id`, `slot_num`, `postulante_id`, `fecha_asignacion`) VALUES
(893, 4, 4, 2, '2026-06-07', 1, 1, 71, '2026-05-26 20:32:19'),
(894, 4, 4, 2, '2026-06-07', 2, 1, 55, '2026-05-18 06:01:28'),
(895, 4, 4, 2, '2026-06-07', 3, 1, NULL, NULL),
(896, 4, 4, 2, '2026-06-07', 4, 1, NULL, NULL),
(897, 5, 2, 1, '2026-06-08', 1, 1, 70, '2026-05-25 16:59:48'),
(898, 5, 2, 1, '2026-06-08', 2, 1, 13, '2026-05-25 05:20:43'),
(899, 5, 2, 1, '2026-06-08', 3, 1, NULL, NULL),
(900, 5, 2, 1, '2026-06-08', 4, 1, NULL, NULL),
(901, 5, 2, 2, '2026-06-08', 1, 1, 69, '2026-05-25 16:47:31'),
(902, 5, 2, 2, '2026-06-08', 2, 1, 56, '2026-05-25 05:20:43'),
(903, 5, 2, 2, '2026-06-08', 3, 1, NULL, NULL),
(904, 5, 2, 2, '2026-06-08', 4, 1, NULL, NULL),
(905, 5, 3, 1, '2026-06-08', 1, 1, 22, '2026-05-25 05:20:43'),
(906, 5, 3, 1, '2026-06-08', 1, 2, NULL, NULL),
(907, 5, 3, 1, '2026-06-08', 1, 3, 57, '2026-05-25 17:05:21'),
(908, 5, 3, 1, '2026-06-08', 2, 1, 54, '2026-05-25 05:20:43'),
(909, 5, 3, 1, '2026-06-08', 2, 2, 45, '2026-05-25 05:20:43'),
(910, 5, 3, 1, '2026-06-08', 3, 1, 5, '2026-05-25 05:20:43'),
(911, 5, 3, 1, '2026-06-08', 3, 2, NULL, NULL),
(912, 5, 3, 1, '2026-06-08', 4, 1, 22, '2026-05-25 05:20:43'),
(913, 5, 3, 2, '2026-06-08', 1, 1, 53, '2026-05-25 05:20:43'),
(914, 5, 3, 2, '2026-06-08', 1, 2, 61, '2026-05-25 05:20:43'),
(915, 5, 3, 2, '2026-06-08', 1, 3, 17, '2026-05-25 17:05:48'),
(916, 5, 3, 2, '2026-06-08', 2, 1, 54, '2026-05-25 05:20:43'),
(917, 5, 3, 2, '2026-06-08', 2, 2, 10, '2026-05-26 18:51:35'),
(918, 5, 3, 2, '2026-06-08', 3, 1, 5, '2026-05-25 05:20:43'),
(919, 5, 3, 2, '2026-06-08', 3, 2, 60, '2026-05-25 05:20:43'),
(920, 5, 3, 2, '2026-06-08', 4, 1, 60, '2026-05-25 05:20:43'),
(921, 5, 4, 1, '2026-06-08', 1, 1, 73, '2026-05-25 05:20:43'),
(922, 5, 4, 1, '2026-06-08', 2, 1, 55, '2026-05-25 05:20:43'),
(923, 5, 4, 1, '2026-06-08', 3, 1, NULL, NULL),
(924, 5, 4, 1, '2026-06-08', 4, 1, NULL, NULL),
(925, 5, 4, 2, '2026-06-08', 1, 1, 59, '2026-05-25 20:54:37'),
(926, 5, 4, 2, '2026-06-08', 2, 1, 11, '2026-05-25 05:20:43'),
(927, 5, 4, 2, '2026-06-08', 3, 1, NULL, NULL),
(928, 5, 4, 2, '2026-06-08', 4, 1, NULL, NULL),
(929, 5, 2, 1, '2026-06-09', 1, 1, 54, '2026-05-25 05:20:43'),
(930, 5, 2, 1, '2026-06-09', 2, 1, 13, '2026-05-25 05:20:43'),
(931, 5, 2, 1, '2026-06-09', 3, 1, NULL, NULL),
(932, 5, 2, 1, '2026-06-09', 4, 1, NULL, NULL),
(933, 5, 2, 2, '2026-06-09', 1, 1, 69, '2026-05-25 05:20:43'),
(934, 5, 2, 2, '2026-06-09', 2, 1, 56, '2026-05-25 05:20:43'),
(935, 5, 2, 2, '2026-06-09', 3, 1, NULL, NULL),
(936, 5, 2, 2, '2026-06-09', 4, 1, NULL, NULL),
(937, 5, 3, 1, '2026-06-09', 1, 1, 22, '2026-05-25 05:20:43'),
(938, 5, 3, 1, '2026-06-09', 1, 2, 70, '2026-05-25 05:20:43'),
(939, 5, 3, 1, '2026-06-09', 1, 3, 17, '2026-05-25 17:05:51'),
(940, 5, 3, 1, '2026-06-09', 2, 1, 4, '2026-05-25 05:20:43'),
(941, 5, 3, 1, '2026-06-09', 2, 2, 10, '2026-05-25 05:20:43'),
(942, 5, 3, 1, '2026-06-09', 3, 1, 5, '2026-05-25 05:20:43'),
(943, 5, 3, 1, '2026-06-09', 3, 2, NULL, NULL),
(944, 5, 3, 1, '2026-06-09', 4, 1, 10, '2026-05-25 05:20:43'),
(945, 5, 3, 2, '2026-06-09', 1, 1, 53, '2026-05-25 05:20:43'),
(946, 5, 3, 2, '2026-06-09', 1, 2, 61, '2026-05-25 05:20:43'),
(947, 5, 3, 2, '2026-06-09', 1, 3, 57, '2026-05-25 05:20:43'),
(948, 5, 3, 2, '2026-06-09', 2, 1, 4, '2026-05-25 05:20:43'),
(949, 5, 3, 2, '2026-06-09', 2, 2, 10, '2026-05-26 18:51:56'),
(950, 5, 3, 2, '2026-06-09', 3, 1, 5, '2026-05-25 05:20:43'),
(951, 5, 3, 2, '2026-06-09', 3, 2, NULL, NULL),
(952, 5, 3, 2, '2026-06-09', 4, 1, 53, '2026-05-25 05:20:43'),
(953, 5, 4, 1, '2026-06-09', 1, 1, 73, '2026-05-25 05:20:43'),
(954, 5, 4, 1, '2026-06-09', 2, 1, 55, '2026-05-25 05:20:43'),
(955, 5, 4, 1, '2026-06-09', 3, 1, NULL, NULL),
(956, 5, 4, 1, '2026-06-09', 4, 1, NULL, NULL),
(957, 5, 4, 2, '2026-06-09', 1, 1, 71, '2026-05-25 05:20:43'),
(958, 5, 4, 2, '2026-06-09', 2, 1, 11, '2026-05-25 05:20:43'),
(959, 5, 4, 2, '2026-06-09', 3, 1, NULL, NULL),
(960, 5, 4, 2, '2026-06-09', 4, 1, NULL, NULL),
(961, 5, 2, 1, '2026-06-10', 1, 1, 13, '2026-05-25 05:20:43'),
(962, 5, 2, 1, '2026-06-10', 2, 1, 45, '2026-05-25 05:20:43'),
(963, 5, 2, 1, '2026-06-10', 3, 1, NULL, NULL),
(964, 5, 2, 1, '2026-06-10', 4, 1, NULL, NULL),
(965, 5, 2, 2, '2026-06-10', 1, 1, 69, '2026-05-26 20:52:19'),
(966, 5, 2, 2, '2026-06-10', 2, 1, 56, '2026-05-25 05:20:43'),
(967, 5, 2, 2, '2026-06-10', 3, 1, NULL, NULL),
(968, 5, 2, 2, '2026-06-10', 4, 1, NULL, NULL),
(969, 5, 3, 1, '2026-06-10', 1, 1, 22, '2026-05-25 05:20:43'),
(970, 5, 3, 1, '2026-06-10', 1, 2, 68, '2026-05-25 05:20:43'),
(971, 5, 3, 1, '2026-06-10', 1, 3, 53, '2026-05-25 05:20:43'),
(972, 5, 3, 1, '2026-06-10', 2, 1, 10, '2026-05-25 05:20:43'),
(973, 5, 3, 1, '2026-06-10', 2, 2, 4, '2026-05-25 05:20:43'),
(974, 5, 3, 1, '2026-06-10', 3, 1, 5, '2026-05-25 05:20:43'),
(975, 5, 3, 1, '2026-06-10', 3, 2, NULL, NULL),
(976, 5, 3, 1, '2026-06-10', 4, 1, NULL, NULL),
(977, 5, 3, 2, '2026-06-10', 1, 1, NULL, NULL),
(978, 5, 3, 2, '2026-06-10', 1, 2, 61, '2026-05-25 05:20:43'),
(979, 5, 3, 2, '2026-06-10', 1, 3, 17, '2026-05-25 05:20:43'),
(980, 5, 3, 2, '2026-06-10', 2, 1, 4, '2026-05-25 05:20:43'),
(981, 5, 3, 2, '2026-06-10', 2, 2, 10, '2026-05-26 18:53:02'),
(982, 5, 3, 2, '2026-06-10', 3, 1, 5, '2026-05-25 05:20:43'),
(983, 5, 3, 2, '2026-06-10', 3, 2, 60, '2026-05-25 05:20:43'),
(984, 5, 3, 2, '2026-06-10', 4, 1, NULL, NULL),
(985, 5, 4, 1, '2026-06-10', 1, 1, 11, '2026-05-25 05:20:43'),
(986, 5, 4, 1, '2026-06-10', 2, 1, 55, '2026-05-25 05:20:43'),
(987, 5, 4, 1, '2026-06-10', 3, 1, NULL, NULL),
(988, 5, 4, 1, '2026-06-10', 4, 1, NULL, NULL),
(989, 5, 4, 2, '2026-06-10', 1, 1, 71, '2026-05-25 05:20:43'),
(990, 5, 4, 2, '2026-06-10', 2, 1, 11, '2026-05-25 05:20:43'),
(991, 5, 4, 2, '2026-06-10', 3, 1, NULL, NULL),
(992, 5, 4, 2, '2026-06-10', 4, 1, NULL, NULL),
(993, 5, 2, 1, '2026-06-11', 1, 1, 13, '2026-05-25 05:20:43'),
(994, 5, 2, 1, '2026-06-11', 2, 1, 56, '2026-05-25 15:58:59'),
(995, 5, 2, 1, '2026-06-11', 3, 1, NULL, NULL),
(996, 5, 2, 1, '2026-06-11', 4, 1, NULL, NULL),
(997, 5, 2, 2, '2026-06-11', 1, 1, 69, '2026-05-25 05:20:43'),
(998, 5, 2, 2, '2026-06-11', 2, 1, 56, '2026-05-25 05:20:43'),
(999, 5, 2, 2, '2026-06-11', 3, 1, NULL, NULL),
(1000, 5, 2, 2, '2026-06-11', 4, 1, NULL, NULL),
(1001, 5, 3, 1, '2026-06-11', 1, 1, 22, '2026-05-25 05:20:43'),
(1002, 5, 3, 1, '2026-06-11', 1, 2, 68, '2026-05-25 05:20:43'),
(1003, 5, 3, 1, '2026-06-11', 1, 3, 54, '2026-05-25 05:20:43'),
(1004, 5, 3, 1, '2026-06-11', 2, 1, 4, '2026-05-25 05:20:43'),
(1005, 5, 3, 1, '2026-06-11', 2, 2, 10, '2026-05-25 05:20:43'),
(1006, 5, 3, 1, '2026-06-11', 3, 1, 5, '2026-05-25 05:20:43'),
(1007, 5, 3, 1, '2026-06-11', 3, 2, NULL, NULL),
(1008, 5, 3, 1, '2026-06-11', 4, 1, NULL, NULL),
(1009, 5, 3, 2, '2026-06-11', 1, 1, 57, '2026-05-25 05:20:43'),
(1010, 5, 3, 2, '2026-06-11', 1, 2, 70, '2026-05-26 15:08:47'),
(1011, 5, 3, 2, '2026-06-11', 1, 3, 17, '2026-05-25 05:20:43'),
(1012, 5, 3, 2, '2026-06-11', 2, 1, 10, '2026-05-26 20:43:15'),
(1013, 5, 3, 2, '2026-06-11', 2, 2, 54, '2026-05-25 05:20:43'),
(1014, 5, 3, 2, '2026-06-11', 3, 1, 5, '2026-05-25 05:20:43'),
(1015, 5, 3, 2, '2026-06-11', 3, 2, 60, '2026-05-25 05:20:43'),
(1016, 5, 3, 2, '2026-06-11', 4, 1, 17, '2026-05-25 05:20:43'),
(1017, 5, 4, 1, '2026-06-11', 1, 1, 73, '2026-05-25 05:20:43'),
(1018, 5, 4, 1, '2026-06-11', 2, 1, 11, '2026-05-25 05:20:43'),
(1019, 5, 4, 1, '2026-06-11', 3, 1, NULL, NULL),
(1020, 5, 4, 1, '2026-06-11', 4, 1, NULL, NULL),
(1021, 5, 4, 2, '2026-06-11', 1, 1, 71, '2026-05-25 05:20:43'),
(1022, 5, 4, 2, '2026-06-11', 2, 1, 55, '2026-05-25 05:20:43'),
(1023, 5, 4, 2, '2026-06-11', 3, 1, NULL, NULL),
(1024, 5, 4, 2, '2026-06-11', 4, 1, NULL, NULL),
(1025, 5, 2, 1, '2026-06-12', 1, 1, 57, '2026-05-25 05:20:43'),
(1026, 5, 2, 1, '2026-06-12', 2, 1, 45, '2026-05-25 16:51:05'),
(1027, 5, 2, 1, '2026-06-12', 3, 1, 13, '2026-05-25 16:52:48'),
(1028, 5, 2, 1, '2026-06-12', 4, 1, 57, '2026-05-27 03:40:44'),
(1029, 5, 2, 2, '2026-06-12', 1, 1, 73, '2026-05-25 05:20:43'),
(1030, 5, 2, 2, '2026-06-12', 2, 1, 13, '2026-05-25 16:51:18'),
(1031, 5, 2, 2, '2026-06-12', 3, 1, NULL, NULL),
(1032, 5, 2, 2, '2026-06-12', 4, 1, NULL, NULL),
(1033, 5, 3, 1, '2026-06-12', 1, 1, 22, '2026-05-25 05:20:43'),
(1034, 5, 3, 1, '2026-06-12', 1, 2, 68, '2026-05-25 05:20:43'),
(1035, 5, 3, 1, '2026-06-12', 1, 3, 17, '2026-05-25 05:20:43'),
(1036, 5, 3, 1, '2026-06-12', 2, 1, 4, '2026-05-26 17:51:41'),
(1037, 5, 3, 1, '2026-06-12', 2, 2, 10, '2026-05-26 20:36:40'),
(1038, 5, 3, 1, '2026-06-12', 3, 1, 5, '2026-05-25 05:20:43'),
(1039, 5, 3, 1, '2026-06-12', 3, 2, NULL, NULL),
(1040, 5, 3, 1, '2026-06-12', 4, 1, NULL, NULL),
(1041, 5, 3, 2, '2026-06-12', 1, 1, 53, '2026-05-25 05:20:43'),
(1042, 5, 3, 2, '2026-06-12', 1, 2, 61, '2026-05-25 05:20:43'),
(1043, 5, 3, 2, '2026-06-12', 1, 3, 5, '2026-05-25 05:20:43'),
(1044, 5, 3, 2, '2026-06-12', 2, 1, 4, '2026-05-25 05:20:43'),
(1045, 5, 3, 2, '2026-06-12', 2, 2, 70, '2026-05-25 05:20:43'),
(1046, 5, 3, 2, '2026-06-12', 3, 1, NULL, NULL),
(1047, 5, 3, 2, '2026-06-12', 3, 2, 60, '2026-05-25 05:20:43'),
(1048, 5, 3, 2, '2026-06-12', 4, 1, 61, '2026-05-25 17:02:23'),
(1049, 5, 4, 1, '2026-06-12', 1, 1, 71, '2026-05-25 05:20:43'),
(1050, 5, 4, 1, '2026-06-12', 2, 1, 11, '2026-05-25 05:20:43'),
(1051, 5, 4, 1, '2026-06-12', 3, 1, NULL, NULL),
(1052, 5, 4, 1, '2026-06-12', 4, 1, NULL, NULL),
(1053, 5, 4, 2, '2026-06-12', 1, 1, 59, '2026-05-25 20:54:38'),
(1054, 5, 4, 2, '2026-06-12', 2, 1, 11, '2026-05-25 05:20:43'),
(1055, 5, 4, 2, '2026-06-12', 3, 1, NULL, NULL),
(1056, 5, 4, 2, '2026-06-12', 4, 1, NULL, NULL),
(1057, 5, 2, 1, '2026-06-13', 1, 1, 69, '2026-05-25 16:47:19'),
(1058, 5, 2, 1, '2026-06-13', 2, 1, 13, '2026-05-25 16:50:46'),
(1059, 5, 2, 1, '2026-06-13', 3, 1, NULL, NULL),
(1060, 5, 2, 1, '2026-06-13', 4, 1, NULL, NULL),
(1061, 5, 2, 2, '2026-06-13', 1, 1, 69, '2026-05-25 14:18:35'),
(1062, 5, 2, 2, '2026-06-13', 2, 1, 56, '2026-05-25 05:20:43'),
(1063, 5, 2, 2, '2026-06-13', 3, 1, NULL, NULL),
(1064, 5, 2, 2, '2026-06-13', 4, 1, NULL, NULL),
(1065, 5, 3, 1, '2026-06-13', 1, 1, 70, '2026-05-26 15:08:55'),
(1066, 5, 3, 1, '2026-06-13', 1, 2, NULL, NULL),
(1067, 5, 3, 1, '2026-06-13', 1, 3, 57, '2026-05-25 17:06:05'),
(1068, 5, 3, 1, '2026-06-13', 2, 1, 10, '2026-05-25 05:20:43'),
(1069, 5, 3, 1, '2026-06-13', 2, 2, 45, '2026-05-25 16:41:50'),
(1070, 5, 3, 1, '2026-06-13', 3, 1, 5, '2026-05-25 05:20:43'),
(1071, 5, 3, 1, '2026-06-13', 3, 2, NULL, NULL),
(1072, 5, 3, 1, '2026-06-13', 4, 1, 5, '2026-05-25 05:20:43'),
(1073, 5, 3, 2, '2026-06-13', 1, 1, 57, '2026-05-25 16:57:56'),
(1074, 5, 3, 2, '2026-06-13', 1, 2, 61, '2026-05-25 05:20:43'),
(1075, 5, 3, 2, '2026-06-13', 1, 3, 53, '2026-05-26 13:16:24'),
(1076, 5, 3, 2, '2026-06-13', 2, 1, 54, '2026-05-26 13:16:13'),
(1077, 5, 3, 2, '2026-06-13', 2, 2, 4, '2026-05-25 05:20:43'),
(1078, 5, 3, 2, '2026-06-13', 3, 1, 5, '2026-05-25 05:20:43'),
(1079, 5, 3, 2, '2026-06-13', 3, 2, NULL, NULL),
(1080, 5, 3, 2, '2026-06-13', 4, 1, 57, '2026-05-27 03:40:27'),
(1081, 5, 4, 1, '2026-06-13', 1, 1, 73, '2026-05-25 05:20:43'),
(1082, 5, 4, 1, '2026-06-13', 2, 1, 55, '2026-05-25 05:20:43'),
(1083, 5, 4, 1, '2026-06-13', 3, 1, NULL, NULL),
(1084, 5, 4, 1, '2026-06-13', 4, 1, NULL, NULL),
(1085, 5, 4, 2, '2026-06-13', 1, 1, 59, '2026-05-25 20:27:45'),
(1086, 5, 4, 2, '2026-06-13', 2, 1, 71, '2026-05-25 15:26:55'),
(1087, 5, 4, 2, '2026-06-13', 3, 1, NULL, NULL),
(1088, 5, 4, 2, '2026-06-13', 4, 1, NULL, NULL),
(1089, 5, 2, 1, '2026-06-14', 1, 1, 57, '2026-05-25 19:08:09'),
(1090, 5, 2, 1, '2026-06-14', 2, 1, 56, '2026-05-25 05:20:43'),
(1091, 5, 2, 1, '2026-06-14', 3, 1, NULL, NULL),
(1092, 5, 2, 1, '2026-06-14', 4, 1, NULL, NULL),
(1093, 5, 2, 2, '2026-06-14', 1, 1, 70, '2026-05-25 05:20:43'),
(1094, 5, 2, 2, '2026-06-14', 2, 1, 56, '2026-05-25 05:20:43'),
(1095, 5, 2, 2, '2026-06-14', 3, 1, NULL, NULL),
(1096, 5, 2, 2, '2026-06-14', 4, 1, NULL, NULL),
(1097, 5, 3, 1, '2026-06-14', 1, 1, 22, '2026-05-25 19:08:16'),
(1098, 5, 3, 1, '2026-06-14', 1, 2, 69, '2026-05-25 05:20:43'),
(1099, 5, 3, 1, '2026-06-14', 1, 3, 53, '2026-05-26 01:37:37'),
(1100, 5, 3, 1, '2026-06-14', 2, 1, 45, '2026-05-25 16:29:53'),
(1101, 5, 3, 1, '2026-06-14', 2, 2, 54, '2026-05-25 05:20:43'),
(1102, 5, 3, 1, '2026-06-14', 3, 1, NULL, NULL),
(1103, 5, 3, 1, '2026-06-14', 3, 2, NULL, NULL),
(1104, 5, 3, 1, '2026-06-14', 4, 1, NULL, NULL),
(1105, 5, 3, 2, '2026-06-14', 1, 1, NULL, NULL),
(1106, 5, 3, 2, '2026-06-14', 1, 2, 61, '2026-05-25 05:20:43'),
(1107, 5, 3, 2, '2026-06-14', 1, 3, NULL, NULL),
(1108, 5, 3, 2, '2026-06-14', 2, 1, 45, '2026-05-25 05:20:43'),
(1109, 5, 3, 2, '2026-06-14', 2, 2, 54, '2026-05-25 05:20:43'),
(1110, 5, 3, 2, '2026-06-14', 3, 1, NULL, NULL),
(1111, 5, 3, 2, '2026-06-14', 3, 2, 60, '2026-05-25 05:20:43'),
(1112, 5, 3, 2, '2026-06-14', 4, 1, 54, '2026-05-25 05:20:43'),
(1113, 5, 4, 1, '2026-06-14', 1, 1, 73, '2026-05-25 05:20:43'),
(1114, 5, 4, 1, '2026-06-14', 2, 1, 11, '2026-05-25 05:20:43'),
(1115, 5, 4, 1, '2026-06-14', 3, 1, NULL, NULL),
(1116, 5, 4, 1, '2026-06-14', 4, 1, NULL, NULL),
(1117, 5, 4, 2, '2026-06-14', 1, 1, 71, '2026-05-26 20:32:19'),
(1118, 5, 4, 2, '2026-06-14', 2, 1, 55, '2026-05-25 05:20:43'),
(1119, 5, 4, 2, '2026-06-14', 3, 1, NULL, NULL),
(1120, 5, 4, 2, '2026-06-14', 4, 1, NULL, NULL);

-- --------------------------------------------------------

--
-- Table structure for table `horario_solicitud`
--

CREATE TABLE `horario_solicitud` (
  `id_solicitud` int(11) NOT NULL,
  `semana_id` int(11) NOT NULL,
  `postulante_id` int(11) NOT NULL,
  `local_id` int(11) NOT NULL,
  `turno_id` int(11) NOT NULL,
  `lunes` tinyint(1) NOT NULL DEFAULT 0,
  `martes` tinyint(1) NOT NULL DEFAULT 0,
  `miercoles` tinyint(1) NOT NULL DEFAULT 0,
  `jueves` tinyint(1) NOT NULL DEFAULT 0,
  `viernes` tinyint(1) NOT NULL DEFAULT 0,
  `sabado` tinyint(1) NOT NULL DEFAULT 0,
  `domingo` tinyint(1) NOT NULL DEFAULT 0,
  `estado` enum('BORRADOR','ENVIADO','APROBADO','RECHAZADO') NOT NULL DEFAULT 'BORRADOR',
  `observacion` text DEFAULT NULL,
  `observacion_admin` text DEFAULT NULL,
  `revisado_por_id` int(11) DEFAULT NULL,
  `fecha_envio` timestamp NULL DEFAULT NULL,
  `fecha_revision` timestamp NULL DEFAULT NULL,
  `fecha_registro` timestamp NOT NULL DEFAULT current_timestamp(),
  `fecha_modificacion` timestamp NOT NULL DEFAULT current_timestamp() ON UPDATE current_timestamp()
) ENGINE=InnoDB DEFAULT CHARSET=utf8mb4 COLLATE=utf8mb4_unicode_ci;

-- --------------------------------------------------------

--
-- Table structure for table `incidencia`
--

CREATE TABLE `incidencia` (
  `id_incidencia` int(11) NOT NULL,
  `postulante_id` int(11) NOT NULL,
  `sesion_id` int(11) DEFAULT NULL,
  `tipo` enum('ERROR_CAJA','FALTA_DISCIPLINARIA','SISTEMA','OTRO') NOT NULL,
  `descripcion` text NOT NULL,
  `estado` enum('REGISTRADO','EN_REVISION','RESUELTO') NOT NULL DEFAULT 'REGISTRADO',
  `fecha` datetime NOT NULL DEFAULT current_timestamp()
) ENGINE=InnoDB DEFAULT CHARSET=utf8mb4 COLLATE=utf8mb4_unicode_ci;

-- --------------------------------------------------------

--
-- Table structure for table `institucion`
--

CREATE TABLE `institucion` (
  `id_institucion` int(11) NOT NULL,
  `descripcion` varchar(150) NOT NULL,
  `activo` tinyint(1) NOT NULL DEFAULT 1,
  `fecha_registro` timestamp NOT NULL DEFAULT current_timestamp(),
  `fecha_modificacion` timestamp NOT NULL DEFAULT current_timestamp() ON UPDATE current_timestamp()
) ENGINE=InnoDB DEFAULT CHARSET=utf8mb4 COLLATE=utf8mb4_unicode_ci;

--
-- Dumping data for table `institucion`
--

INSERT INTO `institucion` (`id_institucion`, `descripcion`, `activo`, `fecha_registro`, `fecha_modificacion`) VALUES
(1, 'Instituto Federico Villarreal', 1, '2026-05-04 20:58:11', '2026-05-04 20:58:11'),
(2, 'Instituto IDAT', 1, '2026-05-04 20:58:11', '2026-05-04 20:58:11'),
(3, 'Instituto Superior Arzobispo Loayza', 1, '2026-05-04 20:58:11', '2026-05-04 20:58:11'),
(4, 'Instituto Superior Daniel Alcides Carrión', 1, '2026-05-04 20:58:11', '2026-05-04 20:58:11'),
(5, 'Otros', 1, '2026-05-04 20:58:11', '2026-05-04 20:58:11'),
(6, 'Universidad María Auxiliadora', 1, '2026-05-04 20:58:11', '2026-05-04 20:58:11'),
(7, 'Universidad Nacional Mayor de San Marcos', 1, '2026-05-04 20:58:11', '2026-05-04 20:58:11'),
(8, 'Universidad Norbert Wiener', 1, '2026-05-04 20:58:11', '2026-05-04 20:58:11'),
(9, 'Universidad Privada del Norte', 1, '2026-05-04 20:58:11', '2026-05-04 20:58:11'),
(10, 'Universidad Tecnológica del Perú', 1, '2026-05-04 20:58:11', '2026-05-04 20:58:11');

-- --------------------------------------------------------

--
-- Table structure for table `local`
--

CREATE TABLE `local` (
  `id_local` int(11) NOT NULL,
  `descripcion` varchar(50) DEFAULT NULL,
  `direccion` varchar(150) DEFAULT NULL,
  `id_encargado` int(11) DEFAULT NULL,
  `activo` tinyint(1) NOT NULL DEFAULT 1
) ENGINE=InnoDB DEFAULT CHARSET=utf8mb4 COLLATE=utf8mb4_unicode_ci;

--
-- Dumping data for table `local`
--

INSERT INTO `local` (`id_local`, `descripcion`, `direccion`, `id_encargado`, `activo`) VALUES
(2, 'Local 2', NULL, NULL, 1),
(3, 'Local 3', NULL, NULL, 1),
(4, 'Local 4', NULL, NULL, 1);

-- --------------------------------------------------------

--
-- Table structure for table `modo`
--

CREATE TABLE `modo` (
  `id_modo` int(11) NOT NULL,
  `descripcion` varchar(50) NOT NULL,
  `activo` tinyint(1) NOT NULL DEFAULT 1,
  `fecha_registro` timestamp NULL DEFAULT current_timestamp(),
  `fecha_modificacion` timestamp NULL DEFAULT current_timestamp() ON UPDATE current_timestamp()
) ENGINE=InnoDB DEFAULT CHARSET=utf8mb4 COLLATE=utf8mb4_unicode_ci;

--
-- Dumping data for table `modo`
--

INSERT INTO `modo` (`id_modo`, `descripcion`, `activo`, `fecha_registro`, `fecha_modificacion`) VALUES
(1, 'EFECTIVO', 1, '2026-05-04 20:58:12', '2026-05-04 20:58:12'),
(2, 'Yape/Plin', 1, '2026-05-04 20:58:12', '2026-05-11 05:02:23'),
(3, 'PLIN', 0, '2026-05-04 20:58:12', '2026-05-11 05:02:23'),
(4, 'Visa/POS', 1, '2026-05-04 20:58:12', '2026-05-11 05:02:23'),
(5, 'BCP', 0, '2026-05-04 20:58:12', '2026-05-11 05:02:23'),
(6, 'TRANSFERENCIA_BANCARIA', 0, '2026-05-04 20:58:12', '2026-05-11 05:02:23'),
(7, 'SoloBank', 1, '2026-05-26 10:53:36', '2026-05-26 10:53:36');

-- --------------------------------------------------------

--
-- Table structure for table `movimiento_sesion`
--

CREATE TABLE `movimiento_sesion` (
  `id_movimiento` int(11) NOT NULL,
  `sesion_id` int(11) NOT NULL,
  `tipo_movimiento_id` int(11) NOT NULL,
  `origen` enum('CUADRE','CORRECCION') NOT NULL DEFAULT 'CUADRE',
  `modo_id` int(11) DEFAULT NULL,
  `postulante_registro_id` int(11) NOT NULL,
  `postulante_revision_id` int(11) DEFAULT NULL,
  `descripcion` varchar(250) DEFAULT NULL,
  `monto` decimal(10,2) NOT NULL,
  `numero_operacion` varchar(100) DEFAULT NULL,
  `comprobante_url` varchar(255) DEFAULT NULL,
  `fecha_movimiento` timestamp NOT NULL DEFAULT current_timestamp(),
  `fecha_revision` timestamp NULL DEFAULT NULL,
  `fecha_anulacion` timestamp NULL DEFAULT NULL,
  `estado` enum('PENDIENTE','APROBADO','OBSERVADO','RECHAZADO','ANULADO') NOT NULL DEFAULT 'PENDIENTE',
  `motivo_anulacion` text DEFAULT NULL,
  `observacion_revision` text DEFAULT NULL
) ENGINE=InnoDB DEFAULT CHARSET=utf8mb4 COLLATE=utf8mb4_unicode_ci;

--
-- Dumping data for table `movimiento_sesion`
--

INSERT INTO `movimiento_sesion` (`id_movimiento`, `sesion_id`, `tipo_movimiento_id`, `origen`, `modo_id`, `postulante_registro_id`, `postulante_revision_id`, `descripcion`, `monto`, `numero_operacion`, `comprobante_url`, `fecha_movimiento`, `fecha_revision`, `fecha_anulacion`, `estado`, `motivo_anulacion`, `observacion_revision`) VALUES
(17, 27, 1, 'CUADRE', 2, 29, NULL, NULL, 445.70, NULL, NULL, '2026-05-07 14:41:58', NULL, NULL, 'PENDIENTE', NULL, NULL),
(18, 30, 1, 'CUADRE', 2, 17, NULL, NULL, 1000.00, NULL, NULL, '2026-05-07 14:56:19', NULL, NULL, 'PENDIENTE', NULL, NULL),
(19, 30, 1, 'CUADRE', 4, 17, NULL, NULL, 1000.00, NULL, NULL, '2026-05-07 14:56:24', NULL, NULL, 'PENDIENTE', NULL, NULL),
(20, 30, 1, 'CUADRE', 3, 17, NULL, NULL, 938.90, NULL, NULL, '2026-05-07 14:56:37', NULL, NULL, 'PENDIENTE', NULL, NULL),
(21, 33, 1, 'CUADRE', 2, 22, NULL, NULL, 10.00, NULL, NULL, '2026-05-07 15:13:59', NULL, NULL, 'PENDIENTE', NULL, NULL),
(25, 31, 1, 'CUADRE', 2, 17, NULL, NULL, 388.30, NULL, NULL, '2026-05-07 19:58:44', NULL, NULL, 'PENDIENTE', NULL, NULL),
(26, 31, 1, 'CUADRE', 4, 17, NULL, NULL, 232.80, NULL, NULL, '2026-05-07 19:59:03', NULL, NULL, 'PENDIENTE', NULL, NULL),
(27, 31, 2, 'CUADRE', 1, 17, NULL, 'desayuno sra. Marina', 3.01, NULL, NULL, '2026-05-07 20:00:17', NULL, NULL, 'APROBADO', NULL, NULL),
(28, 28, 1, 'CUADRE', 2, 29, NULL, NULL, 142.70, NULL, NULL, '2026-05-07 20:07:03', NULL, NULL, 'PENDIENTE', NULL, NULL),
(29, 35, 2, 'CUADRE', 1, 22, NULL, 'se compro lancetas', 40.00, NULL, NULL, '2026-05-07 20:16:16', NULL, NULL, 'APROBADO', NULL, NULL),
(30, 35, 2, 'CUADRE', 1, 22, NULL, 'deposito grupo kgyr', 11000.01, NULL, NULL, '2026-05-07 20:16:16', NULL, NULL, 'APROBADO', NULL, NULL),
(31, 38, 1, 'CUADRE', 2, 71, NULL, NULL, 612.80, NULL, NULL, '2026-05-07 20:22:38', NULL, NULL, 'PENDIENTE', NULL, NULL),
(33, 40, 1, 'CUADRE', 2, 54, NULL, NULL, 151.60, NULL, NULL, '2026-05-07 20:27:30', NULL, NULL, 'PENDIENTE', NULL, NULL),
(37, 42, 1, 'CUADRE', 2, 17, NULL, NULL, 871.10, NULL, NULL, '2026-05-08 03:59:23', NULL, NULL, 'PENDIENTE', NULL, NULL),
(38, 42, 1, 'CUADRE', 4, 17, NULL, NULL, 100.70, NULL, NULL, '2026-05-08 03:59:38', NULL, NULL, 'PENDIENTE', NULL, NULL),
(40, 42, 2, 'CUADRE', 1, 17, NULL, 'compra de Ciro', 80.50, NULL, NULL, '2026-05-08 04:00:18', NULL, NULL, 'APROBADO', NULL, NULL),
(42, 44, 2, 'CUADRE', 1, 57, NULL, 'compra de ciro', 37.00, NULL, NULL, '2026-05-08 04:15:55', NULL, NULL, 'APROBADO', NULL, NULL),
(43, 48, 1, 'CUADRE', 2, 69, NULL, NULL, 282.10, NULL, NULL, '2026-05-08 13:42:00', NULL, NULL, 'PENDIENTE', NULL, NULL),
(45, 50, 1, 'CUADRE', 2, 73, NULL, NULL, 298.10, NULL, NULL, '2026-05-08 16:07:40', NULL, NULL, 'PENDIENTE', NULL, NULL),
(46, 52, 2, 'CUADRE', 1, 22, NULL, 'deposito a grupo kgyr', 10000.00, NULL, NULL, '2026-05-08 19:51:46', NULL, NULL, 'APROBADO', NULL, NULL),
(47, 51, 1, 'CUADRE', 2, 11, NULL, NULL, 220.10, NULL, NULL, '2026-05-08 20:01:02', NULL, NULL, 'PENDIENTE', NULL, NULL),
(49, 47, 1, 'CUADRE', 4, 70, NULL, NULL, 22.90, NULL, NULL, '2026-05-08 20:08:34', NULL, NULL, 'PENDIENTE', NULL, NULL),
(50, 47, 1, 'CUADRE', 2, 70, NULL, NULL, 543.20, NULL, NULL, '2026-05-08 20:08:47', NULL, NULL, 'PENDIENTE', NULL, NULL),
(51, 47, 2, 'CUADRE', 1, 70, NULL, 'COMPRA', 42.00, NULL, NULL, '2026-05-08 20:09:36', NULL, NULL, 'APROBADO', NULL, NULL),
(52, 53, 1, 'CUADRE', 2, 29, NULL, NULL, 47.10, NULL, NULL, '2026-05-08 20:09:43', NULL, NULL, 'PENDIENTE', NULL, NULL),
(59, 55, 1, 'CUADRE', 2, 69, NULL, NULL, 707.70, NULL, NULL, '2026-05-09 04:07:20', NULL, NULL, 'PENDIENTE', NULL, NULL),
(60, 55, 1, 'CUADRE', 4, 69, NULL, NULL, 273.30, NULL, NULL, '2026-05-09 04:07:46', NULL, NULL, 'PENDIENTE', NULL, NULL),
(61, 57, 1, 'CUADRE', 2, 73, NULL, NULL, 206.20, NULL, NULL, '2026-05-09 04:09:33', NULL, NULL, 'PENDIENTE', NULL, NULL),
(62, 57, 1, 'CUADRE', 4, 73, NULL, NULL, 67.60, NULL, NULL, '2026-05-09 04:09:41', NULL, NULL, 'PENDIENTE', NULL, NULL),
(63, 55, 2, 'CUADRE', 1, 69, NULL, 'Gasto', 410.00, NULL, NULL, '2026-05-09 04:10:44', NULL, NULL, 'APROBADO', NULL, NULL),
(64, 55, 2, 'CUADRE', 1, 69, NULL, 'compra ciro', 37.00, NULL, NULL, '2026-05-09 04:10:44', NULL, NULL, 'APROBADO', NULL, NULL),
(65, 58, 1, 'CUADRE', 2, 53, NULL, NULL, 317.50, NULL, NULL, '2026-05-09 04:12:04', NULL, NULL, 'PENDIENTE', NULL, NULL),
(66, 58, 1, 'CUADRE', 4, 53, NULL, NULL, 188.90, NULL, NULL, '2026-05-09 04:12:14', NULL, NULL, 'PENDIENTE', NULL, NULL),
(67, 58, 2, 'CUADRE', 1, 53, NULL, 'compra de ciro', 74.00, NULL, NULL, '2026-05-09 04:12:42', NULL, NULL, 'APROBADO', NULL, NULL),
(68, 59, 1, 'CUADRE', 2, 29, NULL, NULL, 186.10, NULL, NULL, '2026-05-09 04:13:36', NULL, NULL, 'PENDIENTE', NULL, NULL),
(69, 61, 1, 'CUADRE', 2, 73, NULL, NULL, 885.65, NULL, NULL, '2026-05-09 20:03:08', NULL, NULL, 'PENDIENTE', NULL, NULL),
(70, 61, 1, 'CUADRE', 4, 73, NULL, NULL, 39.00, NULL, NULL, '2026-05-09 20:03:19', NULL, NULL, 'PENDIENTE', NULL, NULL),
(71, 62, 2, 'CUADRE', 1, 57, NULL, 'visa y yape', 90.20, NULL, NULL, '2026-05-09 20:23:34', NULL, NULL, 'APROBADO', NULL, NULL),
(72, 63, 1, 'CUADRE', 2, 71, NULL, NULL, 142.80, NULL, NULL, '2026-05-09 21:16:47', NULL, NULL, 'PENDIENTE', NULL, NULL),
(73, 63, 1, 'CUADRE', 4, 71, NULL, NULL, 45.30, NULL, NULL, '2026-05-09 21:16:59', NULL, NULL, 'PENDIENTE', NULL, NULL),
(74, 64, 1, 'CUADRE', 2, 57, NULL, NULL, 103.10, NULL, NULL, '2026-05-10 03:59:03', NULL, NULL, 'PENDIENTE', NULL, NULL),
(75, 64, 1, 'CUADRE', 4, 57, NULL, NULL, 3.00, NULL, NULL, '2026-05-10 03:59:12', NULL, NULL, 'PENDIENTE', NULL, NULL),
(76, 64, 2, 'CUADRE', 1, 57, NULL, 'descargo algodon', 2.60, NULL, NULL, '2026-05-10 03:59:46', NULL, NULL, 'APROBADO', NULL, NULL),
(77, 65, 2, 'CUADRE', 1, 53, NULL, 'compra de glucophage xr 100 x que faltaba completar para venta', 76.60, NULL, NULL, '2026-05-10 04:05:06', NULL, NULL, 'APROBADO', NULL, NULL),
(78, 66, 1, 'CUADRE', 2, 17, NULL, NULL, 583.80, NULL, NULL, '2026-05-10 04:05:54', NULL, NULL, 'PENDIENTE', NULL, NULL),
(79, 66, 1, 'CUADRE', 4, 17, NULL, NULL, 277.00, NULL, NULL, '2026-05-10 04:06:10', NULL, NULL, 'PENDIENTE', NULL, NULL),
(80, 66, 2, 'CUADRE', 1, 17, NULL, 'compra paliglobo', 32.00, NULL, NULL, '2026-05-10 04:07:21', NULL, NULL, 'APROBADO', NULL, NULL),
(81, 66, 2, 'CUADRE', 1, 17, NULL, 'deposito sra. Marina', 500.00, NULL, NULL, '2026-05-10 04:07:21', NULL, NULL, 'APROBADO', NULL, NULL),
(82, 67, 1, 'CUADRE', 2, 71, NULL, NULL, 255.60, NULL, NULL, '2026-05-10 04:14:52', NULL, NULL, 'PENDIENTE', NULL, NULL),
(83, 67, 1, 'CUADRE', 4, 71, NULL, NULL, 156.40, NULL, NULL, '2026-05-10 04:15:02', NULL, NULL, 'PENDIENTE', NULL, NULL),
(84, 67, 2, 'CUADRE', 1, 71, NULL, '1 docena de paliglobos', 2.50, NULL, NULL, '2026-05-10 04:16:04', NULL, NULL, 'APROBADO', NULL, NULL),
(97, 68, 1, 'CUADRE', 4, 17, NULL, NULL, 111.10, NULL, NULL, '2026-05-10 19:57:54', NULL, NULL, 'PENDIENTE', NULL, NULL),
(98, 68, 1, 'CUADRE', 2, 17, NULL, NULL, 306.00, NULL, NULL, '2026-05-10 19:58:57', NULL, NULL, 'PENDIENTE', NULL, NULL),
(102, 69, 1, 'CUADRE', 2, 69, NULL, NULL, 166.50, NULL, NULL, '2026-05-10 20:02:17', NULL, NULL, 'PENDIENTE', NULL, NULL),
(103, 68, 2, 'CUADRE', 1, 17, NULL, 'compra de jabon', 4.50, NULL, NULL, '2026-05-10 20:03:36', NULL, NULL, 'APROBADO', NULL, NULL),
(104, 68, 2, 'CUADRE', 1, 17, NULL, 'compra de bolsas', 67.00, NULL, NULL, '2026-05-10 20:03:36', NULL, NULL, 'APROBADO', NULL, NULL),
(105, 68, 2, 'CUADRE', 1, 17, NULL, 'pago de terreno Ayacucho', 2499.99, NULL, NULL, '2026-05-10 20:03:36', NULL, NULL, 'APROBADO', NULL, NULL),
(106, 70, 1, 'CUADRE', 2, 53, NULL, NULL, 112.40, NULL, NULL, '2026-05-10 20:06:04', NULL, NULL, 'PENDIENTE', NULL, NULL),
(107, 70, 2, 'CUADRE', 1, 53, NULL, 'tiras reactivas de glucosa', 79.80, NULL, NULL, '2026-05-10 20:07:09', NULL, NULL, 'APROBADO', NULL, NULL),
(108, 71, 1, 'CUADRE', 2, 11, NULL, NULL, 356.30, NULL, NULL, '2026-05-10 20:17:35', NULL, NULL, 'PENDIENTE', NULL, NULL),
(109, 71, 1, 'CUADRE', 4, 11, NULL, NULL, 6.60, NULL, NULL, '2026-05-10 20:17:43', NULL, NULL, 'PENDIENTE', NULL, NULL),
(110, 72, 1, 'CUADRE', 2, 22, NULL, NULL, 173.70, NULL, NULL, '2026-05-11 03:01:27', NULL, NULL, 'PENDIENTE', NULL, NULL),
(111, 74, 1, 'CUADRE', 2, 73, NULL, NULL, 366.60, NULL, NULL, '2026-05-11 04:01:14', NULL, NULL, 'PENDIENTE', NULL, NULL),
(112, 74, 1, 'CUADRE', 4, 73, NULL, NULL, 166.00, NULL, NULL, '2026-05-11 04:01:23', NULL, NULL, 'PENDIENTE', NULL, NULL),
(113, 74, 2, 'CUADRE', 1, 73, NULL, 'pago de producto al señor ciro', 80.50, NULL, NULL, '2026-05-11 04:03:57', NULL, NULL, 'APROBADO', NULL, NULL),
(114, 75, 1, 'CUADRE', 2, 29, NULL, NULL, 72.90, NULL, NULL, '2026-05-11 04:09:17', NULL, NULL, 'PENDIENTE', NULL, NULL),
(117, 88, 1, 'CUADRE', 2, 29, NULL, NULL, 119.50, NULL, NULL, '2026-05-11 20:08:12', NULL, NULL, 'PENDIENTE', NULL, NULL),
(118, 88, 1, 'CUADRE', 4, 29, NULL, NULL, 31.80, NULL, NULL, '2026-05-11 20:08:38', NULL, NULL, 'PENDIENTE', NULL, NULL),
(119, 87, 1, 'CUADRE', 2, 57, NULL, NULL, 696.20, NULL, NULL, '2026-05-11 20:10:08', NULL, NULL, 'PENDIENTE', NULL, NULL),
(120, 87, 1, 'CUADRE', 4, 57, NULL, NULL, 254.50, NULL, NULL, '2026-05-11 20:10:24', NULL, NULL, 'PENDIENTE', NULL, NULL),
(121, 89, 1, 'CUADRE', 2, 73, NULL, NULL, 174.90, NULL, NULL, '2026-05-11 20:15:19', NULL, NULL, 'PENDIENTE', NULL, NULL),
(122, 89, 1, 'CUADRE', 4, 73, NULL, NULL, 56.60, NULL, NULL, '2026-05-11 20:15:52', NULL, NULL, 'PENDIENTE', NULL, NULL),
(123, 90, 1, 'CUADRE', 2, 29, NULL, NULL, 222.50, NULL, NULL, '2026-05-12 04:04:27', NULL, NULL, 'PENDIENTE', NULL, NULL),
(124, 90, 1, 'CUADRE', 4, 29, NULL, NULL, 27.40, NULL, NULL, '2026-05-12 04:04:39', NULL, NULL, 'PENDIENTE', NULL, NULL),
(126, 92, 1, 'CUADRE', 4, 71, NULL, NULL, 72.00, NULL, NULL, '2026-05-12 04:10:16', NULL, NULL, 'PENDIENTE', NULL, NULL),
(127, 93, 1, 'CUADRE', 2, 57, NULL, NULL, 996.40, NULL, NULL, '2026-05-12 04:10:44', NULL, NULL, 'PENDIENTE', NULL, NULL),
(128, 93, 1, 'CUADRE', 4, 57, NULL, NULL, 447.40, NULL, NULL, '2026-05-12 04:10:56', NULL, NULL, 'PENDIENTE', NULL, NULL),
(129, 93, 2, 'CUADRE', 1, 57, NULL, 'PASAJE SB4', 8.00, NULL, NULL, '2026-05-12 04:12:17', NULL, NULL, 'APROBADO', NULL, NULL),
(130, 92, 1, 'CUADRE', 2, 71, NULL, NULL, 306.50, NULL, NULL, '2026-05-12 04:31:35', NULL, NULL, 'PENDIENTE', NULL, NULL),
(131, 94, 1, 'CUADRE', 2, 54, NULL, NULL, 43.00, NULL, NULL, '2026-05-12 20:03:14', NULL, NULL, 'PENDIENTE', NULL, NULL),
(132, 94, 1, 'CUADRE', 4, 54, NULL, NULL, 9.00, NULL, NULL, '2026-05-12 20:03:30', NULL, NULL, 'PENDIENTE', NULL, NULL),
(133, 95, 1, 'CUADRE', 2, 57, NULL, NULL, 649.30, NULL, NULL, '2026-05-12 20:09:44', NULL, NULL, 'PENDIENTE', NULL, NULL),
(134, 95, 1, 'CUADRE', 4, 57, NULL, NULL, 371.20, NULL, NULL, '2026-05-12 20:09:58', NULL, NULL, 'PENDIENTE', NULL, NULL),
(135, 97, 1, 'CUADRE', 2, 73, NULL, NULL, 303.80, NULL, NULL, '2026-05-12 20:13:50', NULL, NULL, 'PENDIENTE', NULL, NULL),
(136, 97, 1, 'CUADRE', 4, 73, NULL, NULL, 383.30, NULL, NULL, '2026-05-12 20:14:11', NULL, NULL, 'PENDIENTE', NULL, NULL),
(137, 100, 2, 'CUADRE', 1, 53, NULL, 'compra de ciro', 37.00, NULL, NULL, '2026-05-13 03:58:51', NULL, NULL, 'APROBADO', NULL, NULL),
(143, 101, 1, 'CUADRE', 2, 71, NULL, NULL, 180.10, NULL, NULL, '2026-05-13 04:19:32', NULL, NULL, 'PENDIENTE', NULL, NULL),
(144, 101, 1, 'CUADRE', 4, 71, NULL, NULL, 52.20, NULL, NULL, '2026-05-13 04:20:02', NULL, NULL, 'PENDIENTE', NULL, NULL),
(145, 103, 1, 'CUADRE', 2, 69, NULL, NULL, 18.10, NULL, NULL, '2026-05-13 05:45:53', NULL, NULL, 'PENDIENTE', NULL, NULL),
(146, 103, 1, 'CUADRE', 2, 69, NULL, NULL, 153.00, NULL, NULL, '2026-05-13 05:46:00', NULL, NULL, 'PENDIENTE', NULL, NULL),
(150, 105, 1, 'CUADRE', 2, 17, NULL, NULL, 409.20, NULL, NULL, '2026-05-13 05:51:36', NULL, NULL, 'PENDIENTE', NULL, NULL),
(151, 105, 1, 'CUADRE', 2, 17, NULL, NULL, 957.50, NULL, NULL, '2026-05-13 05:51:46', NULL, NULL, 'PENDIENTE', NULL, NULL),
(152, 105, 2, 'CUADRE', 1, 17, NULL, 'pasaje sb4', 2.50, NULL, NULL, '2026-05-13 05:52:26', NULL, NULL, 'APROBADO', NULL, NULL),
(153, 112, 1, 'CUADRE', 2, 53, NULL, NULL, 419.20, NULL, NULL, '2026-05-13 19:03:26', NULL, NULL, 'PENDIENTE', NULL, NULL),
(154, 112, 1, 'CUADRE', 4, 53, NULL, NULL, 393.20, NULL, NULL, '2026-05-13 19:03:34', NULL, NULL, 'PENDIENTE', NULL, NULL),
(155, 115, 1, 'CUADRE', 2, 29, NULL, NULL, 99.30, NULL, NULL, '2026-05-13 20:04:41', NULL, NULL, 'PENDIENTE', NULL, NULL),
(156, 115, 1, 'CUADRE', 4, 29, NULL, NULL, 19.90, NULL, NULL, '2026-05-13 20:04:51', NULL, NULL, 'PENDIENTE', NULL, NULL),
(157, 114, 1, 'CUADRE', 2, 11, NULL, NULL, 205.10, NULL, NULL, '2026-05-13 23:43:10', NULL, NULL, 'PENDIENTE', NULL, NULL),
(158, 114, 1, 'CUADRE', 4, 11, NULL, NULL, 102.70, NULL, NULL, '2026-05-13 23:43:21', NULL, NULL, 'PENDIENTE', NULL, NULL),
(159, 116, 1, 'CUADRE', 2, 17, NULL, NULL, 581.80, NULL, NULL, '2026-05-14 03:57:11', NULL, NULL, 'PENDIENTE', NULL, NULL),
(160, 116, 2, 'CUADRE', 1, 17, NULL, 'pasaje sb4', 2.50, NULL, NULL, '2026-05-14 03:58:21', NULL, NULL, 'APROBADO', NULL, NULL),
(161, 118, 1, 'CUADRE', 2, 29, NULL, NULL, 131.90, NULL, NULL, '2026-05-14 04:01:56', NULL, NULL, 'PENDIENTE', NULL, NULL),
(162, 118, 1, 'CUADRE', 4, 29, NULL, NULL, 27.00, NULL, NULL, '2026-05-14 04:02:04', NULL, NULL, 'PENDIENTE', NULL, NULL),
(163, 119, 1, 'CUADRE', 2, 71, NULL, NULL, 361.40, NULL, NULL, '2026-05-14 04:11:38', NULL, NULL, 'PENDIENTE', NULL, NULL),
(164, 119, 1, 'CUADRE', 4, 71, NULL, NULL, 71.10, NULL, NULL, '2026-05-14 04:11:46', NULL, NULL, 'PENDIENTE', NULL, NULL),
(165, 120, 1, 'CUADRE', 2, 29, NULL, NULL, 119.30, NULL, NULL, '2026-05-14 20:00:44', NULL, NULL, 'PENDIENTE', NULL, NULL),
(166, 120, 1, 'CUADRE', 4, 29, NULL, NULL, 30.00, NULL, NULL, '2026-05-14 20:00:54', NULL, NULL, 'PENDIENTE', NULL, NULL),
(167, 121, 1, 'CUADRE', 2, 13, NULL, NULL, 305.30, NULL, NULL, '2026-05-14 20:08:42', NULL, NULL, 'PENDIENTE', NULL, NULL),
(168, 121, 2, 'CUADRE', 1, 13, NULL, 'uso botica', 3.00, NULL, NULL, '2026-05-14 20:10:06', NULL, NULL, 'APROBADO', NULL, NULL),
(169, 121, 2, 'CUADRE', 1, 13, NULL, 'jorge mantenimiento', 8.00, NULL, NULL, '2026-05-14 20:10:06', NULL, NULL, 'APROBADO', NULL, NULL),
(170, 122, 1, 'CUADRE', 2, 17, NULL, NULL, 267.60, NULL, NULL, '2026-05-14 20:14:08', NULL, NULL, 'PENDIENTE', NULL, NULL),
(171, 122, 1, 'CUADRE', 4, 17, NULL, NULL, 80.70, NULL, NULL, '2026-05-14 20:14:30', NULL, NULL, 'PENDIENTE', NULL, NULL),
(172, 125, 1, 'CUADRE', 2, 69, NULL, NULL, 140.30, NULL, NULL, '2026-05-15 03:49:27', NULL, NULL, 'PENDIENTE', NULL, NULL),
(173, 125, 1, 'CUADRE', 4, 69, NULL, NULL, 19.90, NULL, NULL, '2026-05-15 03:49:39', NULL, NULL, 'PENDIENTE', NULL, NULL),
(174, 125, 1, 'CUADRE', 2, 69, NULL, NULL, 6.00, NULL, NULL, '2026-05-15 03:57:59', NULL, NULL, 'PENDIENTE', NULL, NULL),
(175, 126, 1, 'CUADRE', 2, 57, NULL, NULL, 694.80, NULL, NULL, '2026-05-15 04:07:45', NULL, NULL, 'PENDIENTE', NULL, NULL),
(176, 126, 1, 'CUADRE', 4, 57, NULL, NULL, 332.60, NULL, NULL, '2026-05-15 04:07:56', NULL, NULL, 'PENDIENTE', NULL, NULL),
(177, 127, 1, 'CUADRE', 2, 71, NULL, NULL, 172.30, NULL, NULL, '2026-05-15 04:14:01', NULL, NULL, 'PENDIENTE', NULL, NULL),
(178, 127, 1, 'CUADRE', 4, 71, NULL, NULL, 11.50, NULL, NULL, '2026-05-15 04:14:09', NULL, NULL, 'PENDIENTE', NULL, NULL),
(179, 129, 1, 'CUADRE', 2, 17, NULL, NULL, 486.90, NULL, NULL, '2026-05-15 20:06:11', NULL, NULL, 'PENDIENTE', NULL, NULL),
(180, 129, 1, 'CUADRE', 4, 17, NULL, NULL, 694.60, NULL, NULL, '2026-05-15 20:07:04', NULL, NULL, 'PENDIENTE', NULL, NULL),
(181, 130, 1, 'CUADRE', 2, 29, NULL, NULL, 251.30, NULL, NULL, '2026-05-15 20:09:06', NULL, NULL, 'PENDIENTE', NULL, NULL),
(182, 130, 1, 'CUADRE', 4, 29, NULL, NULL, 45.00, NULL, NULL, '2026-05-15 20:09:14', NULL, NULL, 'PENDIENTE', NULL, NULL),
(183, 131, 1, 'CUADRE', 2, 73, NULL, NULL, 141.90, NULL, NULL, '2026-05-15 21:48:36', NULL, NULL, 'PENDIENTE', NULL, NULL),
(184, 131, 1, 'CUADRE', 4, 73, NULL, NULL, 21.50, NULL, NULL, '2026-05-15 21:48:50', NULL, NULL, 'PENDIENTE', NULL, NULL),
(185, 131, 2, 'CUADRE', 1, 73, NULL, 'jorge mantinimientoo', 17.30, NULL, NULL, '2026-05-15 21:49:49', NULL, NULL, 'APROBADO', NULL, NULL),
(186, 135, 1, 'CUADRE', 2, 29, NULL, NULL, 86.90, NULL, NULL, '2026-05-16 04:03:21', NULL, NULL, 'PENDIENTE', NULL, NULL),
(187, 134, 1, 'CUADRE', 2, 69, NULL, NULL, 297.30, NULL, NULL, '2026-05-16 04:06:17', NULL, NULL, 'PENDIENTE', NULL, NULL),
(188, 137, 1, 'CUADRE', 2, 73, NULL, NULL, 347.40, NULL, NULL, '2026-05-16 04:06:26', NULL, NULL, 'PENDIENTE', NULL, NULL),
(189, 134, 1, 'CUADRE', 4, 69, NULL, NULL, 284.40, NULL, NULL, '2026-05-16 04:06:30', NULL, NULL, 'PENDIENTE', NULL, NULL),
(190, 134, 2, 'CUADRE', 1, 69, NULL, 'compra de leche', 120.00, NULL, NULL, '2026-05-16 04:07:36', NULL, NULL, 'APROBADO', NULL, NULL),
(191, 137, 1, 'CUADRE', 4, 73, NULL, NULL, 105.30, NULL, NULL, '2026-05-16 04:07:44', NULL, NULL, 'PENDIENTE', NULL, NULL),
(192, 140, 1, 'CUADRE', 2, 73, NULL, NULL, 227.70, NULL, NULL, '2026-05-16 20:08:40', NULL, NULL, 'PENDIENTE', NULL, NULL),
(193, 140, 1, 'CUADRE', 4, 73, NULL, NULL, 105.50, NULL, NULL, '2026-05-16 20:09:00', NULL, NULL, 'PENDIENTE', NULL, NULL),
(194, 142, 1, 'CUADRE', 2, 17, NULL, NULL, 438.50, NULL, NULL, '2026-05-16 20:11:48', NULL, NULL, 'PENDIENTE', NULL, NULL),
(195, 142, 1, 'CUADRE', 4, 17, NULL, NULL, 285.10, NULL, NULL, '2026-05-16 20:12:04', NULL, NULL, 'PENDIENTE', NULL, NULL),
(196, 142, 2, 'CUADRE', 1, 17, NULL, 'jorge pintura sb4', 400.00, NULL, NULL, '2026-05-16 20:14:21', NULL, NULL, 'APROBADO', NULL, NULL),
(197, 142, 2, 'CUADRE', 1, 17, NULL, 'ramo velorio', 100.00, NULL, NULL, '2026-05-16 20:14:21', NULL, NULL, 'APROBADO', NULL, NULL),
(198, 143, 1, 'CUADRE', 2, 57, NULL, NULL, 97.00, NULL, NULL, '2026-05-16 20:22:40', NULL, NULL, 'PENDIENTE', NULL, NULL),
(199, 143, 1, 'CUADRE', 4, 57, NULL, NULL, 15.00, NULL, NULL, '2026-05-16 20:22:49', NULL, NULL, 'PENDIENTE', NULL, NULL),
(200, 145, 1, 'CUADRE', 2, 22, NULL, NULL, 216.30, NULL, NULL, '2026-05-17 03:58:05', NULL, NULL, 'PENDIENTE', NULL, NULL),
(201, 144, 2, 'CUADRE', 1, 61, NULL, 'COMPRA NEUROBION AMPOLLA', 111.00, NULL, NULL, '2026-05-17 03:58:52', NULL, NULL, 'APROBADO', NULL, NULL),
(202, 147, 1, 'CUADRE', 2, 13, NULL, NULL, 744.20, NULL, NULL, '2026-05-17 04:04:33', NULL, NULL, 'PENDIENTE', NULL, NULL),
(203, 147, 1, 'CUADRE', 4, 13, NULL, NULL, 133.80, NULL, NULL, '2026-05-17 04:04:47', NULL, NULL, 'PENDIENTE', NULL, NULL),
(204, 148, 1, 'CUADRE', 2, 29, NULL, NULL, 184.30, NULL, NULL, '2026-05-17 04:16:32', NULL, NULL, 'PENDIENTE', NULL, NULL),
(205, 148, 1, 'CUADRE', 4, 29, NULL, NULL, 50.50, NULL, NULL, '2026-05-17 04:16:41', NULL, NULL, 'PENDIENTE', NULL, NULL),
(206, 151, 1, 'CUADRE', 2, 13, NULL, NULL, 21.50, NULL, NULL, '2026-05-17 20:01:20', NULL, NULL, 'PENDIENTE', NULL, NULL),
(207, 151, 1, 'CUADRE', 4, 13, NULL, NULL, 53.00, NULL, NULL, '2026-05-17 20:01:29', NULL, NULL, 'PENDIENTE', NULL, NULL),
(208, 152, 1, 'CUADRE', 2, 17, NULL, NULL, 359.90, NULL, NULL, '2026-05-17 20:01:45', NULL, NULL, 'PENDIENTE', NULL, NULL),
(209, 152, 1, 'CUADRE', 4, 17, NULL, NULL, 611.07, NULL, NULL, '2026-05-17 20:02:00', NULL, NULL, 'PENDIENTE', NULL, NULL),
(210, 153, 1, 'CUADRE', 2, 73, NULL, NULL, 312.20, NULL, NULL, '2026-05-17 20:15:34', NULL, NULL, 'PENDIENTE', NULL, NULL),
(211, 158, 1, 'CUADRE', 2, 69, NULL, NULL, 336.70, NULL, NULL, '2026-05-18 03:56:40', NULL, NULL, 'PENDIENTE', NULL, NULL),
(212, 158, 1, 'CUADRE', 4, 69, NULL, NULL, 14.20, NULL, NULL, '2026-05-18 03:56:50', NULL, NULL, 'PENDIENTE', NULL, NULL),
(213, 157, 1, 'CUADRE', 2, 70, NULL, NULL, 985.30, NULL, NULL, '2026-05-18 04:01:06', NULL, NULL, 'PENDIENTE', NULL, NULL),
(214, 157, 1, 'CUADRE', 4, 70, NULL, NULL, 273.20, NULL, NULL, '2026-05-18 04:01:18', NULL, NULL, 'PENDIENTE', NULL, NULL),
(215, 159, 1, 'CUADRE', 2, 71, NULL, NULL, 232.98, NULL, NULL, '2026-05-18 04:03:09', NULL, NULL, 'PENDIENTE', NULL, NULL),
(216, 159, 1, 'CUADRE', 4, 71, NULL, NULL, 53.20, NULL, NULL, '2026-05-18 04:03:22', NULL, NULL, 'PENDIENTE', NULL, NULL),
(217, 165, 1, 'CUADRE', 4, 70, NULL, NULL, 97.90, NULL, NULL, '2026-05-18 20:08:19', NULL, NULL, 'PENDIENTE', NULL, NULL),
(218, 163, 1, 'CUADRE', 2, 57, NULL, NULL, 444.10, NULL, NULL, '2026-05-18 20:12:11', NULL, NULL, 'PENDIENTE', NULL, NULL),
(219, 163, 1, 'CUADRE', 4, 57, NULL, NULL, 149.80, NULL, NULL, '2026-05-18 20:12:20', NULL, NULL, 'PENDIENTE', NULL, NULL),
(220, 166, 1, 'CUADRE', 2, 73, NULL, NULL, 160.30, NULL, NULL, '2026-05-18 20:14:20', NULL, NULL, 'PENDIENTE', NULL, NULL),
(221, 166, 1, 'CUADRE', 2, 73, NULL, NULL, 33.50, NULL, NULL, '2026-05-18 20:14:37', NULL, NULL, 'PENDIENTE', NULL, NULL),
(222, 172, 1, 'CUADRE', 2, 59, NULL, NULL, 282.50, NULL, NULL, '2026-05-19 04:08:00', NULL, NULL, 'PENDIENTE', NULL, NULL),
(223, 172, 1, 'CUADRE', 4, 59, NULL, NULL, 134.20, NULL, NULL, '2026-05-19 04:08:20', NULL, NULL, 'PENDIENTE', NULL, NULL),
(224, 168, 1, 'CUADRE', 2, 57, NULL, NULL, 983.10, NULL, NULL, '2026-05-19 04:10:15', NULL, NULL, 'PENDIENTE', NULL, NULL),
(225, 168, 1, 'CUADRE', 4, 57, NULL, NULL, 208.40, NULL, NULL, '2026-05-19 04:10:24', NULL, NULL, 'PENDIENTE', NULL, NULL),
(226, 168, 2, 'CUADRE', 1, 57, NULL, 'pasaje sb4', 8.00, NULL, NULL, '2026-05-19 04:11:16', NULL, NULL, 'APROBADO', NULL, NULL),
(227, 171, 1, 'CUADRE', 2, 71, NULL, NULL, 140.30, NULL, NULL, '2026-05-19 04:14:10', NULL, NULL, 'PENDIENTE', NULL, NULL),
(228, 173, 1, 'CUADRE', 2, 57, NULL, NULL, 436.30, NULL, NULL, '2026-05-19 20:10:04', NULL, NULL, 'PENDIENTE', NULL, NULL),
(229, 173, 1, 'CUADRE', 4, 57, NULL, NULL, 71.70, NULL, NULL, '2026-05-19 20:10:19', NULL, NULL, 'PENDIENTE', NULL, NULL),
(230, 176, 1, 'CUADRE', 2, 73, NULL, NULL, 180.30, NULL, NULL, '2026-05-19 20:12:10', NULL, NULL, 'PENDIENTE', NULL, NULL),
(231, 177, 1, 'CUADRE', 2, 54, NULL, NULL, 95.00, NULL, NULL, '2026-05-19 20:16:09', NULL, NULL, 'PENDIENTE', NULL, NULL),
(232, 177, 1, 'CUADRE', 4, 54, NULL, NULL, 7.00, NULL, NULL, '2026-05-19 20:16:17', NULL, NULL, 'PENDIENTE', NULL, NULL),
(233, 180, 1, 'CUADRE', 4, 69, NULL, NULL, 144.50, NULL, NULL, '2026-05-20 04:04:45', NULL, NULL, 'PENDIENTE', NULL, NULL),
(234, 180, 1, 'CUADRE', 2, 69, NULL, NULL, 285.40, NULL, NULL, '2026-05-20 04:06:01', NULL, NULL, 'PENDIENTE', NULL, NULL),
(235, 180, 2, 'CUADRE', 1, 69, NULL, 'compra a ciro', 69.00, NULL, NULL, '2026-05-20 04:09:58', NULL, NULL, 'APROBADO', NULL, NULL),
(236, 182, 1, 'CUADRE', 2, 17, NULL, NULL, 1089.50, NULL, NULL, '2026-05-20 04:13:04', NULL, NULL, 'PENDIENTE', NULL, NULL),
(237, 182, 1, 'CUADRE', 4, 17, NULL, NULL, 220.60, NULL, NULL, '2026-05-20 04:13:20', NULL, NULL, 'PENDIENTE', NULL, NULL),
(238, 181, 1, 'CUADRE', 2, 73, NULL, NULL, 437.60, NULL, NULL, '2026-05-20 04:13:48', NULL, NULL, 'PENDIENTE', NULL, NULL),
(239, 181, 1, 'CUADRE', 4, 73, NULL, NULL, 132.40, NULL, NULL, '2026-05-20 04:13:55', NULL, NULL, 'PENDIENTE', NULL, NULL),
(240, 182, 2, 'CUADRE', 1, 17, NULL, 'BBVA CUENTA', 2600.00, NULL, NULL, '2026-05-20 04:14:23', NULL, NULL, 'APROBADO', NULL, NULL),
(241, 187, 1, 'CUADRE', 2, 70, NULL, NULL, 101.60, NULL, NULL, '2026-05-20 20:03:01', NULL, NULL, 'PENDIENTE', NULL, NULL),
(242, 187, 1, 'CUADRE', 4, 70, NULL, NULL, 22.50, NULL, NULL, '2026-05-20 20:03:09', NULL, NULL, 'PENDIENTE', NULL, NULL),
(243, 188, 1, 'CUADRE', 2, 17, NULL, NULL, 409.50, NULL, NULL, '2026-05-20 20:05:28', NULL, NULL, 'PENDIENTE', NULL, NULL),
(244, 188, 1, 'CUADRE', 4, 17, NULL, NULL, 140.00, NULL, NULL, '2026-05-20 20:05:38', NULL, NULL, 'PENDIENTE', NULL, NULL),
(247, 190, 1, 'CUADRE', 2, 71, NULL, NULL, 137.40, NULL, NULL, '2026-05-20 20:31:40', NULL, NULL, 'PENDIENTE', NULL, NULL),
(248, 190, 1, 'CUADRE', 4, 71, NULL, NULL, 6.00, NULL, NULL, '2026-05-20 20:31:45', NULL, NULL, 'PENDIENTE', NULL, NULL),
(249, 191, 1, 'CUADRE', 2, 70, NULL, NULL, 136.40, NULL, NULL, '2026-05-21 03:55:48', NULL, NULL, 'PENDIENTE', NULL, NULL),
(250, 191, 1, 'CUADRE', 4, 70, NULL, NULL, 199.20, NULL, NULL, '2026-05-21 03:55:59', NULL, NULL, 'PENDIENTE', NULL, NULL),
(251, 194, 1, 'CUADRE', 2, 69, NULL, NULL, 656.60, NULL, NULL, '2026-05-21 04:00:29', NULL, NULL, 'PENDIENTE', NULL, NULL),
(252, 194, 1, 'CUADRE', 4, 69, NULL, NULL, 72.30, NULL, NULL, '2026-05-21 04:00:40', NULL, NULL, 'PENDIENTE', NULL, NULL),
(253, 194, 2, 'CUADRE', 1, 69, NULL, 'compra pediasure', 540.00, NULL, NULL, '2026-05-21 04:02:03', NULL, NULL, 'APROBADO', NULL, NULL),
(254, 195, 1, 'CUADRE', 2, 73, NULL, NULL, 413.80, NULL, NULL, '2026-05-21 04:09:51', NULL, NULL, 'PENDIENTE', NULL, NULL),
(255, 195, 1, 'CUADRE', 4, 73, NULL, NULL, 217.20, NULL, NULL, '2026-05-21 04:10:05', NULL, NULL, 'PENDIENTE', NULL, NULL),
(256, 196, 1, 'CUADRE', 2, 53, NULL, NULL, 267.20, NULL, NULL, '2026-05-21 20:03:50', NULL, NULL, 'PENDIENTE', NULL, NULL),
(257, 196, 1, 'CUADRE', 4, 53, NULL, NULL, 171.00, NULL, NULL, '2026-05-21 20:04:02', NULL, NULL, 'PENDIENTE', NULL, NULL),
(258, 198, 1, 'CUADRE', 2, 13, NULL, NULL, 40.90, NULL, NULL, '2026-05-21 20:05:31', NULL, NULL, 'PENDIENTE', NULL, NULL),
(259, 198, 1, 'CUADRE', 4, 13, NULL, NULL, 43.80, NULL, NULL, '2026-05-21 20:05:41', NULL, NULL, 'PENDIENTE', NULL, NULL),
(260, 199, 1, 'CUADRE', 2, 73, NULL, NULL, 68.50, NULL, NULL, '2026-05-21 20:14:28', NULL, NULL, 'PENDIENTE', NULL, NULL),
(261, 199, 1, 'CUADRE', 4, 73, 1, NULL, 98.50, NULL, NULL, '2026-05-21 20:14:49', '2026-05-22 00:42:27', NULL, 'PENDIENTE', NULL, NULL),
(262, 204, 1, 'CUADRE', 2, 69, NULL, NULL, 104.20, NULL, NULL, '2026-05-22 03:57:48', NULL, NULL, 'PENDIENTE', NULL, NULL),
(263, 204, 1, 'CUADRE', 4, 69, NULL, NULL, 13.50, NULL, NULL, '2026-05-22 03:57:59', NULL, NULL, 'PENDIENTE', NULL, NULL),
(264, 201, 1, 'CUADRE', 4, 17, NULL, NULL, 225.00, NULL, NULL, '2026-05-22 04:06:22', NULL, NULL, 'PENDIENTE', NULL, NULL),
(265, 201, 1, 'CUADRE', 2, 17, NULL, NULL, 943.50, NULL, NULL, '2026-05-22 04:06:50', NULL, NULL, 'PENDIENTE', NULL, NULL),
(266, 201, 2, 'CUADRE', 1, 17, NULL, 'pasaje sb4', 8.00, NULL, NULL, '2026-05-22 04:09:02', NULL, NULL, 'APROBADO', NULL, NULL),
(267, 205, 1, 'CUADRE', 2, 11, NULL, NULL, 263.00, NULL, NULL, '2026-05-22 04:16:22', NULL, NULL, 'PENDIENTE', NULL, NULL),
(268, 205, 1, 'CUADRE', 4, 11, NULL, NULL, 94.70, NULL, NULL, '2026-05-22 04:16:32', NULL, NULL, 'PENDIENTE', NULL, NULL),
(269, 207, 1, 'CUADRE', 2, 17, NULL, NULL, 145.20, NULL, NULL, '2026-05-22 20:01:57', NULL, NULL, 'PENDIENTE', NULL, NULL),
(270, 207, 1, 'CUADRE', 4, 17, NULL, NULL, 363.40, NULL, NULL, '2026-05-22 20:02:09', NULL, NULL, 'PENDIENTE', NULL, NULL),
(271, 207, 2, 'CUADRE', 1, 17, NULL, 'prueba bbva', 10.00, NULL, NULL, '2026-05-22 20:03:21', NULL, NULL, 'APROBADO', NULL, NULL),
(272, 207, 2, 'CUADRE', 1, 17, NULL, 'bbva', 100.00, NULL, NULL, '2026-05-22 20:03:21', NULL, NULL, 'APROBADO', NULL, NULL),
(273, 208, 1, 'CUADRE', 2, 57, NULL, NULL, 86.60, NULL, NULL, '2026-05-22 20:04:18', NULL, NULL, 'PENDIENTE', NULL, NULL),
(274, 208, 1, 'CUADRE', 4, 57, NULL, NULL, 82.40, NULL, NULL, '2026-05-22 20:04:32', NULL, NULL, 'PENDIENTE', NULL, NULL),
(275, 209, 1, 'CUADRE', 2, 73, NULL, NULL, 119.50, NULL, NULL, '2026-05-22 20:16:08', NULL, NULL, 'PENDIENTE', NULL, NULL),
(276, 213, 1, 'CUADRE', 2, 71, NULL, NULL, 294.10, NULL, NULL, '2026-05-23 03:57:21', NULL, NULL, 'PENDIENTE', NULL, NULL),
(277, 213, 1, 'CUADRE', 4, 71, NULL, NULL, 22.40, NULL, NULL, '2026-05-23 03:57:35', NULL, NULL, 'PENDIENTE', NULL, NULL),
(278, 211, 1, 'CUADRE', 2, 61, NULL, NULL, 110.00, NULL, NULL, '2026-05-23 03:58:03', NULL, NULL, 'PENDIENTE', NULL, NULL),
(279, 210, 1, 'CUADRE', 2, 57, NULL, NULL, 130.40, NULL, NULL, '2026-05-23 04:08:48', NULL, NULL, 'PENDIENTE', NULL, NULL),
(280, 210, 1, 'CUADRE', 4, 57, NULL, NULL, 674.40, NULL, NULL, '2026-05-23 04:09:06', NULL, NULL, 'PENDIENTE', NULL, NULL),
(281, 214, 1, 'CUADRE', 2, 59, NULL, NULL, 541.70, NULL, NULL, '2026-05-23 04:16:23', NULL, NULL, 'PENDIENTE', NULL, NULL),
(282, 214, 1, 'CUADRE', 4, 59, NULL, NULL, 49.30, NULL, NULL, '2026-05-23 04:16:33', NULL, NULL, 'PENDIENTE', NULL, NULL),
(285, 216, 1, 'CUADRE', 4, 17, NULL, NULL, 338.40, NULL, NULL, '2026-05-23 20:10:16', NULL, NULL, 'PENDIENTE', NULL, NULL),
(286, 216, 1, 'CUADRE', 2, 17, NULL, NULL, 460.20, NULL, NULL, '2026-05-23 20:10:38', NULL, NULL, 'PENDIENTE', NULL, NULL),
(287, 217, 1, 'CUADRE', 2, 71, NULL, NULL, 156.40, NULL, NULL, '2026-05-23 21:05:00', NULL, NULL, 'PENDIENTE', NULL, NULL),
(288, 217, 1, 'CUADRE', 2, 71, NULL, NULL, 71.60, NULL, NULL, '2026-05-23 21:05:08', NULL, NULL, 'PENDIENTE', NULL, NULL),
(293, 219, 1, 'CUADRE', 2, 11, NULL, NULL, 170.10, NULL, NULL, '2026-05-23 23:37:42', NULL, NULL, 'PENDIENTE', NULL, NULL),
(294, 219, 1, 'CUADRE', 4, 11, NULL, NULL, 32.90, NULL, NULL, '2026-05-23 23:38:00', NULL, NULL, 'PENDIENTE', NULL, NULL),
(295, 218, 1, 'CUADRE', 2, 70, NULL, NULL, 906.80, NULL, NULL, '2026-05-24 03:59:04', NULL, NULL, 'PENDIENTE', NULL, NULL),
(296, 218, 1, 'CUADRE', 4, 70, NULL, NULL, 114.40, NULL, NULL, '2026-05-24 03:59:14', NULL, NULL, 'PENDIENTE', NULL, NULL),
(297, 218, 2, 'CUADRE', 1, 70, NULL, 'PASAJE A SB4', 2.00, NULL, NULL, '2026-05-24 04:01:03', NULL, NULL, 'APROBADO', NULL, NULL),
(298, 222, 1, 'CUADRE', 2, 69, NULL, NULL, 62.30, NULL, NULL, '2026-05-24 04:04:09', NULL, NULL, 'PENDIENTE', NULL, NULL),
(299, 222, 1, 'CUADRE', 4, 69, NULL, NULL, 57.60, NULL, NULL, '2026-05-24 04:04:21', NULL, NULL, 'PENDIENTE', NULL, NULL),
(300, 221, 1, 'CUADRE', 2, 22, NULL, NULL, 326.70, NULL, NULL, '2026-05-24 04:07:16', NULL, NULL, 'PENDIENTE', NULL, NULL),
(301, 221, 1, 'CUADRE', 4, 22, NULL, NULL, 42.50, NULL, NULL, '2026-05-24 04:07:26', NULL, NULL, 'PENDIENTE', NULL, NULL),
(302, 225, 1, 'CUADRE', 2, 22, NULL, NULL, 125.80, NULL, NULL, '2026-05-24 20:01:37', NULL, NULL, 'PENDIENTE', NULL, NULL),
(303, 225, 1, 'CUADRE', 4, 22, NULL, NULL, 96.30, NULL, NULL, '2026-05-24 20:01:54', NULL, NULL, 'PENDIENTE', NULL, NULL),
(304, 224, 1, 'CUADRE', 2, 57, NULL, NULL, 497.90, NULL, NULL, '2026-05-24 20:14:42', NULL, NULL, 'PENDIENTE', NULL, NULL),
(305, 224, 1, 'CUADRE', 2, 57, NULL, NULL, 119.80, NULL, NULL, '2026-05-24 20:14:51', NULL, NULL, 'PENDIENTE', NULL, NULL),
(306, 226, 1, 'CUADRE', 2, 71, NULL, NULL, 192.50, NULL, NULL, '2026-05-24 20:46:01', NULL, NULL, 'PENDIENTE', NULL, NULL),
(307, 226, 2, 'CUADRE', 1, 71, NULL, 'gasto botica', 4.80, NULL, NULL, '2026-05-24 20:46:52', NULL, NULL, 'APROBADO', NULL, NULL),
(308, 228, 1, 'CUADRE', 2, 13, NULL, NULL, 229.60, NULL, NULL, '2026-05-25 03:57:33', NULL, NULL, 'PENDIENTE', NULL, NULL),
(309, 228, 1, 'CUADRE', 4, 13, NULL, NULL, 12.50, NULL, NULL, '2026-05-25 03:57:41', NULL, NULL, 'PENDIENTE', NULL, NULL),
(310, 229, 1, 'CUADRE', 2, 57, NULL, NULL, 456.60, NULL, NULL, '2026-05-25 04:06:36', NULL, NULL, 'PENDIENTE', NULL, NULL),
(311, 230, 1, 'CUADRE', 2, 71, NULL, NULL, 239.60, NULL, NULL, '2026-05-25 04:08:16', NULL, NULL, 'PENDIENTE', NULL, NULL),
(312, 230, 1, 'CUADRE', 4, 71, NULL, NULL, 93.60, NULL, NULL, '2026-05-25 04:08:25', NULL, NULL, 'PENDIENTE', NULL, NULL),
(313, 231, 1, 'CUADRE', 2, 17, NULL, NULL, 266.00, NULL, NULL, '2026-05-25 04:09:52', NULL, NULL, 'PENDIENTE', NULL, NULL),
(314, 231, 1, 'CUADRE', 4, 17, NULL, NULL, 658.90, NULL, NULL, '2026-05-25 04:10:08', NULL, NULL, 'PENDIENTE', NULL, NULL),
(315, 231, 2, 'CUADRE', 1, 17, NULL, 'pasaje sb4', 2.00, NULL, NULL, '2026-05-25 04:11:45', NULL, NULL, 'APROBADO', NULL, NULL),
(328, 232, 1, 'CUADRE', 2, 22, NULL, NULL, 222.80, 'solo bankito', NULL, '2026-05-25 20:01:46', NULL, NULL, 'PENDIENTE', NULL, NULL),
(329, 235, 1, 'CUADRE', 2, 73, NULL, NULL, 79.80, NULL, NULL, '2026-05-25 20:10:23', NULL, NULL, 'PENDIENTE', NULL, NULL),
(330, 235, 1, 'CUADRE', 2, 73, NULL, NULL, 26.40, NULL, NULL, '2026-05-25 20:10:35', NULL, NULL, 'PENDIENTE', NULL, NULL),
(331, 233, 1, 'CUADRE', 2, 57, NULL, NULL, 47.30, NULL, NULL, '2026-05-25 20:11:25', NULL, NULL, 'PENDIENTE', NULL, NULL),
(332, 233, 1, 'CUADRE', 4, 57, NULL, NULL, 454.90, NULL, NULL, '2026-05-25 20:11:36', NULL, NULL, 'PENDIENTE', NULL, NULL),
(333, 233, 2, 'CUADRE', 1, 57, NULL, 'CELULAR SRA MARINA', 31.90, NULL, NULL, '2026-05-25 20:18:46', NULL, NULL, 'APROBADO', NULL, NULL),
(334, 233, 2, 'CUADRE', 1, 57, NULL, 'INTERNET SRA MARINA', 70.00, NULL, NULL, '2026-05-25 20:18:46', NULL, NULL, 'APROBADO', NULL, NULL),
(335, 233, 2, 'CUADRE', 1, 57, NULL, 'AGUA SRA MARINA', 64.30, NULL, NULL, '2026-05-25 20:18:46', NULL, NULL, 'APROBADO', NULL, NULL),
(336, 233, 2, 'CUADRE', 1, 57, NULL, 'LUZ SRA MARINA', 96.00, NULL, NULL, '2026-05-25 20:18:46', NULL, NULL, 'APROBADO', NULL, NULL),
(337, 237, 1, 'CUADRE', 2, 71, NULL, NULL, 174.00, NULL, NULL, '2026-05-25 21:08:01', NULL, NULL, 'PENDIENTE', NULL, NULL),
(343, 242, 1, 'CUADRE', 2, 71, NULL, NULL, 367.70, NULL, NULL, '2026-05-26 03:58:01', NULL, NULL, 'PENDIENTE', NULL, NULL),
(344, 242, 1, 'CUADRE', 4, 71, NULL, NULL, 107.90, NULL, NULL, '2026-05-26 03:58:11', NULL, NULL, 'PENDIENTE', NULL, NULL),
(345, 239, 1, 'CUADRE', 2, 57, NULL, NULL, 219.10, NULL, NULL, '2026-05-26 04:07:40', NULL, NULL, 'PENDIENTE', NULL, NULL),
(347, 236, 1, 'CUADRE', 2, 53, NULL, NULL, 420.30, NULL, NULL, '2026-05-26 04:08:40', NULL, NULL, 'PENDIENTE', NULL, NULL),
(348, 236, 2, 'CUADRE', 1, 53, NULL, 'de jorge el pintior', 6.50, NULL, NULL, '2026-05-26 04:08:43', NULL, NULL, 'APROBADO', NULL, NULL),
(349, 239, 1, 'CUADRE', 4, 57, NULL, NULL, 527.80, NULL, NULL, '2026-05-26 04:13:57', NULL, NULL, 'PENDIENTE', NULL, NULL),
(350, 239, 2, 'CUADRE', 1, 57, NULL, 'ALMUERZO JORGE', 20.00, NULL, NULL, '2026-05-26 04:14:59', NULL, NULL, 'APROBADO', NULL, NULL),
(351, 243, 1, 'CUADRE', 2, 60, NULL, NULL, 377.70, NULL, NULL, '2026-05-26 04:15:22', NULL, NULL, 'PENDIENTE', NULL, NULL),
(352, 243, 1, 'CUADRE', 4, 60, NULL, NULL, 66.00, NULL, NULL, '2026-05-26 04:15:34', NULL, NULL, 'PENDIENTE', NULL, NULL),
(362, 249, 1, 'CUADRE', 7, 68, NULL, NULL, 3.30, '2841dc5a-08f8-432c-9649-5f4e1981b173', NULL, '2026-05-26 17:23:13', NULL, NULL, 'PENDIENTE', NULL, NULL),
(363, 252, 1, 'CUADRE', 2, 53, NULL, NULL, 37.10, NULL, NULL, '2026-05-26 20:08:09', NULL, NULL, 'PENDIENTE', NULL, NULL),
(364, 252, 1, 'CUADRE', 4, 53, NULL, NULL, 633.30, NULL, NULL, '2026-05-26 20:08:21', NULL, NULL, 'PENDIENTE', NULL, NULL),
(365, 253, 1, 'CUADRE', 2, 73, NULL, NULL, 109.70, NULL, NULL, '2026-05-26 20:09:57', NULL, NULL, 'PENDIENTE', NULL, NULL),
(366, 253, 1, 'CUADRE', 4, 73, NULL, NULL, 29.80, NULL, NULL, '2026-05-26 20:10:05', NULL, NULL, 'PENDIENTE', NULL, NULL),
(367, 252, 2, 'CUADRE', 1, 53, NULL, 'deposito al joven gian , pago a jorge pintor de local sb3', 200.00, NULL, NULL, '2026-05-26 20:11:02', NULL, NULL, 'APROBADO', NULL, NULL),
(368, 252, 2, 'CUADRE', 1, 53, NULL, 'deposito a ariza autorizado x señora marina', 700.00, NULL, NULL, '2026-05-26 20:11:02', NULL, NULL, 'APROBADO', NULL, NULL),
(369, 248, 1, 'CUADRE', 4, 57, NULL, NULL, 6.90, NULL, NULL, '2026-05-26 20:11:16', NULL, NULL, 'PENDIENTE', NULL, NULL),
(370, 248, 1, 'CUADRE', 2, 57, NULL, NULL, 154.40, NULL, NULL, '2026-05-26 20:11:49', NULL, NULL, 'PENDIENTE', NULL, NULL),
(371, 248, 2, 'CUADRE', 1, 57, NULL, 'pasaje sb4 recojo de producto vendido', 2.00, NULL, NULL, '2026-05-26 20:13:54', NULL, NULL, 'APROBADO', NULL, NULL),
(372, 250, 1, 'CUADRE', 2, 22, NULL, NULL, 63.70, NULL, NULL, '2026-05-26 20:16:51', NULL, NULL, 'PENDIENTE', NULL, NULL),
(374, 256, 1, 'CUADRE', 7, 69, NULL, NULL, 175.30, '7188a949-2d43-40eb-96b3-9e04785579f0', NULL, '2026-05-27 03:40:08', NULL, NULL, 'PENDIENTE', NULL, NULL),
(376, 256, 1, 'CUADRE', 4, 69, NULL, NULL, 59.00, NULL, NULL, '2026-05-27 03:58:37', NULL, NULL, 'PENDIENTE', NULL, NULL),
(377, 256, 1, 'CUADRE', 2, 69, NULL, NULL, 25.90, NULL, NULL, '2026-05-27 03:59:02', NULL, NULL, 'PENDIENTE', NULL, NULL),
(378, 254, 1, 'CUADRE', 4, 57, NULL, NULL, 259.10, NULL, NULL, '2026-05-27 04:05:38', NULL, NULL, 'PENDIENTE', NULL, NULL),
(379, 259, 1, 'CUADRE', 7, 71, NULL, NULL, 408.50, '70943655-4b84-4fa1-902d-b923fd4755c1', NULL, '2026-05-27 04:41:35', NULL, NULL, 'PENDIENTE', NULL, NULL),
(380, 259, 1, 'CUADRE', 2, 71, NULL, NULL, 8.90, NULL, NULL, '2026-05-27 04:41:37', NULL, NULL, 'PENDIENTE', NULL, NULL);

-- --------------------------------------------------------

--
-- Table structure for table `nivel`
--

CREATE TABLE `nivel` (
  `id_nivel` int(11) NOT NULL,
  `descripcion` varchar(50) NOT NULL,
  `activo` tinyint(1) NOT NULL DEFAULT 1,
  `fecha_registro` timestamp NOT NULL DEFAULT current_timestamp(),
  `fecha_modificacion` timestamp NOT NULL DEFAULT current_timestamp() ON UPDATE current_timestamp()
) ENGINE=InnoDB DEFAULT CHARSET=utf8mb4 COLLATE=utf8mb4_unicode_ci;

--
-- Dumping data for table `nivel`
--

INSERT INTO `nivel` (`id_nivel`, `descripcion`, `activo`, `fecha_registro`, `fecha_modificacion`) VALUES
(1, 'Básico', 1, '2026-05-04 20:58:11', '2026-05-04 20:58:11'),
(2, 'Intermedio', 1, '2026-05-04 20:58:11', '2026-05-04 20:58:11'),
(3, 'Avanzado', 1, '2026-05-04 20:58:11', '2026-05-04 20:58:11');

-- --------------------------------------------------------

--
-- Table structure for table `pagos_bbva`
--

CREATE TABLE `pagos_bbva` (
  `id` int(10) UNSIGNED NOT NULL,
  `cliente` varchar(200) NOT NULL,
  `monto` decimal(10,2) NOT NULL,
  `timestamp_notif` bigint(20) UNSIGNED NOT NULL COMMENT 'Unix ms desde Android',
  `fecha_notif` datetime NOT NULL,
  `titulo` varchar(100) NOT NULL DEFAULT '',
  `titulo_big` varchar(100) NOT NULL DEFAULT '',
  `texto` text NOT NULL,
  `texto_big` text DEFAULT NULL,
  `subtexto` varchar(200) NOT NULL DEFAULT '',
  `texto_extra` varchar(200) NOT NULL DEFAULT '',
  `texto_resumen` varchar(200) NOT NULL DEFAULT '',
  `app_origen` varchar(100) NOT NULL DEFAULT '',
  `raw` longtext NOT NULL COMMENT 'JSON completo de la notificacion',
  `recibido_en` datetime NOT NULL DEFAULT current_timestamp(),
  `sesion_plin_id` int(11) DEFAULT NULL
) ENGINE=InnoDB DEFAULT CHARSET=utf8mb4 COLLATE=utf8mb4_unicode_ci;

--
-- Dumping data for table `pagos_bbva`
--

INSERT INTO `pagos_bbva` (`id`, `cliente`, `monto`, `timestamp_notif`, `fecha_notif`, `titulo`, `titulo_big`, `texto`, `texto_big`, `subtexto`, `texto_extra`, `texto_resumen`, `app_origen`, `raw`, `recibido_en`, `sesion_plin_id`) VALUES
(1, 'GIAN CARLO VILCAMICHE CHAVEZ', 1.01, 1779487052633, '2026-05-22 16:57:32', 'Cobro con QR', '', 'GIAN CARLO VILCAMICHE CHAVEZ  te hizo un pago de S/ 1.01', 'GIAN CARLO VILCAMICHE CHAVEZ  te hizo un pago de S/ 1.01', '', '', '', 'com.bbva.GEMA.global', '{\"app\":\"com.bbva.GEMA.global\",\"audioContentsURI\":\"\",\"bigText\":\"GIAN CARLO VILCAMICHE CHAVEZ  te hizo un pago de S/ 1.01\",\"extraInfoText\":\"\",\"groupedMessages\":[],\"icon\":\"\",\"iconLarge\":\"\",\"image\":\"\",\"imageBackgroundURI\":\"\",\"subText\":\"\",\"summaryText\":\"\",\"text\":\"GIAN CARLO VILCAMICHE CHAVEZ  te hizo un pago de S/ 1.01\",\"time\":\"1779487052633\",\"title\":\"Cobro con QR\",\"titleBig\":\"\"}', '2026-05-22 16:57:34', 1),
(2, 'GIAN CARLO VILCAMICHE CHAVEZ', 1.04, 1779487423332, '2026-05-22 17:03:43', 'Cobro con QR', '', 'GIAN CARLO VILCAMICHE CHAVEZ  te hizo un pago de S/ 1.04', 'GIAN CARLO VILCAMICHE CHAVEZ  te hizo un pago de S/ 1.04', '', '', '', 'com.bbva.GEMA.global', '{\"app\":\"com.bbva.GEMA.global\",\"audioContentsURI\":\"\",\"bigText\":\"GIAN CARLO VILCAMICHE CHAVEZ  te hizo un pago de S/ 1.04\",\"extraInfoText\":\"\",\"groupedMessages\":[],\"icon\":\"\",\"iconLarge\":\"\",\"image\":\"\",\"imageBackgroundURI\":\"\",\"subText\":\"\",\"summaryText\":\"\",\"text\":\"GIAN CARLO VILCAMICHE CHAVEZ  te hizo un pago de S/ 1.04\",\"time\":\"1779487423332\",\"title\":\"Cobro con QR\",\"titleBig\":\"\"}', '2026-05-22 17:03:45', 1),
(3, 'GIAN CARLO VILCAMICHE CHAVEZ', 1.05, 1779487855427, '2026-05-22 17:10:55', 'Cobro con QR', '', 'GIAN CARLO VILCAMICHE CHAVEZ  te hizo un pago de S/ 1.05', 'GIAN CARLO VILCAMICHE CHAVEZ  te hizo un pago de S/ 1.05', '', '', '', 'com.bbva.GEMA.global', '{\"app\":\"com.bbva.GEMA.global\",\"audioContentsURI\":\"\",\"bigText\":\"GIAN CARLO VILCAMICHE CHAVEZ  te hizo un pago de S/ 1.05\",\"extraInfoText\":\"\",\"groupedMessages\":[],\"icon\":\"\",\"iconLarge\":\"\",\"image\":\"\",\"imageBackgroundURI\":\"\",\"subText\":\"\",\"summaryText\":\"\",\"text\":\"GIAN CARLO VILCAMICHE CHAVEZ  te hizo un pago de S/ 1.05\",\"time\":\"1779487855427\",\"title\":\"Cobro con QR\",\"titleBig\":\"\"}', '2026-05-22 17:10:56', NULL),
(4, 'FIORELLA DEL ROSARIO CHAMBI', 1.00, 1779488473774, '2026-05-22 17:21:13', 'Cobro con QR', '', 'FIORELLA DEL ROSARIO CHAMBI  te hizo un pago de S/ 1.0', 'FIORELLA DEL ROSARIO CHAMBI  te hizo un pago de S/ 1.0', '', '', '', 'com.bbva.GEMA.global', '{\"app\":\"com.bbva.GEMA.global\",\"audioContentsURI\":\"\",\"bigText\":\"FIORELLA DEL ROSARIO CHAMBI  te hizo un pago de S/ 1.0\",\"extraInfoText\":\"\",\"groupedMessages\":[],\"icon\":\"\",\"iconLarge\":\"\",\"image\":\"\",\"imageBackgroundURI\":\"\",\"subText\":\"\",\"summaryText\":\"\",\"text\":\"FIORELLA DEL ROSARIO CHAMBI  te hizo un pago de S/ 1.0\",\"time\":\"1779488473774\",\"title\":\"Cobro con QR\",\"titleBig\":\"\"}', '2026-05-22 17:21:15', NULL),
(5, 'GIAN CARLO VILCAMICHE CHAVEZ', 1.08, 1779492582578, '2026-05-22 18:29:42', 'Cobro con QR', '', 'GIAN CARLO VILCAMICHE CHAVEZ  te hizo un pago de S/ 1.08', 'GIAN CARLO VILCAMICHE CHAVEZ  te hizo un pago de S/ 1.08', '', '', '', 'com.bbva.GEMA.global', '{\"app\":\"com.bbva.GEMA.global\",\"audioContentsURI\":\"\",\"bigText\":\"GIAN CARLO VILCAMICHE CHAVEZ  te hizo un pago de S/ 1.08\",\"extraInfoText\":\"\",\"groupedMessages\":[],\"icon\":\"\",\"iconLarge\":\"\",\"image\":\"\",\"imageBackgroundURI\":\"\",\"subText\":\"\",\"summaryText\":\"\",\"text\":\"GIAN CARLO VILCAMICHE CHAVEZ  te hizo un pago de S/ 1.08\",\"time\":\"1779492582578\",\"title\":\"Cobro con QR\",\"titleBig\":\"\"}', '2026-05-22 18:29:44', NULL),
(6, 'GIAN CARLO VILCAMICHE CHAVEZ', 1.01, 1779492863832, '2026-05-22 18:34:23', 'Cobro con QR', '', 'GIAN CARLO VILCAMICHE CHAVEZ  te hizo un pago de S/ 1.01', 'GIAN CARLO VILCAMICHE CHAVEZ  te hizo un pago de S/ 1.01', '', '', '', 'com.bbva.GEMA.global', '{\"app\":\"com.bbva.GEMA.global\",\"audioContentsURI\":\"\",\"bigText\":\"GIAN CARLO VILCAMICHE CHAVEZ  te hizo un pago de S/ 1.01\",\"extraInfoText\":\"\",\"groupedMessages\":[],\"icon\":\"\",\"iconLarge\":\"\",\"image\":\"\",\"imageBackgroundURI\":\"\",\"subText\":\"\",\"summaryText\":\"\",\"text\":\"GIAN CARLO VILCAMICHE CHAVEZ  te hizo un pago de S/ 1.01\",\"time\":\"1779492863832\",\"title\":\"Cobro con QR\",\"titleBig\":\"\"}', '2026-05-22 18:34:25', 2),
(8, 'GIAN CARLO VILCAMICHE CHAVEZ', 1.21, 1779494666496, '2026-05-22 19:04:26', 'Cobro con QR', '', 'GIAN CARLO VILCAMICHE CHAVEZ  te hizo un pago de S/ 1.21', 'GIAN CARLO VILCAMICHE CHAVEZ  te hizo un pago de S/ 1.21', '', '', '', 'com.bbva.GEMA.global', '{\"app\":\"com.bbva.GEMA.global\",\"audioContentsURI\":\"\",\"bigText\":\"GIAN CARLO VILCAMICHE CHAVEZ  te hizo un pago de S/ 1.21\",\"extraInfoText\":\"\",\"groupedMessages\":[],\"icon\":\"\",\"iconLarge\":\"\",\"image\":\"\",\"imageBackgroundURI\":\"\",\"subText\":\"\",\"summaryText\":\"\",\"text\":\"GIAN CARLO VILCAMICHE CHAVEZ  te hizo un pago de S/ 1.21\",\"time\":\"1779494666496\",\"title\":\"Cobro con QR\",\"titleBig\":\"\"}', '2026-05-22 19:04:28', 2),
(9, 'GIAN CARLO VILCAMICHE CHAVEZ', 1.31, 1779495031569, '2026-05-22 19:10:31', 'Cobro con QR', '', 'GIAN CARLO VILCAMICHE CHAVEZ  te hizo un pago de S/ 1.31', 'GIAN CARLO VILCAMICHE CHAVEZ  te hizo un pago de S/ 1.31', '', '', '', 'com.bbva.GEMA.global', '{\"app\":\"com.bbva.GEMA.global\",\"audioContentsURI\":\"\",\"bigText\":\"GIAN CARLO VILCAMICHE CHAVEZ  te hizo un pago de S/ 1.31\",\"extraInfoText\":\"\",\"groupedMessages\":[],\"icon\":\"\",\"iconLarge\":\"\",\"image\":\"\",\"imageBackgroundURI\":\"\",\"subText\":\"\",\"summaryText\":\"\",\"text\":\"GIAN CARLO VILCAMICHE CHAVEZ  te hizo un pago de S/ 1.31\",\"time\":\"1779495031569\",\"title\":\"Cobro con QR\",\"titleBig\":\"\"}', '2026-05-22 19:10:33', 2),
(10, 'GIAN CARLO VILCAMICHE CHAVEZ', 2.00, 1779495988270, '2026-05-22 19:26:28', 'Cobro con QR', '', 'GIAN CARLO VILCAMICHE CHAVEZ  te hizo un pago de S/ 2.0', 'GIAN CARLO VILCAMICHE CHAVEZ  te hizo un pago de S/ 2.0', '', '', '', 'com.bbva.GEMA.global', '{\"app\":\"com.bbva.GEMA.global\",\"audioContentsURI\":\"\",\"bigText\":\"GIAN CARLO VILCAMICHE CHAVEZ  te hizo un pago de S/ 2.0\",\"extraInfoText\":\"\",\"groupedMessages\":[],\"icon\":\"\",\"iconLarge\":\"\",\"image\":\"\",\"imageBackgroundURI\":\"\",\"subText\":\"\",\"summaryText\":\"\",\"text\":\"GIAN CARLO VILCAMICHE CHAVEZ  te hizo un pago de S/ 2.0\",\"time\":\"1779495988270\",\"title\":\"Cobro con QR\",\"titleBig\":\"\"}', '2026-05-22 19:26:29', 2),
(11, 'GIAN CARLO VILCAMICHE CHAVEZ', 1.59, 1779502994622, '2026-05-22 21:23:14', 'Cobro con QR', '', 'GIAN CARLO VILCAMICHE CHAVEZ te hizo un pago de S/ 1.59', 'GIAN CARLO VILCAMICHE CHAVEZ te hizo un pago de S/ 1.59', '', '', '', 'com.bbva.GEMA.global', '{\"app\":\"com.bbva.GEMA.global\",\"audioContentsURI\":\"\",\"bigText\":\"GIAN CARLO VILCAMICHE CHAVEZ te hizo un pago de S/ 1.59\",\"extraInfoText\":\"\",\"groupedMessages\":[],\"icon\":\"\",\"iconLarge\":\"\",\"image\":\"\",\"imageBackgroundURI\":\"\",\"subText\":\"\",\"summaryText\":\"\",\"text\":\"GIAN CARLO VILCAMICHE CHAVEZ te hizo un pago de S/ 1.59\",\"time\":\"1779502994622\",\"title\":\"Cobro con QR\",\"titleBig\":\"\"}', '2026-05-22 21:23:15', NULL),
(14, 'GIAN CARLO VILCAMICHE CHAVEZ', 1.03, 1779505865424, '2026-05-22 22:11:05', 'Cobro con QR', '', 'GIAN CARLO VILCAMICHE CHAVEZ te hizo un pago de S/ 1.03', 'GIAN CARLO VILCAMICHE CHAVEZ te hizo un pago de S/ 1.03', '', '', '', 'com.bbva.GEMA.global', '{\"app\":\"com.bbva.GEMA.global\",\"audioContentsURI\":\"\",\"bigText\":\"GIAN CARLO VILCAMICHE CHAVEZ te hizo un pago de S/ 1.03\",\"extraInfoText\":\"\",\"groupedMessages\":[],\"icon\":\"\",\"iconLarge\":\"\",\"image\":\"\",\"imageBackgroundURI\":\"\",\"subText\":\"\",\"summaryText\":\"\",\"text\":\"GIAN CARLO VILCAMICHE CHAVEZ te hizo un pago de S/ 1.03\",\"time\":\"1779505865424\",\"title\":\"Cobro con QR\",\"titleBig\":\"\"}', '2026-05-22 22:11:06', NULL),
(15, 'GIAN CARLO VILCAMICHE CHAVEZ', 1.08, 1779513702586, '2026-05-23 00:21:42', 'Cobro con QR', '', 'GIAN CARLO VILCAMICHE CHAVEZ  te hizo un pago de S/ 1.08', 'GIAN CARLO VILCAMICHE CHAVEZ  te hizo un pago de S/ 1.08', '', '', '', 'com.bbva.GEMA.global', '{\"app\":\"com.bbva.GEMA.global\",\"audioContentsURI\":\"\",\"bigText\":\"GIAN CARLO VILCAMICHE CHAVEZ  te hizo un pago de S/ 1.08\",\"extraInfoText\":\"\",\"groupedMessages\":[],\"icon\":\"\",\"iconLarge\":\"\",\"image\":\"\",\"imageBackgroundURI\":\"\",\"subText\":\"\",\"summaryText\":\"\",\"text\":\"GIAN CARLO VILCAMICHE CHAVEZ  te hizo un pago de S/ 1.08\",\"time\":\"1779513702586\",\"title\":\"Cobro con QR\",\"titleBig\":\"\"}', '2026-05-23 00:21:44', NULL),
(16, 'GIAN CARLO VILCAMICHE CHAVEZ', 1.12, 1779513769491, '2026-05-23 00:22:49', 'Cobro con QR', '', 'GIAN CARLO VILCAMICHE CHAVEZ  te hizo un pago de S/ 1.12', 'GIAN CARLO VILCAMICHE CHAVEZ  te hizo un pago de S/ 1.12', '', '', '', 'com.bbva.GEMA.global', '{\"app\":\"com.bbva.GEMA.global\",\"audioContentsURI\":\"\",\"bigText\":\"GIAN CARLO VILCAMICHE CHAVEZ  te hizo un pago de S/ 1.12\",\"extraInfoText\":\"\",\"groupedMessages\":[],\"icon\":\"\",\"iconLarge\":\"\",\"image\":\"\",\"imageBackgroundURI\":\"\",\"subText\":\"\",\"summaryText\":\"\",\"text\":\"GIAN CARLO VILCAMICHE CHAVEZ  te hizo un pago de S/ 1.12\",\"time\":\"1779513769491\",\"title\":\"Cobro con QR\",\"titleBig\":\"\"}', '2026-05-23 00:22:50', NULL),
(17, 'GIAN CARLO VILCAMICHE CHAVEZ', 1.00, 1779516628275, '2026-05-23 01:10:28', 'Cobro con QR', '', 'GIAN CARLO VILCAMICHE CHAVEZ te hizo un pago de S/ 1.0', 'GIAN CARLO VILCAMICHE CHAVEZ te hizo un pago de S/ 1.0', '', '', '', 'com.bbva.GEMA.global', '{\"app\":\"com.bbva.GEMA.global\",\"audioContentsURI\":\"\",\"bigText\":\"GIAN CARLO VILCAMICHE CHAVEZ te hizo un pago de S/ 1.0\",\"extraInfoText\":\"\",\"groupedMessages\":[],\"icon\":\"\",\"iconLarge\":\"\",\"image\":\"\",\"imageBackgroundURI\":\"\",\"subText\":\"\",\"summaryText\":\"\",\"text\":\"GIAN CARLO VILCAMICHE CHAVEZ te hizo un pago de S/ 1.0\",\"time\":\"1779516628275\",\"title\":\"Cobro con QR\",\"titleBig\":\"\"}', '2026-05-23 01:10:30', NULL),
(22, 'GIAN CARLO VILCAMICHE CHAVEZ', 1.01, 1779518062728, '2026-05-23 01:34:22', 'Cobro con QR', '', 'GIAN CARLO VILCAMICHE CHAVEZ  te hizo un pago de S/ 1.01', 'GIAN CARLO VILCAMICHE CHAVEZ  te hizo un pago de S/ 1.01', '', '', '', 'com.bbva.GEMA.global', '{\"app\":\"com.bbva.GEMA.global\",\"audioContentsURI\":\"\",\"bigText\":\"GIAN CARLO VILCAMICHE CHAVEZ  te hizo un pago de S/ 1.01\",\"extraInfoText\":\"\",\"groupedMessages\":[],\"icon\":\"\",\"iconLarge\":\"\",\"image\":\"\",\"imageBackgroundURI\":\"\",\"subText\":\"\",\"summaryText\":\"\",\"text\":\"GIAN CARLO VILCAMICHE CHAVEZ  te hizo un pago de S/ 1.01\",\"time\":\"1779518062728\",\"title\":\"Cobro con QR\",\"titleBig\":\"\"}', '2026-05-23 01:34:30', NULL),
(24, 'GIAN CARLO VILCAMICHE CHAVEZ', 1.69, 1779524753894, '2026-05-23 03:25:53', 'Cobro con QR', '', 'GIAN CARLO VILCAMICHE CHAVEZ  te hizo un pago de S/ 1.69', 'GIAN CARLO VILCAMICHE CHAVEZ  te hizo un pago de S/ 1.69', '', '', '', 'com.bbva.GEMA.global', '{\"app\":\"com.bbva.GEMA.global\",\"audioContentsURI\":\"\",\"bigText\":\"GIAN CARLO VILCAMICHE CHAVEZ  te hizo un pago de S/ 1.69\",\"extraInfoText\":\"\",\"groupedMessages\":[],\"icon\":\"\",\"iconLarge\":\"\",\"image\":\"\",\"imageBackgroundURI\":\"\",\"subText\":\"\",\"summaryText\":\"\",\"text\":\"GIAN CARLO VILCAMICHE CHAVEZ  te hizo un pago de S/ 1.69\",\"time\":\"1779524753894\",\"title\":\"Cobro con QR\",\"titleBig\":\"\"}', '2026-05-23 03:26:54', NULL),
(25, 'GIAN CARLO VILCAMICHE CHAVEZ', 1.17, 1779546119093, '2026-05-23 09:21:59', 'Cobro con QR', '', 'GIAN CARLO VILCAMICHE CHAVEZ  te hizo un pago de S/ 1.17', 'GIAN CARLO VILCAMICHE CHAVEZ  te hizo un pago de S/ 1.17', '', '', '', 'com.bbva.GEMA.global', '{\"app\":\"com.bbva.GEMA.global\",\"audioContentsURI\":\"\",\"bigText\":\"GIAN CARLO VILCAMICHE CHAVEZ  te hizo un pago de S/ 1.17\",\"extraInfoText\":\"\",\"groupedMessages\":[],\"icon\":\"\",\"iconLarge\":\"\",\"image\":\"\",\"imageBackgroundURI\":\"\",\"subText\":\"\",\"summaryText\":\"\",\"text\":\"GIAN CARLO VILCAMICHE CHAVEZ  te hizo un pago de S/ 1.17\",\"time\":\"1779546119093\",\"title\":\"Cobro con QR\",\"titleBig\":\"\"}', '2026-05-23 09:22:00', NULL),
(26, 'GIAN CARLO VILCAMICHE CHAVEZ', 1.19, 1779612431540, '2026-05-24 03:47:11', 'Cobro con QR', '', 'GIAN CARLO VILCAMICHE CHAVEZ  te hizo un pago de S/ 1.19', 'GIAN CARLO VILCAMICHE CHAVEZ  te hizo un pago de S/ 1.19', '', '', '', 'com.bbva.GEMA.global', '{\"app\":\"com.bbva.GEMA.global\",\"audioContentsURI\":\"\",\"bigText\":\"GIAN CARLO VILCAMICHE CHAVEZ  te hizo un pago de S/ 1.19\",\"extraInfoText\":\"\",\"groupedMessages\":[],\"icon\":\"\",\"iconLarge\":\"\",\"image\":\"\",\"imageBackgroundURI\":\"\",\"subText\":\"\",\"summaryText\":\"\",\"text\":\"GIAN CARLO VILCAMICHE CHAVEZ  te hizo un pago de S/ 1.19\",\"time\":\"1779612431540\",\"title\":\"Cobro con QR\",\"titleBig\":\"\"}', '2026-05-24 03:47:32', NULL),
(27, 'GIAN CARLO VILCAMICHE CHAVEZ', 1.18, 1779612614145, '2026-05-24 03:50:14', 'Cobro con QR', '', 'GIAN CARLO VILCAMICHE CHAVEZ  te hizo un pago de S/ 1.18', 'GIAN CARLO VILCAMICHE CHAVEZ  te hizo un pago de S/ 1.18', '', '', '', 'com.bbva.GEMA.global', '{\"app\":\"com.bbva.GEMA.global\",\"audioContentsURI\":\"\",\"bigText\":\"GIAN CARLO VILCAMICHE CHAVEZ  te hizo un pago de S/ 1.18\",\"extraInfoText\":\"\",\"groupedMessages\":[],\"icon\":\"\",\"iconLarge\":\"\",\"image\":\"\",\"imageBackgroundURI\":\"\",\"subText\":\"\",\"summaryText\":\"\",\"text\":\"GIAN CARLO VILCAMICHE CHAVEZ  te hizo un pago de S/ 1.18\",\"time\":\"1779612614145\",\"title\":\"Cobro con QR\",\"titleBig\":\"\"}', '2026-05-24 03:51:29', NULL),
(28, 'GIAN CARLO VILCAMICHE CHAVEZ', 1.17, 1779613215752, '2026-05-24 04:00:15', 'Cobro con QR', '', 'GIAN CARLO VILCAMICHE CHAVEZ  te hizo un pago de S/ 1.17', 'GIAN CARLO VILCAMICHE CHAVEZ  te hizo un pago de S/ 1.17', '', '', '', 'com.bbva.GEMA.global', '{\"app\":\"com.bbva.GEMA.global\",\"audioContentsURI\":\"\",\"bigText\":\"GIAN CARLO VILCAMICHE CHAVEZ  te hizo un pago de S/ 1.17\",\"extraInfoText\":\"\",\"groupedMessages\":[],\"icon\":\"\",\"iconLarge\":\"\",\"image\":\"\",\"imageBackgroundURI\":\"\",\"subText\":\"\",\"summaryText\":\"\",\"text\":\"GIAN CARLO VILCAMICHE CHAVEZ  te hizo un pago de S/ 1.17\",\"time\":\"1779613215752\",\"title\":\"Cobro con QR\",\"titleBig\":\"\"}', '2026-05-24 04:02:38', NULL),
(31, 'GIAN CARLO VILCAMICHE CHAVEZ', 1.55, 1779617364613, '2026-05-24 05:09:24', 'Cobro con QR', '', 'GIAN CARLO VILCAMICHE CHAVEZ  te hizo un pago de S/ 1.55', 'GIAN CARLO VILCAMICHE CHAVEZ  te hizo un pago de S/ 1.55', '', '', '', 'com.bbva.GEMA.global', '{\"app\":\"com.bbva.GEMA.global\",\"audioContentsURI\":\"\",\"bigText\":\"GIAN CARLO VILCAMICHE CHAVEZ  te hizo un pago de S/ 1.55\",\"extraInfoText\":\"\",\"groupedMessages\":[],\"icon\":\"\",\"iconLarge\":\"\",\"image\":\"\",\"imageBackgroundURI\":\"\",\"subText\":\"\",\"summaryText\":\"\",\"text\":\"GIAN CARLO VILCAMICHE CHAVEZ  te hizo un pago de S/ 1.55\",\"time\":\"1779617364613\",\"title\":\"Cobro con QR\",\"titleBig\":\"\"}', '2026-05-24 05:27:40', NULL),
(32, 'GIAN CARLO VILCAMICHE CHAVEZ', 1.13, 1779641041443, '2026-05-24 11:44:01', 'Cobro con QR', '', 'GIAN CARLO VILCAMICHE CHAVEZ  te hizo un pago de S/ 1.13', 'GIAN CARLO VILCAMICHE CHAVEZ  te hizo un pago de S/ 1.13', '', '', '', 'com.bbva.GEMA.global', '{\"app\":\"com.bbva.GEMA.global\",\"audioContentsURI\":\"\",\"bigText\":\"GIAN CARLO VILCAMICHE CHAVEZ  te hizo un pago de S/ 1.13\",\"extraInfoText\":\"\",\"groupedMessages\":[],\"icon\":\"\",\"iconLarge\":\"\",\"image\":\"\",\"imageBackgroundURI\":\"\",\"subText\":\"\",\"summaryText\":\"\",\"text\":\"GIAN CARLO VILCAMICHE CHAVEZ  te hizo un pago de S/ 1.13\",\"time\":\"1779641041443\",\"title\":\"Cobro con QR\",\"titleBig\":\"\"}', '2026-05-24 12:11:09', NULL),
(33, 'GIAN CARLO VILCAMICHE CHAVEZ', 1.16, 1779641101697, '2026-05-24 11:45:01', 'Cobro con QR', '', 'GIAN CARLO VILCAMICHE CHAVEZ  te hizo un pago de S/ 1.16', 'GIAN CARLO VILCAMICHE CHAVEZ  te hizo un pago de S/ 1.16', '', '', '', 'com.bbva.GEMA.global', '{\"app\":\"com.bbva.GEMA.global\",\"audioContentsURI\":\"\",\"bigText\":\"GIAN CARLO VILCAMICHE CHAVEZ  te hizo un pago de S/ 1.16\",\"extraInfoText\":\"\",\"groupedMessages\":[],\"icon\":\"\",\"iconLarge\":\"\",\"image\":\"\",\"imageBackgroundURI\":\"\",\"subText\":\"\",\"summaryText\":\"\",\"text\":\"GIAN CARLO VILCAMICHE CHAVEZ  te hizo un pago de S/ 1.16\",\"time\":\"1779641101697\",\"title\":\"Cobro con QR\",\"titleBig\":\"\"}', '2026-05-24 12:11:09', NULL),
(35, 'GIAN CARLO VILCAMICHE CHAVEZ', 1.18, 1779641280563, '2026-05-24 11:48:00', 'Cobro con QR', '', 'GIAN CARLO VILCAMICHE CHAVEZ  te hizo un pago de S/ 1.18', 'GIAN CARLO VILCAMICHE CHAVEZ  te hizo un pago de S/ 1.18', '', '', '', 'com.bbva.GEMA.global', '{\"app\":\"com.bbva.GEMA.global\",\"audioContentsURI\":\"\",\"bigText\":\"GIAN CARLO VILCAMICHE CHAVEZ  te hizo un pago de S/ 1.18\",\"extraInfoText\":\"\",\"groupedMessages\":[],\"icon\":\"\",\"iconLarge\":\"\",\"image\":\"\",\"imageBackgroundURI\":\"\",\"subText\":\"\",\"summaryText\":\"\",\"text\":\"GIAN CARLO VILCAMICHE CHAVEZ  te hizo un pago de S/ 1.18\",\"time\":\"1779641280563\",\"title\":\"Cobro con QR\",\"titleBig\":\"\"}', '2026-05-24 12:11:09', NULL),
(36, 'GIAN CARLO VILCAMICHE CHAVEZ', 1.10, 1779643079967, '2026-05-24 12:17:59', 'Cobro con QR', '', 'GIAN CARLO VILCAMICHE CHAVEZ  te hizo un pago de S/ 1.1', 'GIAN CARLO VILCAMICHE CHAVEZ  te hizo un pago de S/ 1.1', '', '', '', 'com.bbva.GEMA.global', '{\"app\":\"com.bbva.GEMA.global\",\"audioContentsURI\":\"\",\"bigText\":\"GIAN CARLO VILCAMICHE CHAVEZ  te hizo un pago de S/ 1.1\",\"extraInfoText\":\"\",\"groupedMessages\":[],\"icon\":\"\",\"iconLarge\":\"\",\"image\":\"\",\"imageBackgroundURI\":\"\",\"subText\":\"\",\"summaryText\":\"\",\"text\":\"GIAN CARLO VILCAMICHE CHAVEZ  te hizo un pago de S/ 1.1\",\"time\":\"1779643079967\",\"title\":\"Cobro con QR\",\"titleBig\":\"\"}', '2026-05-24 12:42:21', NULL),
(38, 'GIAN CARLO VILCAMICHE CHAVEZ', 1.00, 1779644677825, '2026-05-24 12:44:37', 'Cobro con QR', '', 'GIAN CARLO VILCAMICHE CHAVEZ  te hizo un pago de S/ 1.0', 'GIAN CARLO VILCAMICHE CHAVEZ  te hizo un pago de S/ 1.0', '', '', '', 'com.bbva.GEMA.global', '{\"app\":\"com.bbva.GEMA.global\",\"audioContentsURI\":\"\",\"bigText\":\"GIAN CARLO VILCAMICHE CHAVEZ  te hizo un pago de S/ 1.0\",\"extraInfoText\":\"\",\"groupedMessages\":[],\"icon\":\"\",\"iconLarge\":\"\",\"image\":\"\",\"imageBackgroundURI\":\"\",\"subText\":\"\",\"summaryText\":\"\",\"text\":\"GIAN CARLO VILCAMICHE CHAVEZ  te hizo un pago de S/ 1.0\",\"time\":\"1779644677825\",\"title\":\"Cobro con QR\",\"titleBig\":\"\"}', '2026-05-24 13:31:54', NULL),
(40, 'GIAN CARLO VILCAMICHE CHAVEZ', 2.00, 1779647605856, '2026-05-24 13:33:25', 'Cobro con QR', '', 'GIAN CARLO VILCAMICHE CHAVEZ  te hizo un pago de S/ 2.0', 'GIAN CARLO VILCAMICHE CHAVEZ  te hizo un pago de S/ 2.0', '', '', '', 'com.bbva.GEMA.global', '{\"app\":\"com.bbva.GEMA.global\",\"audioContentsURI\":\"\",\"bigText\":\"GIAN CARLO VILCAMICHE CHAVEZ  te hizo un pago de S/ 2.0\",\"extraInfoText\":\"\",\"groupedMessages\":[],\"icon\":\"\",\"iconLarge\":\"\",\"image\":\"\",\"imageBackgroundURI\":\"\",\"subText\":\"\",\"summaryText\":\"\",\"text\":\"GIAN CARLO VILCAMICHE CHAVEZ  te hizo un pago de S/ 2.0\",\"time\":\"1779647605856\",\"title\":\"Cobro con QR\",\"titleBig\":\"\"}', '2026-05-24 13:33:29', NULL),
(41, 'NORMA FELICITA NN CORDOVA', 1.01, 1779648750476, '2026-05-24 13:52:30', 'Cobro con QR', '', 'NORMA FELICITA NN CORDOVA  te hizo un pago de S/ 1.01', 'NORMA FELICITA NN CORDOVA  te hizo un pago de S/ 1.01', '', '', '', 'com.bbva.GEMA.global', '{\"app\":\"com.bbva.GEMA.global\",\"audioContentsURI\":\"\",\"bigText\":\"NORMA FELICITA NN CORDOVA  te hizo un pago de S/ 1.01\",\"extraInfoText\":\"\",\"groupedMessages\":[],\"icon\":\"\",\"iconLarge\":\"\",\"image\":\"\",\"imageBackgroundURI\":\"\",\"subText\":\"\",\"summaryText\":\"\",\"text\":\"NORMA FELICITA NN CORDOVA  te hizo un pago de S/ 1.01\",\"time\":\"1779648750476\",\"title\":\"Cobro con QR\",\"titleBig\":\"\"}', '2026-05-24 14:03:01', NULL),
(53, 'GIAN CARLO VILCAMICHE CHAVEZ', 2.00, 1779648897371, '2026-05-24 13:54:57', 'Cobro con QR', '', 'GIAN CARLO VILCAMICHE CHAVEZ  te hizo un pago de S/ 2.0', 'GIAN CARLO VILCAMICHE CHAVEZ  te hizo un pago de S/ 2.0', '', '', '', 'com.bbva.GEMA.global', '{\"app\":\"com.bbva.GEMA.global\",\"audioContentsURI\":\"\",\"bigText\":\"GIAN CARLO VILCAMICHE CHAVEZ  te hizo un pago de S/ 2.0\",\"extraInfoText\":\"\",\"groupedMessages\":[],\"icon\":\"\",\"iconLarge\":\"\",\"image\":\"\",\"imageBackgroundURI\":\"\",\"subText\":\"\",\"summaryText\":\"\",\"text\":\"GIAN CARLO VILCAMICHE CHAVEZ  te hizo un pago de S/ 2.0\",\"time\":\"1779648897371\",\"title\":\"Cobro con QR\",\"titleBig\":\"\"}', '2026-05-24 17:20:31', NULL),
(54, 'MARIA ERMENDIA YAHUANA CALDERON', 2.00, 1779648014621, '2026-05-24 13:40:14', 'Cobro con QR', '', 'MARIA ERMENDIA YAHUANA CALDERON  te hizo un pago de S/ 2.0', 'MARIA ERMENDIA YAHUANA CALDERON  te hizo un pago de S/ 2.0', '', '', '', 'com.bbva.GEMA.global', '{\"app\":\"com.bbva.GEMA.global\",\"audioContentsURI\":\"\",\"bigText\":\"MARIA ERMENDIA YAHUANA CALDERON  te hizo un pago de S/ 2.0\",\"extraInfoText\":\"\",\"groupedMessages\":[],\"icon\":\"\",\"iconLarge\":\"\",\"image\":\"\",\"imageBackgroundURI\":\"\",\"subText\":\"\",\"summaryText\":\"\",\"text\":\"MARIA ERMENDIA YAHUANA CALDERON  te hizo un pago de S/ 2.0\",\"time\":\"1779648014621\",\"title\":\"Cobro con QR\",\"titleBig\":\"\"}', '2026-05-24 17:20:31', NULL),
(55, 'GIAN CARLO VILCAMICHE CHAVEZ', 1.50, 1779653511462, '2026-05-24 15:11:51', 'Cobro con QR', '', 'GIAN CARLO VILCAMICHE CHAVEZ  te hizo un pago de S/ 1.5', 'GIAN CARLO VILCAMICHE CHAVEZ  te hizo un pago de S/ 1.5', '', '', '', 'com.bbva.GEMA.global', '{\"app\":\"com.bbva.GEMA.global\",\"audioContentsURI\":\"\",\"bigText\":\"GIAN CARLO VILCAMICHE CHAVEZ  te hizo un pago de S/ 1.5\",\"extraInfoText\":\"\",\"groupedMessages\":[],\"icon\":\"\",\"iconLarge\":\"\",\"image\":\"\",\"imageBackgroundURI\":\"\",\"subText\":\"\",\"summaryText\":\"\",\"text\":\"GIAN CARLO VILCAMICHE CHAVEZ  te hizo un pago de S/ 1.5\",\"time\":\"1779653511462\",\"title\":\"Cobro con QR\",\"titleBig\":\"\"}', '2026-05-24 17:20:31', NULL),
(59, 'JANIO GILBERTO PUENTE FIERRO', 14.90, 1779650352905, '2026-05-24 14:19:12', 'Cobro con QR', '', 'JANIO GILBERTO PUENTE FIERRO  te hizo un pago de S/ 14.9', 'JANIO GILBERTO PUENTE FIERRO  te hizo un pago de S/ 14.9', '', '', '', 'com.bbva.GEMA.global', '{\"app\":\"com.bbva.GEMA.global\",\"audioContentsURI\":\"\",\"bigText\":\"JANIO GILBERTO PUENTE FIERRO  te hizo un pago de S/ 14.9\",\"extraInfoText\":\"\",\"groupedMessages\":[],\"icon\":\"\",\"iconLarge\":\"\",\"image\":\"\",\"imageBackgroundURI\":\"\",\"subText\":\"\",\"summaryText\":\"\",\"text\":\"JANIO GILBERTO PUENTE FIERRO  te hizo un pago de S/ 14.9\",\"time\":\"1779650352905\",\"title\":\"Cobro con QR\",\"titleBig\":\"\"}', '2026-05-24 17:20:35', NULL),
(60, 'GIAN CARLO VILCAMICHE CHAVEZ', 1.56, 1779649434471, '2026-05-24 14:03:54', 'Cobro con QR', '', 'GIAN CARLO VILCAMICHE CHAVEZ  te hizo un pago de S/ 1.56', 'GIAN CARLO VILCAMICHE CHAVEZ  te hizo un pago de S/ 1.56', '', '', '', 'com.bbva.GEMA.global', '{\"app\":\"com.bbva.GEMA.global\",\"audioContentsURI\":\"\",\"bigText\":\"GIAN CARLO VILCAMICHE CHAVEZ  te hizo un pago de S/ 1.56\",\"extraInfoText\":\"\",\"groupedMessages\":[],\"icon\":\"\",\"iconLarge\":\"\",\"image\":\"\",\"imageBackgroundURI\":\"\",\"subText\":\"\",\"summaryText\":\"\",\"text\":\"GIAN CARLO VILCAMICHE CHAVEZ  te hizo un pago de S/ 1.56\",\"time\":\"1779649434471\",\"title\":\"Cobro con QR\",\"titleBig\":\"\"}', '2026-05-24 17:20:35', NULL),
(61, 'ZANNY MAYTE RUIZ ALIAGA', 2.00, 1779650753115, '2026-05-24 14:25:53', 'Cobro con QR', '', 'ZANNY MAYTE RUIZ ALIAGA  te hizo un pago de S/ 2.0', 'ZANNY MAYTE RUIZ ALIAGA  te hizo un pago de S/ 2.0', '', '', '', 'com.bbva.GEMA.global', '{\"app\":\"com.bbva.GEMA.global\",\"audioContentsURI\":\"\",\"bigText\":\"ZANNY MAYTE RUIZ ALIAGA  te hizo un pago de S/ 2.0\",\"extraInfoText\":\"\",\"groupedMessages\":[],\"icon\":\"\",\"iconLarge\":\"\",\"image\":\"\",\"imageBackgroundURI\":\"\",\"subText\":\"\",\"summaryText\":\"\",\"text\":\"ZANNY MAYTE RUIZ ALIAGA  te hizo un pago de S/ 2.0\",\"time\":\"1779650753115\",\"title\":\"Cobro con QR\",\"titleBig\":\"\"}', '2026-05-24 17:20:35', NULL),
(62, 'DHALIN BERLY VARGAS HILARIO', 5.00, 1779649331221, '2026-05-24 14:02:11', 'Cobro con QR', '', 'DHALIN BERLY VARGAS HILARIO  te hizo un pago de S/ 5.0', 'DHALIN BERLY VARGAS HILARIO  te hizo un pago de S/ 5.0', '', '', '', 'com.bbva.GEMA.global', '{\"app\":\"com.bbva.GEMA.global\",\"audioContentsURI\":\"\",\"bigText\":\"DHALIN BERLY VARGAS HILARIO  te hizo un pago de S/ 5.0\",\"extraInfoText\":\"\",\"groupedMessages\":[],\"icon\":\"\",\"iconLarge\":\"\",\"image\":\"\",\"imageBackgroundURI\":\"\",\"subText\":\"\",\"summaryText\":\"\",\"text\":\"DHALIN BERLY VARGAS HILARIO  te hizo un pago de S/ 5.0\",\"time\":\"1779649331221\",\"title\":\"Cobro con QR\",\"titleBig\":\"\"}', '2026-05-24 17:20:35', NULL),
(63, 'GIAN CARLO VILCAMICHE CHAVEZ', 1.02, 1779649302621, '2026-05-24 14:01:42', 'Cobro con QR', '', 'GIAN CARLO VILCAMICHE CHAVEZ  te hizo un pago de S/ 1.02', 'GIAN CARLO VILCAMICHE CHAVEZ  te hizo un pago de S/ 1.02', '', '', '', 'com.bbva.GEMA.global', '{\"app\":\"com.bbva.GEMA.global\",\"audioContentsURI\":\"\",\"bigText\":\"GIAN CARLO VILCAMICHE CHAVEZ  te hizo un pago de S/ 1.02\",\"extraInfoText\":\"\",\"groupedMessages\":[],\"icon\":\"\",\"iconLarge\":\"\",\"image\":\"\",\"imageBackgroundURI\":\"\",\"subText\":\"\",\"summaryText\":\"\",\"text\":\"GIAN CARLO VILCAMICHE CHAVEZ  te hizo un pago de S/ 1.02\",\"time\":\"1779649302621\",\"title\":\"Cobro con QR\",\"titleBig\":\"\"}', '2026-05-24 17:20:35', NULL),
(64, 'GIAN CARLO VILCAMICHE CHAVEZ', 1.90, 1779652847930, '2026-05-24 15:00:47', 'Cobro con QR', '', 'GIAN CARLO VILCAMICHE CHAVEZ  te hizo un pago de S/ 1.9', 'GIAN CARLO VILCAMICHE CHAVEZ  te hizo un pago de S/ 1.9', '', '', '', 'com.bbva.GEMA.global', '{\"app\":\"com.bbva.GEMA.global\",\"audioContentsURI\":\"\",\"bigText\":\"GIAN CARLO VILCAMICHE CHAVEZ  te hizo un pago de S/ 1.9\",\"extraInfoText\":\"\",\"groupedMessages\":[],\"icon\":\"\",\"iconLarge\":\"\",\"image\":\"\",\"imageBackgroundURI\":\"\",\"subText\":\"\",\"summaryText\":\"\",\"text\":\"GIAN CARLO VILCAMICHE CHAVEZ  te hizo un pago de S/ 1.9\",\"time\":\"1779652847930\",\"title\":\"Cobro con QR\",\"titleBig\":\"\"}', '2026-05-24 17:20:36', NULL),
(66, 'JHONJAN JAMPIER MANUYAMA DEL', 6.50, 1779651368122, '2026-05-24 14:36:08', 'Cobro con QR', '', 'JHONJAN JAMPIER MANUYAMA DEL  te hizo un pago de S/ 6.5', 'JHONJAN JAMPIER MANUYAMA DEL  te hizo un pago de S/ 6.5', '', '', '', 'com.bbva.GEMA.global', '{\"app\":\"com.bbva.GEMA.global\",\"audioContentsURI\":\"\",\"bigText\":\"JHONJAN JAMPIER MANUYAMA DEL  te hizo un pago de S/ 6.5\",\"extraInfoText\":\"\",\"groupedMessages\":[],\"icon\":\"\",\"iconLarge\":\"\",\"image\":\"\",\"imageBackgroundURI\":\"\",\"subText\":\"\",\"summaryText\":\"\",\"text\":\"JHONJAN JAMPIER MANUYAMA DEL  te hizo un pago de S/ 6.5\",\"time\":\"1779651368122\",\"title\":\"Cobro con QR\",\"titleBig\":\"\"}', '2026-05-24 17:20:36', NULL),
(67, 'VICTOR MANUEL INALOPU VINCES', 71.90, 1779651796398, '2026-05-24 14:43:16', 'Cobro con QR', '', 'VICTOR MANUEL INALOPU VINCES  te hizo un pago de S/ 71.9', 'VICTOR MANUEL INALOPU VINCES  te hizo un pago de S/ 71.9', '', '', '', 'com.bbva.GEMA.global', '{\"app\":\"com.bbva.GEMA.global\",\"audioContentsURI\":\"\",\"bigText\":\"VICTOR MANUEL INALOPU VINCES  te hizo un pago de S/ 71.9\",\"extraInfoText\":\"\",\"groupedMessages\":[],\"icon\":\"\",\"iconLarge\":\"\",\"image\":\"\",\"imageBackgroundURI\":\"\",\"subText\":\"\",\"summaryText\":\"\",\"text\":\"VICTOR MANUEL INALOPU VINCES  te hizo un pago de S/ 71.9\",\"time\":\"1779651796398\",\"title\":\"Cobro con QR\",\"titleBig\":\"\"}', '2026-05-24 17:20:36', NULL),
(68, 'SISSY OLVYS GALVAN ORIZANO', 5.00, 1779651561618, '2026-05-24 14:39:21', 'Cobro con QR', '', 'SISSY OLVYS GALVAN ORIZANO  te hizo un pago de S/ 5.0', 'SISSY OLVYS GALVAN ORIZANO  te hizo un pago de S/ 5.0', '', '', '', 'com.bbva.GEMA.global', '{\"app\":\"com.bbva.GEMA.global\",\"audioContentsURI\":\"\",\"bigText\":\"SISSY OLVYS GALVAN ORIZANO  te hizo un pago de S/ 5.0\",\"extraInfoText\":\"\",\"groupedMessages\":[],\"icon\":\"\",\"iconLarge\":\"\",\"image\":\"\",\"imageBackgroundURI\":\"\",\"subText\":\"\",\"summaryText\":\"\",\"text\":\"SISSY OLVYS GALVAN ORIZANO  te hizo un pago de S/ 5.0\",\"time\":\"1779651561618\",\"title\":\"Cobro con QR\",\"titleBig\":\"\"}', '2026-05-24 17:20:36', NULL),
(69, 'EDUARDO JUNIOR PORRAS ROJAS', 22.90, 1779654160677, '2026-05-24 15:22:40', 'Cobro con QR', '', 'EDUARDO JUNIOR PORRAS ROJAS  te hizo un pago de S/ 22.9', 'EDUARDO JUNIOR PORRAS ROJAS  te hizo un pago de S/ 22.9', '', '', '', 'com.bbva.GEMA.global', '{\"app\":\"com.bbva.GEMA.global\",\"audioContentsURI\":\"\",\"bigText\":\"EDUARDO JUNIOR PORRAS ROJAS  te hizo un pago de S/ 22.9\",\"extraInfoText\":\"\",\"groupedMessages\":[],\"icon\":\"\",\"iconLarge\":\"\",\"image\":\"\",\"imageBackgroundURI\":\"\",\"subText\":\"\",\"summaryText\":\"\",\"text\":\"EDUARDO JUNIOR PORRAS ROJAS  te hizo un pago de S/ 22.9\",\"time\":\"1779654160677\",\"title\":\"Cobro con QR\",\"titleBig\":\"\"}', '2026-05-24 17:20:37', NULL),
(70, 'GIAN CARLO VILCAMICHE CHAVEZ', 1.80, 1779654123728, '2026-05-24 15:22:03', 'Cobro con QR', '', 'GIAN CARLO VILCAMICHE CHAVEZ  te hizo un pago de S/ 1.8', 'GIAN CARLO VILCAMICHE CHAVEZ  te hizo un pago de S/ 1.8', '', '', '', 'com.bbva.GEMA.global', '{\"app\":\"com.bbva.GEMA.global\",\"audioContentsURI\":\"\",\"bigText\":\"GIAN CARLO VILCAMICHE CHAVEZ  te hizo un pago de S/ 1.8\",\"extraInfoText\":\"\",\"groupedMessages\":[],\"icon\":\"\",\"iconLarge\":\"\",\"image\":\"\",\"imageBackgroundURI\":\"\",\"subText\":\"\",\"summaryText\":\"\",\"text\":\"GIAN CARLO VILCAMICHE CHAVEZ  te hizo un pago de S/ 1.8\",\"time\":\"1779654123728\",\"title\":\"Cobro con QR\",\"titleBig\":\"\"}', '2026-05-24 17:20:37', NULL),
(71, 'DANY AVILIO RODRIGUEZ MARIN', 14.50, 1779654720529, '2026-05-24 15:32:00', 'Cobro con QR', '', 'DANY AVILIO RODRIGUEZ MARIN  te hizo un pago de S/ 14.5', 'DANY AVILIO RODRIGUEZ MARIN  te hizo un pago de S/ 14.5', '', '', '', 'com.bbva.GEMA.global', '{\"app\":\"com.bbva.GEMA.global\",\"audioContentsURI\":\"\",\"bigText\":\"DANY AVILIO RODRIGUEZ MARIN  te hizo un pago de S/ 14.5\",\"extraInfoText\":\"\",\"groupedMessages\":[],\"icon\":\"\",\"iconLarge\":\"\",\"image\":\"\",\"imageBackgroundURI\":\"\",\"subText\":\"\",\"summaryText\":\"\",\"text\":\"DANY AVILIO RODRIGUEZ MARIN  te hizo un pago de S/ 14.5\",\"time\":\"1779654720529\",\"title\":\"Cobro con QR\",\"titleBig\":\"\"}', '2026-05-24 17:20:37', NULL),
(72, 'JOSELYN FABIANA POMA FORTON', 26.30, 1779655550800, '2026-05-24 15:45:50', 'Cobro con QR', '', 'JOSELYN FABIANA POMA FORTON  te hizo un pago de S/ 26.3', 'JOSELYN FABIANA POMA FORTON  te hizo un pago de S/ 26.3', '', '', '', 'com.bbva.GEMA.global', '{\"app\":\"com.bbva.GEMA.global\",\"audioContentsURI\":\"\",\"bigText\":\"JOSELYN FABIANA POMA FORTON  te hizo un pago de S/ 26.3\",\"extraInfoText\":\"\",\"groupedMessages\":[],\"icon\":\"\",\"iconLarge\":\"\",\"image\":\"\",\"imageBackgroundURI\":\"\",\"subText\":\"\",\"summaryText\":\"\",\"text\":\"JOSELYN FABIANA POMA FORTON  te hizo un pago de S/ 26.3\",\"time\":\"1779655550800\",\"title\":\"Cobro con QR\",\"titleBig\":\"\"}', '2026-05-24 17:20:37', NULL),
(73, 'GIAN CARLO VILCAMICHE CHAVEZ', 1.45, 1779653585903, '2026-05-24 15:13:05', 'Cobro con QR', '', 'GIAN CARLO VILCAMICHE CHAVEZ  te hizo un pago de S/ 1.45', 'GIAN CARLO VILCAMICHE CHAVEZ  te hizo un pago de S/ 1.45', '', '', '', 'com.bbva.GEMA.global', '{\"app\":\"com.bbva.GEMA.global\",\"audioContentsURI\":\"\",\"bigText\":\"GIAN CARLO VILCAMICHE CHAVEZ  te hizo un pago de S/ 1.45\",\"extraInfoText\":\"\",\"groupedMessages\":[],\"icon\":\"\",\"iconLarge\":\"\",\"image\":\"\",\"imageBackgroundURI\":\"\",\"subText\":\"\",\"summaryText\":\"\",\"text\":\"GIAN CARLO VILCAMICHE CHAVEZ  te hizo un pago de S/ 1.45\",\"time\":\"1779653585903\",\"title\":\"Cobro con QR\",\"titleBig\":\"\"}', '2026-05-24 17:20:37', NULL),
(74, 'CARLOS ALEJANDRO RAMOS INGA', 11.00, 1779656056149, '2026-05-24 15:54:16', 'Cobro con QR', '', 'CARLOS ALEJANDRO RAMOS INGA  te hizo un pago de S/ 11.0', 'CARLOS ALEJANDRO RAMOS INGA  te hizo un pago de S/ 11.0', '', '', '', 'com.bbva.GEMA.global', '{\"app\":\"com.bbva.GEMA.global\",\"audioContentsURI\":\"\",\"bigText\":\"CARLOS ALEJANDRO RAMOS INGA  te hizo un pago de S/ 11.0\",\"extraInfoText\":\"\",\"groupedMessages\":[],\"icon\":\"\",\"iconLarge\":\"\",\"image\":\"\",\"imageBackgroundURI\":\"\",\"subText\":\"\",\"summaryText\":\"\",\"text\":\"CARLOS ALEJANDRO RAMOS INGA  te hizo un pago de S/ 11.0\",\"time\":\"1779656056149\",\"title\":\"Cobro con QR\",\"titleBig\":\"\"}', '2026-05-24 17:20:38', NULL),
(75, 'GIAN CARLO VILCAMICHE CHAVEZ', 1.80, 1779654082383, '2026-05-24 15:21:22', 'Cobro con QR', '', 'GIAN CARLO VILCAMICHE CHAVEZ  te hizo un pago de S/ 1.8', 'GIAN CARLO VILCAMICHE CHAVEZ  te hizo un pago de S/ 1.8', '', '', '', 'com.bbva.GEMA.global', '{\"app\":\"com.bbva.GEMA.global\",\"audioContentsURI\":\"\",\"bigText\":\"GIAN CARLO VILCAMICHE CHAVEZ  te hizo un pago de S/ 1.8\",\"extraInfoText\":\"\",\"groupedMessages\":[],\"icon\":\"\",\"iconLarge\":\"\",\"image\":\"\",\"imageBackgroundURI\":\"\",\"subText\":\"\",\"summaryText\":\"\",\"text\":\"GIAN CARLO VILCAMICHE CHAVEZ  te hizo un pago de S/ 1.8\",\"time\":\"1779654082383\",\"title\":\"Cobro con QR\",\"titleBig\":\"\"}', '2026-05-24 17:20:38', NULL),
(76, 'GIAN CARLO VILCAMICHE CHAVEZ', 1.46, 1779653619992, '2026-05-24 15:13:39', 'Cobro con QR', '', 'GIAN CARLO VILCAMICHE CHAVEZ  te hizo un pago de S/ 1.46', 'GIAN CARLO VILCAMICHE CHAVEZ  te hizo un pago de S/ 1.46', '', '', '', 'com.bbva.GEMA.global', '{\"app\":\"com.bbva.GEMA.global\",\"audioContentsURI\":\"\",\"bigText\":\"GIAN CARLO VILCAMICHE CHAVEZ  te hizo un pago de S/ 1.46\",\"extraInfoText\":\"\",\"groupedMessages\":[],\"icon\":\"\",\"iconLarge\":\"\",\"image\":\"\",\"imageBackgroundURI\":\"\",\"subText\":\"\",\"summaryText\":\"\",\"text\":\"GIAN CARLO VILCAMICHE CHAVEZ  te hizo un pago de S/ 1.46\",\"time\":\"1779653619992\",\"title\":\"Cobro con QR\",\"titleBig\":\"\"}', '2026-05-24 17:20:38', NULL),
(77, 'MARIA ANITA DIAZ ZAMORA', 14.80, 1779656185794, '2026-05-24 15:56:25', 'Cobro con QR', '', 'MARIA ANITA DIAZ ZAMORA  te hizo un pago de S/ 14.8', 'MARIA ANITA DIAZ ZAMORA  te hizo un pago de S/ 14.8', '', '', '', 'com.bbva.GEMA.global', '{\"app\":\"com.bbva.GEMA.global\",\"audioContentsURI\":\"\",\"bigText\":\"MARIA ANITA DIAZ ZAMORA  te hizo un pago de S/ 14.8\",\"extraInfoText\":\"\",\"groupedMessages\":[],\"icon\":\"\",\"iconLarge\":\"\",\"image\":\"\",\"imageBackgroundURI\":\"\",\"subText\":\"\",\"summaryText\":\"\",\"text\":\"MARIA ANITA DIAZ ZAMORA  te hizo un pago de S/ 14.8\",\"time\":\"1779656185794\",\"title\":\"Cobro con QR\",\"titleBig\":\"\"}', '2026-05-24 17:20:38', NULL),
(78, 'RUTH ESTHER BORJA ALMONTE', 14.00, 1779655130132, '2026-05-24 15:38:50', 'Cobro con QR', '', 'RUTH ESTHER BORJA ALMONTE  te hizo un pago de S/ 14.0', 'RUTH ESTHER BORJA ALMONTE  te hizo un pago de S/ 14.0', '', '', '', 'com.bbva.GEMA.global', '{\"app\":\"com.bbva.GEMA.global\",\"audioContentsURI\":\"\",\"bigText\":\"RUTH ESTHER BORJA ALMONTE  te hizo un pago de S/ 14.0\",\"extraInfoText\":\"\",\"groupedMessages\":[],\"icon\":\"\",\"iconLarge\":\"\",\"image\":\"\",\"imageBackgroundURI\":\"\",\"subText\":\"\",\"summaryText\":\"\",\"text\":\"RUTH ESTHER BORJA ALMONTE  te hizo un pago de S/ 14.0\",\"time\":\"1779655130132\",\"title\":\"Cobro con QR\",\"titleBig\":\"\"}', '2026-05-24 17:20:38', NULL),
(79, 'CARLO ALBERTO ANTO AGUILAR', 13.00, 1779659100325, '2026-05-24 16:45:00', 'Cobro con QR', '', 'CARLO ALBERTO ANTO AGUILAR  te hizo un pago de S/ 13.0', 'CARLO ALBERTO ANTO AGUILAR  te hizo un pago de S/ 13.0', '', '', '', 'com.bbva.GEMA.global', '{\"app\":\"com.bbva.GEMA.global\",\"audioContentsURI\":\"\",\"bigText\":\"CARLO ALBERTO ANTO AGUILAR  te hizo un pago de S/ 13.0\",\"extraInfoText\":\"\",\"groupedMessages\":[],\"icon\":\"\",\"iconLarge\":\"\",\"image\":\"\",\"imageBackgroundURI\":\"\",\"subText\":\"\",\"summaryText\":\"\",\"text\":\"CARLO ALBERTO ANTO AGUILAR  te hizo un pago de S/ 13.0\",\"time\":\"1779659100325\",\"title\":\"Cobro con QR\",\"titleBig\":\"\"}', '2026-05-24 17:20:39', NULL),
(80, 'MIRTHA MADALEINE HUAMAN BARRIOS', 49.80, 1779658372446, '2026-05-24 16:32:52', 'Cobro con QR', '', 'MIRTHA MADALEINE HUAMAN BARRIOS te hizo un pago de S/ 49.8', 'MIRTHA MADALEINE HUAMAN BARRIOS te hizo un pago de S/ 49.8', '', '', '', 'com.bbva.GEMA.global', '{\"app\":\"com.bbva.GEMA.global\",\"audioContentsURI\":\"\",\"bigText\":\"MIRTHA MADALEINE HUAMAN BARRIOS te hizo un pago de S/ 49.8\",\"extraInfoText\":\"\",\"groupedMessages\":[],\"icon\":\"\",\"iconLarge\":\"\",\"image\":\"\",\"imageBackgroundURI\":\"\",\"subText\":\"\",\"summaryText\":\"\",\"text\":\"MIRTHA MADALEINE HUAMAN BARRIOS te hizo un pago de S/ 49.8\",\"time\":\"1779658372446\",\"title\":\"Cobro con QR\",\"titleBig\":\"\"}', '2026-05-24 17:20:39', NULL),
(81, 'ERIKA YULIANA GUERRERO HUERTA', 55.90, 1779657528272, '2026-05-24 16:18:48', 'Cobro con QR', '', 'ERIKA YULIANA GUERRERO HUERTA  te hizo un pago de S/ 55.9', 'ERIKA YULIANA GUERRERO HUERTA  te hizo un pago de S/ 55.9', '', '', '', 'com.bbva.GEMA.global', '{\"app\":\"com.bbva.GEMA.global\",\"audioContentsURI\":\"\",\"bigText\":\"ERIKA YULIANA GUERRERO HUERTA  te hizo un pago de S/ 55.9\",\"extraInfoText\":\"\",\"groupedMessages\":[],\"icon\":\"\",\"iconLarge\":\"\",\"image\":\"\",\"imageBackgroundURI\":\"\",\"subText\":\"\",\"summaryText\":\"\",\"text\":\"ERIKA YULIANA GUERRERO HUERTA  te hizo un pago de S/ 55.9\",\"time\":\"1779657528272\",\"title\":\"Cobro con QR\",\"titleBig\":\"\"}', '2026-05-24 17:20:39', NULL),
(82, 'RODRIGO GOMEZ QUISPE', 20.00, 1779659136882, '2026-05-24 16:45:36', 'Cobro con QR', '', 'RODRIGO GOMEZ QUISPE  te hizo un pago de S/ 20.0', 'RODRIGO GOMEZ QUISPE  te hizo un pago de S/ 20.0', '', '', '', 'com.bbva.GEMA.global', '{\"app\":\"com.bbva.GEMA.global\",\"audioContentsURI\":\"\",\"bigText\":\"RODRIGO GOMEZ QUISPE  te hizo un pago de S/ 20.0\",\"extraInfoText\":\"\",\"groupedMessages\":[],\"icon\":\"\",\"iconLarge\":\"\",\"image\":\"\",\"imageBackgroundURI\":\"\",\"subText\":\"\",\"summaryText\":\"\",\"text\":\"RODRIGO GOMEZ QUISPE  te hizo un pago de S/ 20.0\",\"time\":\"1779659136882\",\"title\":\"Cobro con QR\",\"titleBig\":\"\"}', '2026-05-24 17:20:39', NULL),
(83, 'YACK MARTIN VENERO DIOSES', 30.10, 1779659555602, '2026-05-24 16:52:35', 'Cobro con QR', '', 'YACK MARTIN VENERO DIOSES  te hizo un pago de S/ 30.1', 'YACK MARTIN VENERO DIOSES  te hizo un pago de S/ 30.1', '', '', '', 'com.bbva.GEMA.global', '{\"app\":\"com.bbva.GEMA.global\",\"audioContentsURI\":\"\",\"bigText\":\"YACK MARTIN VENERO DIOSES  te hizo un pago de S/ 30.1\",\"extraInfoText\":\"\",\"groupedMessages\":[],\"icon\":\"\",\"iconLarge\":\"\",\"image\":\"\",\"imageBackgroundURI\":\"\",\"subText\":\"\",\"summaryText\":\"\",\"text\":\"YACK MARTIN VENERO DIOSES  te hizo un pago de S/ 30.1\",\"time\":\"1779659555602\",\"title\":\"Cobro con QR\",\"titleBig\":\"\"}', '2026-05-24 17:20:39', NULL),
(84, 'KELLY ELIZABETH SANDOVAL SANTAMARIA', 23.50, 1779659373045, '2026-05-24 16:49:33', 'Cobro con QR', '', 'KELLY ELIZABETH SANDOVAL SANTAMARIA  te hizo un pago de S/ 23.5', 'KELLY ELIZABETH SANDOVAL SANTAMARIA  te hizo un pago de S/ 23.5', '', '', '', 'com.bbva.GEMA.global', '{\"app\":\"com.bbva.GEMA.global\",\"audioContentsURI\":\"\",\"bigText\":\"KELLY ELIZABETH SANDOVAL SANTAMARIA  te hizo un pago de S/ 23.5\",\"extraInfoText\":\"\",\"groupedMessages\":[],\"icon\":\"\",\"iconLarge\":\"\",\"image\":\"\",\"imageBackgroundURI\":\"\",\"subText\":\"\",\"summaryText\":\"\",\"text\":\"KELLY ELIZABETH SANDOVAL SANTAMARIA  te hizo un pago de S/ 23.5\",\"time\":\"1779659373045\",\"title\":\"Cobro con QR\",\"titleBig\":\"\"}', '2026-05-24 17:20:40', NULL),
(85, 'GIAN CARLO VILCAMICHE CHAVEZ', 1.20, 1779661229585, '2026-05-24 17:20:29', 'Cobro con QR', '', 'GIAN CARLO VILCAMICHE CHAVEZ  te hizo un pago de S/ 1.2', 'GIAN CARLO VILCAMICHE CHAVEZ  te hizo un pago de S/ 1.2', '', '', '', 'com.bbva.GEMA.global', '{\"app\":\"com.bbva.GEMA.global\",\"audioContentsURI\":\"\",\"bigText\":\"GIAN CARLO VILCAMICHE CHAVEZ  te hizo un pago de S/ 1.2\",\"extraInfoText\":\"\",\"groupedMessages\":[],\"icon\":\"\",\"iconLarge\":\"\",\"image\":\"\",\"imageBackgroundURI\":\"\",\"subText\":\"\",\"summaryText\":\"\",\"text\":\"GIAN CARLO VILCAMICHE CHAVEZ  te hizo un pago de S/ 1.2\",\"time\":\"1779661229585\",\"title\":\"Cobro con QR\",\"titleBig\":\"\"}', '2026-05-24 17:20:40', NULL),
(86, 'YULY HUAMAN CHAVEZ', 28.00, 1779660303856, '2026-05-24 17:05:03', 'Cobro con QR', '', 'YULY HUAMAN CHAVEZ  te hizo un pago de S/ 28.0', 'YULY HUAMAN CHAVEZ  te hizo un pago de S/ 28.0', '', '', '', 'com.bbva.GEMA.global', '{\"app\":\"com.bbva.GEMA.global\",\"audioContentsURI\":\"\",\"bigText\":\"YULY HUAMAN CHAVEZ  te hizo un pago de S/ 28.0\",\"extraInfoText\":\"\",\"groupedMessages\":[],\"icon\":\"\",\"iconLarge\":\"\",\"image\":\"\",\"imageBackgroundURI\":\"\",\"subText\":\"\",\"summaryText\":\"\",\"text\":\"YULY HUAMAN CHAVEZ  te hizo un pago de S/ 28.0\",\"time\":\"1779660303856\",\"title\":\"Cobro con QR\",\"titleBig\":\"\"}', '2026-05-24 17:20:40', NULL),
(138, 'VICTOR MANUEL INALOPU VINCES', 45.00, 1779663029515, '2026-05-24 17:50:29', 'Cobro con QR', '', 'VICTOR MANUEL INALOPU VINCES  te hizo un pago de S/ 45.0', 'VICTOR MANUEL INALOPU VINCES  te hizo un pago de S/ 45.0', '', '', '', 'com.bbva.GEMA.global', '{\"app\":\"com.bbva.GEMA.global\",\"audioContentsURI\":\"\",\"bigText\":\"VICTOR MANUEL INALOPU VINCES  te hizo un pago de S/ 45.0\",\"extraInfoText\":\"\",\"groupedMessages\":[],\"icon\":\"\",\"iconLarge\":\"\",\"image\":\"\",\"imageBackgroundURI\":\"\",\"subText\":\"\",\"summaryText\":\"\",\"text\":\"VICTOR MANUEL INALOPU VINCES  te hizo un pago de S/ 45.0\",\"time\":\"1779663029515\",\"title\":\"Cobro con QR\",\"titleBig\":\"\"}', '2026-05-24 18:12:24', NULL),
(139, 'GIAN CARLO VILCAMICHE CHAVEZ', 12.50, 1779661840665, '2026-05-24 17:30:40', 'Cobro con QR', '', 'GIAN CARLO VILCAMICHE CHAVEZ  te hizo un pago de S/ 12.5', 'GIAN CARLO VILCAMICHE CHAVEZ  te hizo un pago de S/ 12.5', '', '', '', 'com.bbva.GEMA.global', '{\"app\":\"com.bbva.GEMA.global\",\"audioContentsURI\":\"\",\"bigText\":\"GIAN CARLO VILCAMICHE CHAVEZ  te hizo un pago de S/ 12.5\",\"extraInfoText\":\"\",\"groupedMessages\":[],\"icon\":\"\",\"iconLarge\":\"\",\"image\":\"\",\"imageBackgroundURI\":\"\",\"subText\":\"\",\"summaryText\":\"\",\"text\":\"GIAN CARLO VILCAMICHE CHAVEZ  te hizo un pago de S/ 12.5\",\"time\":\"1779661840665\",\"title\":\"Cobro con QR\",\"titleBig\":\"\"}', '2026-05-24 18:12:24', NULL),
(140, 'GUADALUPE MICAELA ATAOLLUCO CASTILLO', 13.10, 1779664337578, '2026-05-24 18:12:17', 'Cobro con QR', '', 'GUADALUPE MICAELA ATAOLLUCO CASTILLO  te hizo un pago de S/ 13.1', 'GUADALUPE MICAELA ATAOLLUCO CASTILLO  te hizo un pago de S/ 13.1', '', '', '', 'com.bbva.GEMA.global', '{\"app\":\"com.bbva.GEMA.global\",\"audioContentsURI\":\"\",\"bigText\":\"GUADALUPE MICAELA ATAOLLUCO CASTILLO  te hizo un pago de S/ 13.1\",\"extraInfoText\":\"\",\"groupedMessages\":[],\"icon\":\"\",\"iconLarge\":\"\",\"image\":\"\",\"imageBackgroundURI\":\"\",\"subText\":\"\",\"summaryText\":\"\",\"text\":\"GUADALUPE MICAELA ATAOLLUCO CASTILLO  te hizo un pago de S/ 13.1\",\"time\":\"1779664337578\",\"title\":\"Cobro con QR\",\"titleBig\":\"\"}', '2026-05-24 18:18:09', NULL),
(156, 'ELVER RUIZ AHUANARI', 20.00, 1779665603177, '2026-05-24 18:33:23', 'Cobro con QR', '', 'ELVER RUIZ AHUANARI  te hizo un pago de S/ 20.0', 'ELVER RUIZ AHUANARI  te hizo un pago de S/ 20.0', '', '', '', 'com.bbva.GEMA.global', '{\"app\":\"com.bbva.GEMA.global\",\"audioContentsURI\":\"\",\"bigText\":\"ELVER RUIZ AHUANARI  te hizo un pago de S/ 20.0\",\"extraInfoText\":\"\",\"groupedMessages\":[],\"icon\":\"\",\"iconLarge\":\"\",\"image\":\"\",\"imageBackgroundURI\":\"\",\"subText\":\"\",\"summaryText\":\"\",\"text\":\"ELVER RUIZ AHUANARI  te hizo un pago de S/ 20.0\",\"time\":\"1779665603177\",\"title\":\"Cobro con QR\",\"titleBig\":\"\"}', '2026-05-24 19:02:59', NULL),
(214, 'GILDA AMELI BELLODAS CARRASCO', 23.40, 1779665432550, '2026-05-24 18:30:32', 'Cobro con QR', '', 'GILDA AMELI BELLODAS CARRASCO  te hizo un pago de S/ 23.4', 'GILDA AMELI BELLODAS CARRASCO  te hizo un pago de S/ 23.4', '', '', '', 'com.bbva.GEMA.global', '{\"app\":\"com.bbva.GEMA.global\",\"audioContentsURI\":\"\",\"bigText\":\"GILDA AMELI BELLODAS CARRASCO  te hizo un pago de S/ 23.4\",\"extraInfoText\":\"\",\"groupedMessages\":[],\"icon\":\"\",\"iconLarge\":\"\",\"image\":\"\",\"imageBackgroundURI\":\"\",\"subText\":\"\",\"summaryText\":\"\",\"text\":\"GILDA AMELI BELLODAS CARRASCO  te hizo un pago de S/ 23.4\",\"time\":\"1779665432550\",\"title\":\"Cobro con QR\",\"titleBig\":\"\"}', '2026-05-24 21:22:36', NULL),
(216, 'ARMANDO JULIO ALTAMIRANO GUEVARA', 46.70, 1779665843872, '2026-05-24 18:37:23', 'Cobro con QR', '', 'ARMANDO JULIO ALTAMIRANO GUEVARA  te hizo un pago de S/ 46.7', 'ARMANDO JULIO ALTAMIRANO GUEVARA  te hizo un pago de S/ 46.7', '', '', '', 'com.bbva.GEMA.global', '{\"app\":\"com.bbva.GEMA.global\",\"audioContentsURI\":\"\",\"bigText\":\"ARMANDO JULIO ALTAMIRANO GUEVARA  te hizo un pago de S/ 46.7\",\"extraInfoText\":\"\",\"groupedMessages\":[],\"icon\":\"\",\"iconLarge\":\"\",\"image\":\"\",\"imageBackgroundURI\":\"\",\"subText\":\"\",\"summaryText\":\"\",\"text\":\"ARMANDO JULIO ALTAMIRANO GUEVARA  te hizo un pago de S/ 46.7\",\"time\":\"1779665843872\",\"title\":\"Cobro con QR\",\"titleBig\":\"\"}', '2026-05-24 21:22:36', NULL),
(217, 'WALDER ROMUALDO CAJAHUANCA ALARCON', 52.20, 1779666422396, '2026-05-24 18:47:02', 'Cobro con QR', '', 'WALDER ROMUALDO CAJAHUANCA ALARCON  te hizo un pago de S/ 52.2', 'WALDER ROMUALDO CAJAHUANCA ALARCON  te hizo un pago de S/ 52.2', '', '', '', 'com.bbva.GEMA.global', '{\"app\":\"com.bbva.GEMA.global\",\"audioContentsURI\":\"\",\"bigText\":\"WALDER ROMUALDO CAJAHUANCA ALARCON  te hizo un pago de S/ 52.2\",\"extraInfoText\":\"\",\"groupedMessages\":[],\"icon\":\"\",\"iconLarge\":\"\",\"image\":\"\",\"imageBackgroundURI\":\"\",\"subText\":\"\",\"summaryText\":\"\",\"text\":\"WALDER ROMUALDO CAJAHUANCA ALARCON  te hizo un pago de S/ 52.2\",\"time\":\"1779666422396\",\"title\":\"Cobro con QR\",\"titleBig\":\"\"}', '2026-05-24 21:22:36', NULL),
(218, 'CARLOS ZAVALA PFUNO', 27.50, 1779665031416, '2026-05-24 18:23:51', 'Cobro con QR', '', 'CARLOS ZAVALA PFUNO  te hizo un pago de S/ 27.5', 'CARLOS ZAVALA PFUNO  te hizo un pago de S/ 27.5', '', '', '', 'com.bbva.GEMA.global', '{\"app\":\"com.bbva.GEMA.global\",\"audioContentsURI\":\"\",\"bigText\":\"CARLOS ZAVALA PFUNO  te hizo un pago de S/ 27.5\",\"extraInfoText\":\"\",\"groupedMessages\":[],\"icon\":\"\",\"iconLarge\":\"\",\"image\":\"\",\"imageBackgroundURI\":\"\",\"subText\":\"\",\"summaryText\":\"\",\"text\":\"CARLOS ZAVALA PFUNO  te hizo un pago de S/ 27.5\",\"time\":\"1779665031416\",\"title\":\"Cobro con QR\",\"titleBig\":\"\"}', '2026-05-24 21:22:36', NULL),
(219, 'PATRICK JOSUE TRIVINOS DIAZ', 43.00, 1779675753415, '2026-05-24 21:22:33', 'Cobro con QR', '', 'PATRICK JOSUE TRIVINOS DIAZ  te hizo un pago de S/ 43.0', 'PATRICK JOSUE TRIVINOS DIAZ  te hizo un pago de S/ 43.0', '', '', '', 'com.bbva.GEMA.global', '{\"app\":\"com.bbva.GEMA.global\",\"audioContentsURI\":\"\",\"bigText\":\"PATRICK JOSUE TRIVINOS DIAZ  te hizo un pago de S/ 43.0\",\"extraInfoText\":\"\",\"groupedMessages\":[],\"icon\":\"\",\"iconLarge\":\"\",\"image\":\"\",\"imageBackgroundURI\":\"\",\"subText\":\"\",\"summaryText\":\"\",\"text\":\"PATRICK JOSUE TRIVINOS DIAZ  te hizo un pago de S/ 43.0\",\"time\":\"1779675753415\",\"title\":\"Cobro con QR\",\"titleBig\":\"\"}', '2026-05-24 21:34:39', NULL),
(313, 'YAJAIRA YESENIA FLORIDA ROBLES', 10.00, 1779667889233, '2026-05-24 19:11:29', 'Cobro con QR', '', 'YAJAIRA YESENIA FLORIDA ROBLES  te hizo un pago de S/ 10.0', 'YAJAIRA YESENIA FLORIDA ROBLES  te hizo un pago de S/ 10.0', '', '', '', 'com.bbva.GEMA.global', '{\"app\":\"com.bbva.GEMA.global\",\"audioContentsURI\":\"\",\"bigText\":\"YAJAIRA YESENIA FLORIDA ROBLES  te hizo un pago de S/ 10.0\",\"extraInfoText\":\"\",\"groupedMessages\":[],\"icon\":\"\",\"iconLarge\":\"\",\"image\":\"\",\"imageBackgroundURI\":\"\",\"subText\":\"\",\"summaryText\":\"\",\"text\":\"YAJAIRA YESENIA FLORIDA ROBLES  te hizo un pago de S/ 10.0\",\"time\":\"1779667889233\",\"title\":\"Cobro con QR\",\"titleBig\":\"\"}', '2026-05-25 11:27:13', NULL),
(314, 'LAURA JANET HERNANDEZ DE', 6.60, 1779666952888, '2026-05-24 18:55:52', 'Cobro con QR', '', 'LAURA JANET HERNANDEZ DE  te hizo un pago de S/ 6.6', 'LAURA JANET HERNANDEZ DE  te hizo un pago de S/ 6.6', '', '', '', 'com.bbva.GEMA.global', '{\"app\":\"com.bbva.GEMA.global\",\"audioContentsURI\":\"\",\"bigText\":\"LAURA JANET HERNANDEZ DE  te hizo un pago de S/ 6.6\",\"extraInfoText\":\"\",\"groupedMessages\":[],\"icon\":\"\",\"iconLarge\":\"\",\"image\":\"\",\"imageBackgroundURI\":\"\",\"subText\":\"\",\"summaryText\":\"\",\"text\":\"LAURA JANET HERNANDEZ DE  te hizo un pago de S/ 6.6\",\"time\":\"1779666952888\",\"title\":\"Cobro con QR\",\"titleBig\":\"\"}', '2026-05-25 11:27:13', NULL);
INSERT INTO `pagos_bbva` (`id`, `cliente`, `monto`, `timestamp_notif`, `fecha_notif`, `titulo`, `titulo_big`, `texto`, `texto_big`, `subtexto`, `texto_extra`, `texto_resumen`, `app_origen`, `raw`, `recibido_en`, `sesion_plin_id`) VALUES
(315, 'GREGORY JOSE GONZALEZ ARCILA', 33.10, 1779667986538, '2026-05-24 19:13:06', 'Cobro con QR', '', 'GREGORY JOSE GONZALEZ ARCILA  te hizo un pago de S/ 33.1', 'GREGORY JOSE GONZALEZ ARCILA  te hizo un pago de S/ 33.1', '', '', '', 'com.bbva.GEMA.global', '{\"app\":\"com.bbva.GEMA.global\",\"audioContentsURI\":\"\",\"bigText\":\"GREGORY JOSE GONZALEZ ARCILA  te hizo un pago de S/ 33.1\",\"extraInfoText\":\"\",\"groupedMessages\":[],\"icon\":\"\",\"iconLarge\":\"\",\"image\":\"\",\"imageBackgroundURI\":\"\",\"subText\":\"\",\"summaryText\":\"\",\"text\":\"GREGORY JOSE GONZALEZ ARCILA  te hizo un pago de S/ 33.1\",\"time\":\"1779667986538\",\"title\":\"Cobro con QR\",\"titleBig\":\"\"}', '2026-05-25 11:27:13', NULL),
(316, 'ANTUANET YOMARA OSPINO BRAVO', 18.00, 1779667388439, '2026-05-24 19:03:08', 'Cobro con QR', '', 'ANTUANET YOMARA OSPINO BRAVO  te hizo un pago de S/ 18.0', 'ANTUANET YOMARA OSPINO BRAVO  te hizo un pago de S/ 18.0', '', '', '', 'com.bbva.GEMA.global', '{\"app\":\"com.bbva.GEMA.global\",\"audioContentsURI\":\"\",\"bigText\":\"ANTUANET YOMARA OSPINO BRAVO  te hizo un pago de S/ 18.0\",\"extraInfoText\":\"\",\"groupedMessages\":[],\"icon\":\"\",\"iconLarge\":\"\",\"image\":\"\",\"imageBackgroundURI\":\"\",\"subText\":\"\",\"summaryText\":\"\",\"text\":\"ANTUANET YOMARA OSPINO BRAVO  te hizo un pago de S/ 18.0\",\"time\":\"1779667388439\",\"title\":\"Cobro con QR\",\"titleBig\":\"\"}', '2026-05-25 11:27:13', NULL),
(317, 'XIOMARA ZAYRA SANDOVAL VILLANUEVA', 10.50, 1779668239134, '2026-05-24 19:17:19', 'Cobro con QR', '', 'XIOMARA ZAYRA SANDOVAL VILLANUEVA  te hizo un pago de S/ 10.5', 'XIOMARA ZAYRA SANDOVAL VILLANUEVA  te hizo un pago de S/ 10.5', '', '', '', 'com.bbva.GEMA.global', '{\"app\":\"com.bbva.GEMA.global\",\"audioContentsURI\":\"\",\"bigText\":\"XIOMARA ZAYRA SANDOVAL VILLANUEVA  te hizo un pago de S/ 10.5\",\"extraInfoText\":\"\",\"groupedMessages\":[],\"icon\":\"\",\"iconLarge\":\"\",\"image\":\"\",\"imageBackgroundURI\":\"\",\"subText\":\"\",\"summaryText\":\"\",\"text\":\"XIOMARA ZAYRA SANDOVAL VILLANUEVA  te hizo un pago de S/ 10.5\",\"time\":\"1779668239134\",\"title\":\"Cobro con QR\",\"titleBig\":\"\"}', '2026-05-25 11:27:13', NULL),
(318, 'JENNIFER FIORELLA SOTO RAMIREZ', 7.50, 1779668304585, '2026-05-24 19:18:24', 'Cobro con QR', '', 'JENNIFER FIORELLA SOTO RAMIREZ  te hizo un pago de S/ 7.5', 'JENNIFER FIORELLA SOTO RAMIREZ  te hizo un pago de S/ 7.5', '', '', '', 'com.bbva.GEMA.global', '{\"app\":\"com.bbva.GEMA.global\",\"audioContentsURI\":\"\",\"bigText\":\"JENNIFER FIORELLA SOTO RAMIREZ  te hizo un pago de S/ 7.5\",\"extraInfoText\":\"\",\"groupedMessages\":[],\"icon\":\"\",\"iconLarge\":\"\",\"image\":\"\",\"imageBackgroundURI\":\"\",\"subText\":\"\",\"summaryText\":\"\",\"text\":\"JENNIFER FIORELLA SOTO RAMIREZ  te hizo un pago de S/ 7.5\",\"time\":\"1779668304585\",\"title\":\"Cobro con QR\",\"titleBig\":\"\"}', '2026-05-25 11:27:14', NULL),
(319, 'GLADYS GLORIA RODRIGUEZ MARTINEZ', 10.50, 1779668610865, '2026-05-24 19:23:30', 'Cobro con QR', '', 'GLADYS GLORIA RODRIGUEZ MARTINEZ  te hizo un pago de S/ 10.5', 'GLADYS GLORIA RODRIGUEZ MARTINEZ  te hizo un pago de S/ 10.5', '', '', '', 'com.bbva.GEMA.global', '{\"app\":\"com.bbva.GEMA.global\",\"audioContentsURI\":\"\",\"bigText\":\"GLADYS GLORIA RODRIGUEZ MARTINEZ  te hizo un pago de S/ 10.5\",\"extraInfoText\":\"\",\"groupedMessages\":[],\"icon\":\"\",\"iconLarge\":\"\",\"image\":\"\",\"imageBackgroundURI\":\"\",\"subText\":\"\",\"summaryText\":\"\",\"text\":\"GLADYS GLORIA RODRIGUEZ MARTINEZ  te hizo un pago de S/ 10.5\",\"time\":\"1779668610865\",\"title\":\"Cobro con QR\",\"titleBig\":\"\"}', '2026-05-25 11:27:14', NULL),
(320, 'LOURDES SILVA FERNANDEZ', 10.00, 1779669698756, '2026-05-24 19:41:38', 'Cobro con QR', '', 'LOURDES SILVA FERNANDEZ  te hizo un pago de S/ 10.0', 'LOURDES SILVA FERNANDEZ  te hizo un pago de S/ 10.0', '', '', '', 'com.bbva.GEMA.global', '{\"app\":\"com.bbva.GEMA.global\",\"audioContentsURI\":\"\",\"bigText\":\"LOURDES SILVA FERNANDEZ  te hizo un pago de S/ 10.0\",\"extraInfoText\":\"\",\"groupedMessages\":[],\"icon\":\"\",\"iconLarge\":\"\",\"image\":\"\",\"imageBackgroundURI\":\"\",\"subText\":\"\",\"summaryText\":\"\",\"text\":\"LOURDES SILVA FERNANDEZ  te hizo un pago de S/ 10.0\",\"time\":\"1779669698756\",\"title\":\"Cobro con QR\",\"titleBig\":\"\"}', '2026-05-25 11:27:14', NULL),
(321, 'LUZ AURORA RIVERA VILLARREAL', 18.50, 1779668796111, '2026-05-24 19:26:36', 'Cobro con QR', '', 'LUZ AURORA RIVERA VILLARREAL  te hizo un pago de S/ 18.5', 'LUZ AURORA RIVERA VILLARREAL  te hizo un pago de S/ 18.5', '', '', '', 'com.bbva.GEMA.global', '{\"app\":\"com.bbva.GEMA.global\",\"audioContentsURI\":\"\",\"bigText\":\"LUZ AURORA RIVERA VILLARREAL  te hizo un pago de S/ 18.5\",\"extraInfoText\":\"\",\"groupedMessages\":[],\"icon\":\"\",\"iconLarge\":\"\",\"image\":\"\",\"imageBackgroundURI\":\"\",\"subText\":\"\",\"summaryText\":\"\",\"text\":\"LUZ AURORA RIVERA VILLARREAL  te hizo un pago de S/ 18.5\",\"time\":\"1779668796111\",\"title\":\"Cobro con QR\",\"titleBig\":\"\"}', '2026-05-25 11:27:14', NULL),
(322, 'LORENA ELIZABETH GAVILAN PIZARRO', 6.50, 1779669216805, '2026-05-24 19:33:36', 'Cobro con QR', '', 'LORENA ELIZABETH GAVILAN PIZARRO  te hizo un pago de S/ 6.5', 'LORENA ELIZABETH GAVILAN PIZARRO  te hizo un pago de S/ 6.5', '', '', '', 'com.bbva.GEMA.global', '{\"app\":\"com.bbva.GEMA.global\",\"audioContentsURI\":\"\",\"bigText\":\"LORENA ELIZABETH GAVILAN PIZARRO  te hizo un pago de S/ 6.5\",\"extraInfoText\":\"\",\"groupedMessages\":[],\"icon\":\"\",\"iconLarge\":\"\",\"image\":\"\",\"imageBackgroundURI\":\"\",\"subText\":\"\",\"summaryText\":\"\",\"text\":\"LORENA ELIZABETH GAVILAN PIZARRO  te hizo un pago de S/ 6.5\",\"time\":\"1779669216805\",\"title\":\"Cobro con QR\",\"titleBig\":\"\"}', '2026-05-25 11:27:14', NULL),
(323, 'LOURDES SILVA FERNANDEZ', 4.50, 1779669905302, '2026-05-24 19:45:05', 'Cobro con QR', '', 'LOURDES SILVA FERNANDEZ  te hizo un pago de S/ 4.5', 'LOURDES SILVA FERNANDEZ  te hizo un pago de S/ 4.5', '', '', '', 'com.bbva.GEMA.global', '{\"app\":\"com.bbva.GEMA.global\",\"audioContentsURI\":\"\",\"bigText\":\"LOURDES SILVA FERNANDEZ  te hizo un pago de S/ 4.5\",\"extraInfoText\":\"\",\"groupedMessages\":[],\"icon\":\"\",\"iconLarge\":\"\",\"image\":\"\",\"imageBackgroundURI\":\"\",\"subText\":\"\",\"summaryText\":\"\",\"text\":\"LOURDES SILVA FERNANDEZ  te hizo un pago de S/ 4.5\",\"time\":\"1779669905302\",\"title\":\"Cobro con QR\",\"titleBig\":\"\"}', '2026-05-25 11:27:15', NULL),
(324, 'ANA KARINA BETANCOURT LOZANO', 4.00, 1779672113805, '2026-05-24 20:21:53', 'Cobro con QR', '', 'ANA KARINA BETANCOURT LOZANO  te hizo un pago de S/ 4.0', 'ANA KARINA BETANCOURT LOZANO  te hizo un pago de S/ 4.0', '', '', '', 'com.bbva.GEMA.global', '{\"app\":\"com.bbva.GEMA.global\",\"audioContentsURI\":\"\",\"bigText\":\"ANA KARINA BETANCOURT LOZANO  te hizo un pago de S/ 4.0\",\"extraInfoText\":\"\",\"groupedMessages\":[],\"icon\":\"\",\"iconLarge\":\"\",\"image\":\"\",\"imageBackgroundURI\":\"\",\"subText\":\"\",\"summaryText\":\"\",\"text\":\"ANA KARINA BETANCOURT LOZANO  te hizo un pago de S/ 4.0\",\"time\":\"1779672113805\",\"title\":\"Cobro con QR\",\"titleBig\":\"\"}', '2026-05-25 11:27:15', NULL),
(325, 'ROXANA VICTORIA CONTRERAS BALDEON', 23.50, 1779669990247, '2026-05-24 19:46:30', 'Cobro con QR', '', 'ROXANA VICTORIA CONTRERAS BALDEON  te hizo un pago de S/ 23.5', 'ROXANA VICTORIA CONTRERAS BALDEON  te hizo un pago de S/ 23.5', '', '', '', 'com.bbva.GEMA.global', '{\"app\":\"com.bbva.GEMA.global\",\"audioContentsURI\":\"\",\"bigText\":\"ROXANA VICTORIA CONTRERAS BALDEON  te hizo un pago de S/ 23.5\",\"extraInfoText\":\"\",\"groupedMessages\":[],\"icon\":\"\",\"iconLarge\":\"\",\"image\":\"\",\"imageBackgroundURI\":\"\",\"subText\":\"\",\"summaryText\":\"\",\"text\":\"ROXANA VICTORIA CONTRERAS BALDEON  te hizo un pago de S/ 23.5\",\"time\":\"1779669990247\",\"title\":\"Cobro con QR\",\"titleBig\":\"\"}', '2026-05-25 11:27:15', NULL),
(326, 'MARLENE NANCY ZAMUDIO VILCA', 18.80, 1779670699420, '2026-05-24 19:58:19', 'Cobro con QR', '', 'MARLENE NANCY ZAMUDIO VILCA  te hizo un pago de S/ 18.8', 'MARLENE NANCY ZAMUDIO VILCA  te hizo un pago de S/ 18.8', '', '', '', 'com.bbva.GEMA.global', '{\"app\":\"com.bbva.GEMA.global\",\"audioContentsURI\":\"\",\"bigText\":\"MARLENE NANCY ZAMUDIO VILCA  te hizo un pago de S/ 18.8\",\"extraInfoText\":\"\",\"groupedMessages\":[],\"icon\":\"\",\"iconLarge\":\"\",\"image\":\"\",\"imageBackgroundURI\":\"\",\"subText\":\"\",\"summaryText\":\"\",\"text\":\"MARLENE NANCY ZAMUDIO VILCA  te hizo un pago de S/ 18.8\",\"time\":\"1779670699420\",\"title\":\"Cobro con QR\",\"titleBig\":\"\"}', '2026-05-25 11:27:15', NULL),
(327, 'JOSE LUIS SANDOVAL ESPINOZA', 2.00, 1779670686216, '2026-05-24 19:58:06', 'Cobro con QR', '', 'JOSE LUIS SANDOVAL ESPINOZA  te hizo un pago de S/ 2.0', 'JOSE LUIS SANDOVAL ESPINOZA  te hizo un pago de S/ 2.0', '', '', '', 'com.bbva.GEMA.global', '{\"app\":\"com.bbva.GEMA.global\",\"audioContentsURI\":\"\",\"bigText\":\"JOSE LUIS SANDOVAL ESPINOZA  te hizo un pago de S/ 2.0\",\"extraInfoText\":\"\",\"groupedMessages\":[],\"icon\":\"\",\"iconLarge\":\"\",\"image\":\"\",\"imageBackgroundURI\":\"\",\"subText\":\"\",\"summaryText\":\"\",\"text\":\"JOSE LUIS SANDOVAL ESPINOZA  te hizo un pago de S/ 2.0\",\"time\":\"1779670686216\",\"title\":\"Cobro con QR\",\"titleBig\":\"\"}', '2026-05-25 11:27:15', NULL),
(328, 'FLOR DE MARIA RAMOS', 35.80, 1779672519205, '2026-05-24 20:28:39', 'Cobro con QR', '', 'FLOR DE MARIA RAMOS  te hizo un pago de S/ 35.8', 'FLOR DE MARIA RAMOS  te hizo un pago de S/ 35.8', '', '', '', 'com.bbva.GEMA.global', '{\"app\":\"com.bbva.GEMA.global\",\"audioContentsURI\":\"\",\"bigText\":\"FLOR DE MARIA RAMOS  te hizo un pago de S/ 35.8\",\"extraInfoText\":\"\",\"groupedMessages\":[],\"icon\":\"\",\"iconLarge\":\"\",\"image\":\"\",\"imageBackgroundURI\":\"\",\"subText\":\"\",\"summaryText\":\"\",\"text\":\"FLOR DE MARIA RAMOS  te hizo un pago de S/ 35.8\",\"time\":\"1779672519205\",\"title\":\"Cobro con QR\",\"titleBig\":\"\"}', '2026-05-25 11:27:16', NULL),
(329, 'JAMILA NICOLE UTANI CONDORCUYA', 26.90, 1779672341154, '2026-05-24 20:25:41', 'Cobro con QR', '', 'JAMILA NICOLE UTANI CONDORCUYA  te hizo un pago de S/ 26.9', 'JAMILA NICOLE UTANI CONDORCUYA  te hizo un pago de S/ 26.9', '', '', '', 'com.bbva.GEMA.global', '{\"app\":\"com.bbva.GEMA.global\",\"audioContentsURI\":\"\",\"bigText\":\"JAMILA NICOLE UTANI CONDORCUYA  te hizo un pago de S/ 26.9\",\"extraInfoText\":\"\",\"groupedMessages\":[],\"icon\":\"\",\"iconLarge\":\"\",\"image\":\"\",\"imageBackgroundURI\":\"\",\"subText\":\"\",\"summaryText\":\"\",\"text\":\"JAMILA NICOLE UTANI CONDORCUYA  te hizo un pago de S/ 26.9\",\"time\":\"1779672341154\",\"title\":\"Cobro con QR\",\"titleBig\":\"\"}', '2026-05-25 11:27:16', NULL),
(330, 'LUIS PALACIOS PARIONA', 7.60, 1779673418591, '2026-05-24 20:43:38', 'Cobro con QR', '', 'LUIS PALACIOS PARIONA  te hizo un pago de S/ 7.6', 'LUIS PALACIOS PARIONA  te hizo un pago de S/ 7.6', '', '', '', 'com.bbva.GEMA.global', '{\"app\":\"com.bbva.GEMA.global\",\"audioContentsURI\":\"\",\"bigText\":\"LUIS PALACIOS PARIONA  te hizo un pago de S/ 7.6\",\"extraInfoText\":\"\",\"groupedMessages\":[],\"icon\":\"\",\"iconLarge\":\"\",\"image\":\"\",\"imageBackgroundURI\":\"\",\"subText\":\"\",\"summaryText\":\"\",\"text\":\"LUIS PALACIOS PARIONA  te hizo un pago de S/ 7.6\",\"time\":\"1779673418591\",\"title\":\"Cobro con QR\",\"titleBig\":\"\"}', '2026-05-25 11:27:16', NULL),
(331, 'LISETTE KELLY MAMANI RICO', 38.40, 1779671380117, '2026-05-24 20:09:40', 'Cobro con QR', '', 'LISETTE KELLY MAMANI RICO  te hizo un pago de S/ 38.4', 'LISETTE KELLY MAMANI RICO  te hizo un pago de S/ 38.4', '', '', '', 'com.bbva.GEMA.global', '{\"app\":\"com.bbva.GEMA.global\",\"audioContentsURI\":\"\",\"bigText\":\"LISETTE KELLY MAMANI RICO  te hizo un pago de S/ 38.4\",\"extraInfoText\":\"\",\"groupedMessages\":[],\"icon\":\"\",\"iconLarge\":\"\",\"image\":\"\",\"imageBackgroundURI\":\"\",\"subText\":\"\",\"summaryText\":\"\",\"text\":\"LISETTE KELLY MAMANI RICO  te hizo un pago de S/ 38.4\",\"time\":\"1779671380117\",\"title\":\"Cobro con QR\",\"titleBig\":\"\"}', '2026-05-25 11:27:16', NULL),
(332, 'CLAUDIA FIORELA SUCASAIRE VILLAVICENCIO', 25.00, 1779672537007, '2026-05-24 20:28:57', 'Cobro con QR', '', 'CLAUDIA FIORELA SUCASAIRE VILLAVICENCIO  te hizo un pago de S/ 25.0', 'CLAUDIA FIORELA SUCASAIRE VILLAVICENCIO  te hizo un pago de S/ 25.0', '', '', '', 'com.bbva.GEMA.global', '{\"app\":\"com.bbva.GEMA.global\",\"audioContentsURI\":\"\",\"bigText\":\"CLAUDIA FIORELA SUCASAIRE VILLAVICENCIO  te hizo un pago de S/ 25.0\",\"extraInfoText\":\"\",\"groupedMessages\":[],\"icon\":\"\",\"iconLarge\":\"\",\"image\":\"\",\"imageBackgroundURI\":\"\",\"subText\":\"\",\"summaryText\":\"\",\"text\":\"CLAUDIA FIORELA SUCASAIRE VILLAVICENCIO  te hizo un pago de S/ 25.0\",\"time\":\"1779672537007\",\"title\":\"Cobro con QR\",\"titleBig\":\"\"}', '2026-05-25 11:27:16', NULL),
(333, 'HILLARY MARIA LANDA QUISPE', 7.50, 1779674114215, '2026-05-24 20:55:14', 'Cobro con QR', '', 'HILLARY MARIA LANDA QUISPE  te hizo un pago de S/ 7.5', 'HILLARY MARIA LANDA QUISPE  te hizo un pago de S/ 7.5', '', '', '', 'com.bbva.GEMA.global', '{\"app\":\"com.bbva.GEMA.global\",\"audioContentsURI\":\"\",\"bigText\":\"HILLARY MARIA LANDA QUISPE  te hizo un pago de S/ 7.5\",\"extraInfoText\":\"\",\"groupedMessages\":[],\"icon\":\"\",\"iconLarge\":\"\",\"image\":\"\",\"imageBackgroundURI\":\"\",\"subText\":\"\",\"summaryText\":\"\",\"text\":\"HILLARY MARIA LANDA QUISPE  te hizo un pago de S/ 7.5\",\"time\":\"1779674114215\",\"title\":\"Cobro con QR\",\"titleBig\":\"\"}', '2026-05-25 11:27:17', NULL),
(335, 'MERITH CHUJUTALLI GATICA', 29.60, 1779726431067, '2026-05-25 11:27:11', 'Cobro con QR', '', 'MERITH CHUJUTALLI GATICA  te hizo un pago de S/ 29.6', 'MERITH CHUJUTALLI GATICA  te hizo un pago de S/ 29.6', '', '', '', 'com.bbva.GEMA.global', '{\"app\":\"com.bbva.GEMA.global\",\"audioContentsURI\":\"\",\"bigText\":\"MERITH CHUJUTALLI GATICA  te hizo un pago de S/ 29.6\",\"extraInfoText\":\"\",\"groupedMessages\":[],\"icon\":\"\",\"iconLarge\":\"\",\"image\":\"\",\"imageBackgroundURI\":\"\",\"subText\":\"\",\"summaryText\":\"\",\"text\":\"MERITH CHUJUTALLI GATICA  te hizo un pago de S/ 29.6\",\"time\":\"1779726431067\",\"title\":\"Cobro con QR\",\"titleBig\":\"\"}', '2026-05-25 11:27:30', NULL),
(355, 'KASANDRA XIOMARA PALACIOS FRANCO', 3.50, 1779677408468, '2026-05-24 21:50:08', 'Cobro con QR', '', 'KASANDRA XIOMARA PALACIOS FRANCO  te hizo un pago de S/ 3.5', 'KASANDRA XIOMARA PALACIOS FRANCO  te hizo un pago de S/ 3.5', '', '', '', 'com.bbva.GEMA.global', '{\"app\":\"com.bbva.GEMA.global\",\"audioContentsURI\":\"\",\"bigText\":\"KASANDRA XIOMARA PALACIOS FRANCO  te hizo un pago de S/ 3.5\",\"extraInfoText\":\"\",\"groupedMessages\":[],\"icon\":\"\",\"iconLarge\":\"\",\"image\":\"\",\"imageBackgroundURI\":\"\",\"subText\":\"\",\"summaryText\":\"\",\"text\":\"KASANDRA XIOMARA PALACIOS FRANCO  te hizo un pago de S/ 3.5\",\"time\":\"1779677408468\",\"title\":\"Cobro con QR\",\"titleBig\":\"\"}', '2026-05-25 13:40:24', NULL),
(356, 'IVAN FREDDY ZAMORA ROSAS', 3.00, 1779676166875, '2026-05-24 21:29:26', 'Cobro con QR', '', 'IVAN FREDDY ZAMORA ROSAS  te hizo un pago de S/ 3.0', 'IVAN FREDDY ZAMORA ROSAS  te hizo un pago de S/ 3.0', '', '', '', 'com.bbva.GEMA.global', '{\"app\":\"com.bbva.GEMA.global\",\"audioContentsURI\":\"\",\"bigText\":\"IVAN FREDDY ZAMORA ROSAS  te hizo un pago de S/ 3.0\",\"extraInfoText\":\"\",\"groupedMessages\":[],\"icon\":\"\",\"iconLarge\":\"\",\"image\":\"\",\"imageBackgroundURI\":\"\",\"subText\":\"\",\"summaryText\":\"\",\"text\":\"IVAN FREDDY ZAMORA ROSAS  te hizo un pago de S/ 3.0\",\"time\":\"1779676166875\",\"title\":\"Cobro con QR\",\"titleBig\":\"\"}', '2026-05-25 13:40:24', NULL),
(357, 'ANDREA JAZMIN LEYVA PEREZ', 3.00, 1779677034600, '2026-05-24 21:43:54', 'Cobro con QR', '', 'ANDREA JAZMIN LEYVA PEREZ te hizo un pago de S/ 3.0', 'ANDREA JAZMIN LEYVA PEREZ te hizo un pago de S/ 3.0', '', '', '', 'com.bbva.GEMA.global', '{\"app\":\"com.bbva.GEMA.global\",\"audioContentsURI\":\"\",\"bigText\":\"ANDREA JAZMIN LEYVA PEREZ te hizo un pago de S/ 3.0\",\"extraInfoText\":\"\",\"groupedMessages\":[],\"icon\":\"\",\"iconLarge\":\"\",\"image\":\"\",\"imageBackgroundURI\":\"\",\"subText\":\"\",\"summaryText\":\"\",\"text\":\"ANDREA JAZMIN LEYVA PEREZ te hizo un pago de S/ 3.0\",\"time\":\"1779677034600\",\"title\":\"Cobro con QR\",\"titleBig\":\"\"}', '2026-05-25 13:40:24', NULL),
(358, 'EVELYN PATRICIA VILCA VILLAFUERTE', 8.00, 1779677910515, '2026-05-24 21:58:30', 'Cobro con QR', '', 'EVELYN PATRICIA VILCA VILLAFUERTE  te hizo un pago de S/ 8.0', 'EVELYN PATRICIA VILCA VILLAFUERTE  te hizo un pago de S/ 8.0', '', '', '', 'com.bbva.GEMA.global', '{\"app\":\"com.bbva.GEMA.global\",\"audioContentsURI\":\"\",\"bigText\":\"EVELYN PATRICIA VILCA VILLAFUERTE  te hizo un pago de S/ 8.0\",\"extraInfoText\":\"\",\"groupedMessages\":[],\"icon\":\"\",\"iconLarge\":\"\",\"image\":\"\",\"imageBackgroundURI\":\"\",\"subText\":\"\",\"summaryText\":\"\",\"text\":\"EVELYN PATRICIA VILCA VILLAFUERTE  te hizo un pago de S/ 8.0\",\"time\":\"1779677910515\",\"title\":\"Cobro con QR\",\"titleBig\":\"\"}', '2026-05-25 13:40:24', NULL),
(359, 'RENZO ENRIQUE SILES MONTOYA', 6.00, 1779676134192, '2026-05-24 21:28:54', 'Cobro con QR', '', 'RENZO ENRIQUE SILES MONTOYA  te hizo un pago de S/ 6.0', 'RENZO ENRIQUE SILES MONTOYA  te hizo un pago de S/ 6.0', '', '', '', 'com.bbva.GEMA.global', '{\"app\":\"com.bbva.GEMA.global\",\"audioContentsURI\":\"\",\"bigText\":\"RENZO ENRIQUE SILES MONTOYA  te hizo un pago de S/ 6.0\",\"extraInfoText\":\"\",\"groupedMessages\":[],\"icon\":\"\",\"iconLarge\":\"\",\"image\":\"\",\"imageBackgroundURI\":\"\",\"subText\":\"\",\"summaryText\":\"\",\"text\":\"RENZO ENRIQUE SILES MONTOYA  te hizo un pago de S/ 6.0\",\"time\":\"1779676134192\",\"title\":\"Cobro con QR\",\"titleBig\":\"\"}', '2026-05-25 13:40:24', NULL),
(360, 'WILSON MICHEL NAVARRO TAPULLIMA', 3.00, 1779678340104, '2026-05-24 22:05:40', 'Cobro con QR', '', 'WILSON MICHEL NAVARRO TAPULLIMA  te hizo un pago de S/ 3.0', 'WILSON MICHEL NAVARRO TAPULLIMA  te hizo un pago de S/ 3.0', '', '', '', 'com.bbva.GEMA.global', '{\"app\":\"com.bbva.GEMA.global\",\"audioContentsURI\":\"\",\"bigText\":\"WILSON MICHEL NAVARRO TAPULLIMA  te hizo un pago de S/ 3.0\",\"extraInfoText\":\"\",\"groupedMessages\":[],\"icon\":\"\",\"iconLarge\":\"\",\"image\":\"\",\"imageBackgroundURI\":\"\",\"subText\":\"\",\"summaryText\":\"\",\"text\":\"WILSON MICHEL NAVARRO TAPULLIMA  te hizo un pago de S/ 3.0\",\"time\":\"1779678340104\",\"title\":\"Cobro con QR\",\"titleBig\":\"\"}', '2026-05-25 13:40:25', NULL),
(361, 'DANTE CHAMPI AYALA', 2.60, 1779679562490, '2026-05-24 22:26:02', 'Cobro con QR', '', 'DANTE CHAMPI AYALA  te hizo un pago de S/ 2.6', 'DANTE CHAMPI AYALA  te hizo un pago de S/ 2.6', '', '', '', 'com.bbva.GEMA.global', '{\"app\":\"com.bbva.GEMA.global\",\"audioContentsURI\":\"\",\"bigText\":\"DANTE CHAMPI AYALA  te hizo un pago de S/ 2.6\",\"extraInfoText\":\"\",\"groupedMessages\":[],\"icon\":\"\",\"iconLarge\":\"\",\"image\":\"\",\"imageBackgroundURI\":\"\",\"subText\":\"\",\"summaryText\":\"\",\"text\":\"DANTE CHAMPI AYALA  te hizo un pago de S/ 2.6\",\"time\":\"1779679562490\",\"title\":\"Cobro con QR\",\"titleBig\":\"\"}', '2026-05-25 13:40:25', NULL),
(362, 'ALDRIN JOSE MOSQUERA VALERA', 6.00, 1779677962231, '2026-05-24 21:59:22', 'Cobro con QR', '', 'ALDRIN JOSE MOSQUERA VALERA  te hizo un pago de S/ 6.0', 'ALDRIN JOSE MOSQUERA VALERA  te hizo un pago de S/ 6.0', '', '', '', 'com.bbva.GEMA.global', '{\"app\":\"com.bbva.GEMA.global\",\"audioContentsURI\":\"\",\"bigText\":\"ALDRIN JOSE MOSQUERA VALERA  te hizo un pago de S/ 6.0\",\"extraInfoText\":\"\",\"groupedMessages\":[],\"icon\":\"\",\"iconLarge\":\"\",\"image\":\"\",\"imageBackgroundURI\":\"\",\"subText\":\"\",\"summaryText\":\"\",\"text\":\"ALDRIN JOSE MOSQUERA VALERA  te hizo un pago de S/ 6.0\",\"time\":\"1779677962231\",\"title\":\"Cobro con QR\",\"titleBig\":\"\"}', '2026-05-25 13:40:25', NULL),
(363, 'ESTEFANI EVELEIN MARIN PAULINO', 23.00, 1779677902578, '2026-05-24 21:58:22', 'Cobro con QR', '', 'ESTEFANI EVELEIN MARIN PAULINO  te hizo un pago de S/ 23.0', 'ESTEFANI EVELEIN MARIN PAULINO  te hizo un pago de S/ 23.0', '', '', '', 'com.bbva.GEMA.global', '{\"app\":\"com.bbva.GEMA.global\",\"audioContentsURI\":\"\",\"bigText\":\"ESTEFANI EVELEIN MARIN PAULINO  te hizo un pago de S/ 23.0\",\"extraInfoText\":\"\",\"groupedMessages\":[],\"icon\":\"\",\"iconLarge\":\"\",\"image\":\"\",\"imageBackgroundURI\":\"\",\"subText\":\"\",\"summaryText\":\"\",\"text\":\"ESTEFANI EVELEIN MARIN PAULINO  te hizo un pago de S/ 23.0\",\"time\":\"1779677902578\",\"title\":\"Cobro con QR\",\"titleBig\":\"\"}', '2026-05-25 13:40:25', NULL),
(364, 'DANTE MANUEL CHINCHAY LEON', 4.00, 1779677142110, '2026-05-24 21:45:42', 'Cobro con QR', '', 'DANTE MANUEL CHINCHAY LEON  te hizo un pago de S/ 4.0', 'DANTE MANUEL CHINCHAY LEON  te hizo un pago de S/ 4.0', '', '', '', 'com.bbva.GEMA.global', '{\"app\":\"com.bbva.GEMA.global\",\"audioContentsURI\":\"\",\"bigText\":\"DANTE MANUEL CHINCHAY LEON  te hizo un pago de S/ 4.0\",\"extraInfoText\":\"\",\"groupedMessages\":[],\"icon\":\"\",\"iconLarge\":\"\",\"image\":\"\",\"imageBackgroundURI\":\"\",\"subText\":\"\",\"summaryText\":\"\",\"text\":\"DANTE MANUEL CHINCHAY LEON  te hizo un pago de S/ 4.0\",\"time\":\"1779677142110\",\"title\":\"Cobro con QR\",\"titleBig\":\"\"}', '2026-05-25 13:40:25', NULL),
(365, 'WALTER NORIEGA SHAHUANO', 13.30, 1779678025846, '2026-05-24 22:00:25', 'Cobro con QR', '', 'WALTER NORIEGA SHAHUANO  te hizo un pago de S/ 13.3', 'WALTER NORIEGA SHAHUANO  te hizo un pago de S/ 13.3', '', '', '', 'com.bbva.GEMA.global', '{\"app\":\"com.bbva.GEMA.global\",\"audioContentsURI\":\"\",\"bigText\":\"WALTER NORIEGA SHAHUANO  te hizo un pago de S/ 13.3\",\"extraInfoText\":\"\",\"groupedMessages\":[],\"icon\":\"\",\"iconLarge\":\"\",\"image\":\"\",\"imageBackgroundURI\":\"\",\"subText\":\"\",\"summaryText\":\"\",\"text\":\"WALTER NORIEGA SHAHUANO  te hizo un pago de S/ 13.3\",\"time\":\"1779678025846\",\"title\":\"Cobro con QR\",\"titleBig\":\"\"}', '2026-05-25 13:40:26', NULL),
(366, 'MARSOL JEANPIERRE MINCHAN ORTIZ', 7.60, 1779711291233, '2026-05-25 07:14:51', 'Cobro con QR', '', 'MARSOL JEANPIERRE MINCHAN ORTIZ  te hizo un pago de S/ 7.6', 'MARSOL JEANPIERRE MINCHAN ORTIZ  te hizo un pago de S/ 7.6', '', '', '', 'com.bbva.GEMA.global', '{\"app\":\"com.bbva.GEMA.global\",\"audioContentsURI\":\"\",\"bigText\":\"MARSOL JEANPIERRE MINCHAN ORTIZ  te hizo un pago de S/ 7.6\",\"extraInfoText\":\"\",\"groupedMessages\":[],\"icon\":\"\",\"iconLarge\":\"\",\"image\":\"\",\"imageBackgroundURI\":\"\",\"subText\":\"\",\"summaryText\":\"\",\"text\":\"MARSOL JEANPIERRE MINCHAN ORTIZ  te hizo un pago de S/ 7.6\",\"time\":\"1779711291233\",\"title\":\"Cobro con QR\",\"titleBig\":\"\"}', '2026-05-25 13:40:26', NULL),
(367, 'MARICRUZ SENTENO PARRA', 12.00, 1779714972495, '2026-05-25 08:16:12', 'Cobro con QR', '', 'MARICRUZ SENTENO PARRA  te hizo un pago de S/ 12.0', 'MARICRUZ SENTENO PARRA  te hizo un pago de S/ 12.0', '', '', '', 'com.bbva.GEMA.global', '{\"app\":\"com.bbva.GEMA.global\",\"audioContentsURI\":\"\",\"bigText\":\"MARICRUZ SENTENO PARRA  te hizo un pago de S/ 12.0\",\"extraInfoText\":\"\",\"groupedMessages\":[],\"icon\":\"\",\"iconLarge\":\"\",\"image\":\"\",\"imageBackgroundURI\":\"\",\"subText\":\"\",\"summaryText\":\"\",\"text\":\"MARICRUZ SENTENO PARRA  te hizo un pago de S/ 12.0\",\"time\":\"1779714972495\",\"title\":\"Cobro con QR\",\"titleBig\":\"\"}', '2026-05-25 13:40:26', NULL),
(368, 'NORMA FELICITA NN CORDOVA', 11.00, 1779681275644, '2026-05-24 22:54:35', 'Cobro con QR', '', 'NORMA FELICITA NN CORDOVA  te hizo un pago de S/ 11.0', 'NORMA FELICITA NN CORDOVA  te hizo un pago de S/ 11.0', '', '', '', 'com.bbva.GEMA.global', '{\"app\":\"com.bbva.GEMA.global\",\"audioContentsURI\":\"\",\"bigText\":\"NORMA FELICITA NN CORDOVA  te hizo un pago de S/ 11.0\",\"extraInfoText\":\"\",\"groupedMessages\":[],\"icon\":\"\",\"iconLarge\":\"\",\"image\":\"\",\"imageBackgroundURI\":\"\",\"subText\":\"\",\"summaryText\":\"\",\"text\":\"NORMA FELICITA NN CORDOVA  te hizo un pago de S/ 11.0\",\"time\":\"1779681275644\",\"title\":\"Cobro con QR\",\"titleBig\":\"\"}', '2026-05-25 13:40:26', NULL),
(369, 'MARIA ISABEL TORO QUILLAHUAMAN', 3.50, 1779714302366, '2026-05-25 08:05:02', 'Cobro con QR', '', 'MARIA ISABEL TORO QUILLAHUAMAN  te hizo un pago de S/ 3.5', 'MARIA ISABEL TORO QUILLAHUAMAN  te hizo un pago de S/ 3.5', '', '', '', 'com.bbva.GEMA.global', '{\"app\":\"com.bbva.GEMA.global\",\"audioContentsURI\":\"\",\"bigText\":\"MARIA ISABEL TORO QUILLAHUAMAN  te hizo un pago de S/ 3.5\",\"extraInfoText\":\"\",\"groupedMessages\":[],\"icon\":\"\",\"iconLarge\":\"\",\"image\":\"\",\"imageBackgroundURI\":\"\",\"subText\":\"\",\"summaryText\":\"\",\"text\":\"MARIA ISABEL TORO QUILLAHUAMAN  te hizo un pago de S/ 3.5\",\"time\":\"1779714302366\",\"title\":\"Cobro con QR\",\"titleBig\":\"\"}', '2026-05-25 13:40:26', NULL),
(370, 'VALENTINA MISHEL FASANANDO PINEDO', 4.50, 1779715633217, '2026-05-25 08:27:13', 'Cobro con QR', '', 'VALENTINA MISHEL FASANANDO PINEDO  te hizo un pago de S/ 4.5', 'VALENTINA MISHEL FASANANDO PINEDO  te hizo un pago de S/ 4.5', '', '', '', 'com.bbva.GEMA.global', '{\"app\":\"com.bbva.GEMA.global\",\"audioContentsURI\":\"\",\"bigText\":\"VALENTINA MISHEL FASANANDO PINEDO  te hizo un pago de S/ 4.5\",\"extraInfoText\":\"\",\"groupedMessages\":[],\"icon\":\"\",\"iconLarge\":\"\",\"image\":\"\",\"imageBackgroundURI\":\"\",\"subText\":\"\",\"summaryText\":\"\",\"text\":\"VALENTINA MISHEL FASANANDO PINEDO  te hizo un pago de S/ 4.5\",\"time\":\"1779715633217\",\"title\":\"Cobro con QR\",\"titleBig\":\"\"}', '2026-05-25 13:40:27', NULL),
(371, 'YOVALY TATIANA DE LA', 16.80, 1779712900525, '2026-05-25 07:41:40', 'Cobro con QR', '', 'YOVALY TATIANA DE LA  te hizo un pago de S/ 16.8', 'YOVALY TATIANA DE LA  te hizo un pago de S/ 16.8', '', '', '', 'com.bbva.GEMA.global', '{\"app\":\"com.bbva.GEMA.global\",\"audioContentsURI\":\"\",\"bigText\":\"YOVALY TATIANA DE LA  te hizo un pago de S/ 16.8\",\"extraInfoText\":\"\",\"groupedMessages\":[],\"icon\":\"\",\"iconLarge\":\"\",\"image\":\"\",\"imageBackgroundURI\":\"\",\"subText\":\"\",\"summaryText\":\"\",\"text\":\"YOVALY TATIANA DE LA  te hizo un pago de S/ 16.8\",\"time\":\"1779712900525\",\"title\":\"Cobro con QR\",\"titleBig\":\"\"}', '2026-05-25 13:40:27', NULL),
(372, 'DARIO LACHE CASTILLO', 3.00, 1779717122442, '2026-05-25 08:52:02', 'Cobro con QR', '', 'DARIO LACHE CASTILLO  te hizo un pago de S/ 3.0', 'DARIO LACHE CASTILLO  te hizo un pago de S/ 3.0', '', '', '', 'com.bbva.GEMA.global', '{\"app\":\"com.bbva.GEMA.global\",\"audioContentsURI\":\"\",\"bigText\":\"DARIO LACHE CASTILLO  te hizo un pago de S/ 3.0\",\"extraInfoText\":\"\",\"groupedMessages\":[],\"icon\":\"\",\"iconLarge\":\"\",\"image\":\"\",\"imageBackgroundURI\":\"\",\"subText\":\"\",\"summaryText\":\"\",\"text\":\"DARIO LACHE CASTILLO  te hizo un pago de S/ 3.0\",\"time\":\"1779717122442\",\"title\":\"Cobro con QR\",\"titleBig\":\"\"}', '2026-05-25 13:40:27', NULL),
(373, 'ERICK PIERO CANCHARI ESPINOZA', 20.00, 1779717055610, '2026-05-25 08:50:55', 'Cobro con QR', '', 'ERICK PIERO CANCHARI ESPINOZA  te hizo un pago de S/ 20.0', 'ERICK PIERO CANCHARI ESPINOZA  te hizo un pago de S/ 20.0', '', '', '', 'com.bbva.GEMA.global', '{\"app\":\"com.bbva.GEMA.global\",\"audioContentsURI\":\"\",\"bigText\":\"ERICK PIERO CANCHARI ESPINOZA  te hizo un pago de S/ 20.0\",\"extraInfoText\":\"\",\"groupedMessages\":[],\"icon\":\"\",\"iconLarge\":\"\",\"image\":\"\",\"imageBackgroundURI\":\"\",\"subText\":\"\",\"summaryText\":\"\",\"text\":\"ERICK PIERO CANCHARI ESPINOZA  te hizo un pago de S/ 20.0\",\"time\":\"1779717055610\",\"title\":\"Cobro con QR\",\"titleBig\":\"\"}', '2026-05-25 13:40:27', NULL),
(374, 'JOSE LUIS MARIANO RIVERA', 37.80, 1779717821113, '2026-05-25 09:03:41', 'Cobro con QR', '', 'JOSE LUIS MARIANO RIVERA  te hizo un pago de S/ 37.8', 'JOSE LUIS MARIANO RIVERA  te hizo un pago de S/ 37.8', '', '', '', 'com.bbva.GEMA.global', '{\"app\":\"com.bbva.GEMA.global\",\"audioContentsURI\":\"\",\"bigText\":\"JOSE LUIS MARIANO RIVERA  te hizo un pago de S/ 37.8\",\"extraInfoText\":\"\",\"groupedMessages\":[],\"icon\":\"\",\"iconLarge\":\"\",\"image\":\"\",\"imageBackgroundURI\":\"\",\"subText\":\"\",\"summaryText\":\"\",\"text\":\"JOSE LUIS MARIANO RIVERA  te hizo un pago de S/ 37.8\",\"time\":\"1779717821113\",\"title\":\"Cobro con QR\",\"titleBig\":\"\"}', '2026-05-25 13:40:27', NULL),
(375, 'EVA INES VEGA JAUREGUI', 20.90, 1779721266286, '2026-05-25 10:01:06', 'Cobro con QR', '', 'EVA INES VEGA JAUREGUI  te hizo un pago de S/ 20.9', 'EVA INES VEGA JAUREGUI  te hizo un pago de S/ 20.9', '', '', '', 'com.bbva.GEMA.global', '{\"app\":\"com.bbva.GEMA.global\",\"audioContentsURI\":\"\",\"bigText\":\"EVA INES VEGA JAUREGUI  te hizo un pago de S/ 20.9\",\"extraInfoText\":\"\",\"groupedMessages\":[],\"icon\":\"\",\"iconLarge\":\"\",\"image\":\"\",\"imageBackgroundURI\":\"\",\"subText\":\"\",\"summaryText\":\"\",\"text\":\"EVA INES VEGA JAUREGUI  te hizo un pago de S/ 20.9\",\"time\":\"1779721266286\",\"title\":\"Cobro con QR\",\"titleBig\":\"\"}', '2026-05-25 13:40:28', NULL),
(376, 'YOLANDA RAMIREZ ZAMORA', 11.50, 1779720770399, '2026-05-25 09:52:50', 'Cobro con QR', '', 'YOLANDA RAMIREZ ZAMORA  te hizo un pago de S/ 11.5', 'YOLANDA RAMIREZ ZAMORA  te hizo un pago de S/ 11.5', '', '', '', 'com.bbva.GEMA.global', '{\"app\":\"com.bbva.GEMA.global\",\"audioContentsURI\":\"\",\"bigText\":\"YOLANDA RAMIREZ ZAMORA  te hizo un pago de S/ 11.5\",\"extraInfoText\":\"\",\"groupedMessages\":[],\"icon\":\"\",\"iconLarge\":\"\",\"image\":\"\",\"imageBackgroundURI\":\"\",\"subText\":\"\",\"summaryText\":\"\",\"text\":\"YOLANDA RAMIREZ ZAMORA  te hizo un pago de S/ 11.5\",\"time\":\"1779720770399\",\"title\":\"Cobro con QR\",\"titleBig\":\"\"}', '2026-05-25 13:40:28', NULL),
(377, 'ZONIA FLOR ACUNA RIVA', 9.70, 1779720510584, '2026-05-25 09:48:30', 'Cobro con QR', '', 'ZONIA FLOR ACUNA RIVA  te hizo un pago de S/ 9.7', 'ZONIA FLOR ACUNA RIVA  te hizo un pago de S/ 9.7', '', '', '', 'com.bbva.GEMA.global', '{\"app\":\"com.bbva.GEMA.global\",\"audioContentsURI\":\"\",\"bigText\":\"ZONIA FLOR ACUNA RIVA  te hizo un pago de S/ 9.7\",\"extraInfoText\":\"\",\"groupedMessages\":[],\"icon\":\"\",\"iconLarge\":\"\",\"image\":\"\",\"imageBackgroundURI\":\"\",\"subText\":\"\",\"summaryText\":\"\",\"text\":\"ZONIA FLOR ACUNA RIVA  te hizo un pago de S/ 9.7\",\"time\":\"1779720510584\",\"title\":\"Cobro con QR\",\"titleBig\":\"\"}', '2026-05-25 13:40:28', NULL),
(378, 'YARITZA PEREZ HEREDIA', 4.00, 1779720372187, '2026-05-25 09:46:12', 'Cobro con QR', '', 'YARITZA PEREZ HEREDIA  te hizo un pago de S/ 4.0', 'YARITZA PEREZ HEREDIA  te hizo un pago de S/ 4.0', '', '', '', 'com.bbva.GEMA.global', '{\"app\":\"com.bbva.GEMA.global\",\"audioContentsURI\":\"\",\"bigText\":\"YARITZA PEREZ HEREDIA  te hizo un pago de S/ 4.0\",\"extraInfoText\":\"\",\"groupedMessages\":[],\"icon\":\"\",\"iconLarge\":\"\",\"image\":\"\",\"imageBackgroundURI\":\"\",\"subText\":\"\",\"summaryText\":\"\",\"text\":\"YARITZA PEREZ HEREDIA  te hizo un pago de S/ 4.0\",\"time\":\"1779720372187\",\"title\":\"Cobro con QR\",\"titleBig\":\"\"}', '2026-05-25 13:40:28', NULL),
(379, 'FREYNER ADRIAN RAMIREZ COLMENARES', 10.50, 1779724148310, '2026-05-25 10:49:08', 'Cobro con QR', '', 'FREYNER ADRIAN RAMIREZ COLMENARES  te hizo un pago de S/ 10.5', 'FREYNER ADRIAN RAMIREZ COLMENARES  te hizo un pago de S/ 10.5', '', '', '', 'com.bbva.GEMA.global', '{\"app\":\"com.bbva.GEMA.global\",\"audioContentsURI\":\"\",\"bigText\":\"FREYNER ADRIAN RAMIREZ COLMENARES  te hizo un pago de S/ 10.5\",\"extraInfoText\":\"\",\"groupedMessages\":[],\"icon\":\"\",\"iconLarge\":\"\",\"image\":\"\",\"imageBackgroundURI\":\"\",\"subText\":\"\",\"summaryText\":\"\",\"text\":\"FREYNER ADRIAN RAMIREZ COLMENARES  te hizo un pago de S/ 10.5\",\"time\":\"1779724148310\",\"title\":\"Cobro con QR\",\"titleBig\":\"\"}', '2026-05-25 13:40:28', NULL),
(380, 'GIANMARCO LEONEL MAMANI JAVIER', 15.50, 1779722270933, '2026-05-25 10:17:50', 'Cobro con QR', '', 'GIANMARCO LEONEL MAMANI JAVIER  te hizo un pago de S/ 15.5', 'GIANMARCO LEONEL MAMANI JAVIER  te hizo un pago de S/ 15.5', '', '', '', 'com.bbva.GEMA.global', '{\"app\":\"com.bbva.GEMA.global\",\"audioContentsURI\":\"\",\"bigText\":\"GIANMARCO LEONEL MAMANI JAVIER  te hizo un pago de S/ 15.5\",\"extraInfoText\":\"\",\"groupedMessages\":[],\"icon\":\"\",\"iconLarge\":\"\",\"image\":\"\",\"imageBackgroundURI\":\"\",\"subText\":\"\",\"summaryText\":\"\",\"text\":\"GIANMARCO LEONEL MAMANI JAVIER  te hizo un pago de S/ 15.5\",\"time\":\"1779722270933\",\"title\":\"Cobro con QR\",\"titleBig\":\"\"}', '2026-05-25 13:40:29', NULL),
(381, 'LUIS HUMBERTO OLAZO VARAS', 1.50, 1779725720049, '2026-05-25 11:15:20', 'Cobro con QR', '', 'LUIS HUMBERTO OLAZO VARAS  te hizo un pago de S/ 1.5', 'LUIS HUMBERTO OLAZO VARAS  te hizo un pago de S/ 1.5', '', '', '', 'com.bbva.GEMA.global', '{\"app\":\"com.bbva.GEMA.global\",\"audioContentsURI\":\"\",\"bigText\":\"LUIS HUMBERTO OLAZO VARAS  te hizo un pago de S/ 1.5\",\"extraInfoText\":\"\",\"groupedMessages\":[],\"icon\":\"\",\"iconLarge\":\"\",\"image\":\"\",\"imageBackgroundURI\":\"\",\"subText\":\"\",\"summaryText\":\"\",\"text\":\"LUIS HUMBERTO OLAZO VARAS  te hizo un pago de S/ 1.5\",\"time\":\"1779725720049\",\"title\":\"Cobro con QR\",\"titleBig\":\"\"}', '2026-05-25 13:40:29', NULL),
(382, 'PIERO ALEXIS ANAKIN SALAZAR', 48.70, 1779724997179, '2026-05-25 11:03:17', 'Cobro con QR', '', 'PIERO ALEXIS ANAKIN SALAZAR  te hizo un pago de S/ 48.7', 'PIERO ALEXIS ANAKIN SALAZAR  te hizo un pago de S/ 48.7', '', '', '', 'com.bbva.GEMA.global', '{\"app\":\"com.bbva.GEMA.global\",\"audioContentsURI\":\"\",\"bigText\":\"PIERO ALEXIS ANAKIN SALAZAR  te hizo un pago de S/ 48.7\",\"extraInfoText\":\"\",\"groupedMessages\":[],\"icon\":\"\",\"iconLarge\":\"\",\"image\":\"\",\"imageBackgroundURI\":\"\",\"subText\":\"\",\"summaryText\":\"\",\"text\":\"PIERO ALEXIS ANAKIN SALAZAR  te hizo un pago de S/ 48.7\",\"time\":\"1779724997179\",\"title\":\"Cobro con QR\",\"titleBig\":\"\"}', '2026-05-25 13:40:29', NULL),
(383, 'JESUS JAIME RIVERA FERNANDEZ', 9.00, 1779725727338, '2026-05-25 11:15:27', 'Cobro con QR', '', 'JESUS JAIME RIVERA FERNANDEZ  te hizo un pago de S/ 9.0', 'JESUS JAIME RIVERA FERNANDEZ  te hizo un pago de S/ 9.0', '', '', '', 'com.bbva.GEMA.global', '{\"app\":\"com.bbva.GEMA.global\",\"audioContentsURI\":\"\",\"bigText\":\"JESUS JAIME RIVERA FERNANDEZ  te hizo un pago de S/ 9.0\",\"extraInfoText\":\"\",\"groupedMessages\":[],\"icon\":\"\",\"iconLarge\":\"\",\"image\":\"\",\"imageBackgroundURI\":\"\",\"subText\":\"\",\"summaryText\":\"\",\"text\":\"JESUS JAIME RIVERA FERNANDEZ  te hizo un pago de S/ 9.0\",\"time\":\"1779725727338\",\"title\":\"Cobro con QR\",\"titleBig\":\"\"}', '2026-05-25 13:40:29', NULL),
(384, 'CYNTHIA KAREN PEREZ CARHUAS', 3.00, 1779722661801, '2026-05-25 10:24:21', 'Cobro con QR', '', 'CYNTHIA KAREN PEREZ CARHUAS  te hizo un pago de S/ 3.0', 'CYNTHIA KAREN PEREZ CARHUAS  te hizo un pago de S/ 3.0', '', '', '', 'com.bbva.GEMA.global', '{\"app\":\"com.bbva.GEMA.global\",\"audioContentsURI\":\"\",\"bigText\":\"CYNTHIA KAREN PEREZ CARHUAS  te hizo un pago de S/ 3.0\",\"extraInfoText\":\"\",\"groupedMessages\":[],\"icon\":\"\",\"iconLarge\":\"\",\"image\":\"\",\"imageBackgroundURI\":\"\",\"subText\":\"\",\"summaryText\":\"\",\"text\":\"CYNTHIA KAREN PEREZ CARHUAS  te hizo un pago de S/ 3.0\",\"time\":\"1779722661801\",\"title\":\"Cobro con QR\",\"titleBig\":\"\"}', '2026-05-25 13:40:29', NULL),
(386, 'ANGELICA MARIA VANESSA ROMERO', 3.00, 1779725817553, '2026-05-25 11:16:57', 'Cobro con QR', '', 'ANGELICA MARIA VANESSA ROMERO  te hizo un pago de S/ 3.0', 'ANGELICA MARIA VANESSA ROMERO  te hizo un pago de S/ 3.0', '', '', '', 'com.bbva.GEMA.global', '{\"app\":\"com.bbva.GEMA.global\",\"audioContentsURI\":\"\",\"bigText\":\"ANGELICA MARIA VANESSA ROMERO  te hizo un pago de S/ 3.0\",\"extraInfoText\":\"\",\"groupedMessages\":[],\"icon\":\"\",\"iconLarge\":\"\",\"image\":\"\",\"imageBackgroundURI\":\"\",\"subText\":\"\",\"summaryText\":\"\",\"text\":\"ANGELICA MARIA VANESSA ROMERO  te hizo un pago de S/ 3.0\",\"time\":\"1779725817553\",\"title\":\"Cobro con QR\",\"titleBig\":\"\"}', '2026-05-25 13:40:30', NULL),
(387, 'SILVIA DORIS LOPEZ CALONGOS', 26.80, 1779733799088, '2026-05-25 13:29:59', 'Cobro con QR', '', 'SILVIA DORIS LOPEZ CALONGOS  te hizo un pago de S/ 26.8', 'SILVIA DORIS LOPEZ CALONGOS  te hizo un pago de S/ 26.8', '', '', '', 'com.bbva.GEMA.global', '{\"app\":\"com.bbva.GEMA.global\",\"audioContentsURI\":\"\",\"bigText\":\"SILVIA DORIS LOPEZ CALONGOS  te hizo un pago de S/ 26.8\",\"extraInfoText\":\"\",\"groupedMessages\":[],\"icon\":\"\",\"iconLarge\":\"\",\"image\":\"\",\"imageBackgroundURI\":\"\",\"subText\":\"\",\"summaryText\":\"\",\"text\":\"SILVIA DORIS LOPEZ CALONGOS  te hizo un pago de S/ 26.8\",\"time\":\"1779733799088\",\"title\":\"Cobro con QR\",\"titleBig\":\"\"}', '2026-05-25 14:07:54', NULL),
(388, 'YOLANDA PINEDA APOLAYA', 17.90, 1779730729378, '2026-05-25 12:38:49', 'Cobro con QR', '', 'YOLANDA PINEDA APOLAYA  te hizo un pago de S/ 17.9', 'YOLANDA PINEDA APOLAYA  te hizo un pago de S/ 17.9', '', '', '', 'com.bbva.GEMA.global', '{\"app\":\"com.bbva.GEMA.global\",\"audioContentsURI\":\"\",\"bigText\":\"YOLANDA PINEDA APOLAYA  te hizo un pago de S/ 17.9\",\"extraInfoText\":\"\",\"groupedMessages\":[],\"icon\":\"\",\"iconLarge\":\"\",\"image\":\"\",\"imageBackgroundURI\":\"\",\"subText\":\"\",\"summaryText\":\"\",\"text\":\"YOLANDA PINEDA APOLAYA  te hizo un pago de S/ 17.9\",\"time\":\"1779730729378\",\"title\":\"Cobro con QR\",\"titleBig\":\"\"}', '2026-05-25 14:07:54', NULL),
(389, 'ALICIA MARISOL LINEAN ZANABRIA', 9.90, 1779733353635, '2026-05-25 13:22:33', 'Cobro con QR', '', 'ALICIA MARISOL LINEAN ZANABRIA  te hizo un pago de S/ 9.9', 'ALICIA MARISOL LINEAN ZANABRIA  te hizo un pago de S/ 9.9', '', '', '', 'com.bbva.GEMA.global', '{\"app\":\"com.bbva.GEMA.global\",\"audioContentsURI\":\"\",\"bigText\":\"ALICIA MARISOL LINEAN ZANABRIA  te hizo un pago de S/ 9.9\",\"extraInfoText\":\"\",\"groupedMessages\":[],\"icon\":\"\",\"iconLarge\":\"\",\"image\":\"\",\"imageBackgroundURI\":\"\",\"subText\":\"\",\"summaryText\":\"\",\"text\":\"ALICIA MARISOL LINEAN ZANABRIA  te hizo un pago de S/ 9.9\",\"time\":\"1779733353635\",\"title\":\"Cobro con QR\",\"titleBig\":\"\"}', '2026-05-25 14:07:54', NULL),
(390, 'LIZ DIANA SOBRADO JIMENEZ', 24.90, 1779732475014, '2026-05-25 13:07:55', 'Cobro con QR', '', 'LIZ DIANA SOBRADO JIMENEZ  te hizo un pago de S/ 24.9', 'LIZ DIANA SOBRADO JIMENEZ  te hizo un pago de S/ 24.9', '', '', '', 'com.bbva.GEMA.global', '{\"app\":\"com.bbva.GEMA.global\",\"audioContentsURI\":\"\",\"bigText\":\"LIZ DIANA SOBRADO JIMENEZ  te hizo un pago de S/ 24.9\",\"extraInfoText\":\"\",\"groupedMessages\":[],\"icon\":\"\",\"iconLarge\":\"\",\"image\":\"\",\"imageBackgroundURI\":\"\",\"subText\":\"\",\"summaryText\":\"\",\"text\":\"LIZ DIANA SOBRADO JIMENEZ  te hizo un pago de S/ 24.9\",\"time\":\"1779732475014\",\"title\":\"Cobro con QR\",\"titleBig\":\"\"}', '2026-05-25 14:07:54', NULL),
(391, 'LUZ NAIT VISERRA LOBO', 1.50, 1779731449789, '2026-05-25 12:50:49', 'Cobro con QR', '', 'LUZ NAIT VISERRA LOBO  te hizo un pago de S/ 1.5', 'LUZ NAIT VISERRA LOBO  te hizo un pago de S/ 1.5', '', '', '', 'com.bbva.GEMA.global', '{\"app\":\"com.bbva.GEMA.global\",\"audioContentsURI\":\"\",\"bigText\":\"LUZ NAIT VISERRA LOBO  te hizo un pago de S/ 1.5\",\"extraInfoText\":\"\",\"groupedMessages\":[],\"icon\":\"\",\"iconLarge\":\"\",\"image\":\"\",\"imageBackgroundURI\":\"\",\"subText\":\"\",\"summaryText\":\"\",\"text\":\"LUZ NAIT VISERRA LOBO  te hizo un pago de S/ 1.5\",\"time\":\"1779731449789\",\"title\":\"Cobro con QR\",\"titleBig\":\"\"}', '2026-05-25 14:07:54', NULL),
(392, 'JONATHAN FREDY BAUTISTA SARMIENTO', 3.00, 1779727309376, '2026-05-25 11:41:49', 'Cobro con QR', '', 'JONATHAN FREDY BAUTISTA SARMIENTO  te hizo un pago de S/ 3.0', 'JONATHAN FREDY BAUTISTA SARMIENTO  te hizo un pago de S/ 3.0', '', '', '', 'com.bbva.GEMA.global', '{\"app\":\"com.bbva.GEMA.global\",\"audioContentsURI\":\"\",\"bigText\":\"JONATHAN FREDY BAUTISTA SARMIENTO  te hizo un pago de S/ 3.0\",\"extraInfoText\":\"\",\"groupedMessages\":[],\"icon\":\"\",\"iconLarge\":\"\",\"image\":\"\",\"imageBackgroundURI\":\"\",\"subText\":\"\",\"summaryText\":\"\",\"text\":\"JONATHAN FREDY BAUTISTA SARMIENTO  te hizo un pago de S/ 3.0\",\"time\":\"1779727309376\",\"title\":\"Cobro con QR\",\"titleBig\":\"\"}', '2026-05-25 14:07:55', NULL),
(393, 'LIZ DIANA SOBRADO JIMENEZ', 26.90, 1779732559700, '2026-05-25 13:09:19', 'Cobro con QR', '', 'LIZ DIANA SOBRADO JIMENEZ  te hizo un pago de S/ 26.9', 'LIZ DIANA SOBRADO JIMENEZ  te hizo un pago de S/ 26.9', '', '', '', 'com.bbva.GEMA.global', '{\"app\":\"com.bbva.GEMA.global\",\"audioContentsURI\":\"\",\"bigText\":\"LIZ DIANA SOBRADO JIMENEZ  te hizo un pago de S/ 26.9\",\"extraInfoText\":\"\",\"groupedMessages\":[],\"icon\":\"\",\"iconLarge\":\"\",\"image\":\"\",\"imageBackgroundURI\":\"\",\"subText\":\"\",\"summaryText\":\"\",\"text\":\"LIZ DIANA SOBRADO JIMENEZ  te hizo un pago de S/ 26.9\",\"time\":\"1779732559700\",\"title\":\"Cobro con QR\",\"titleBig\":\"\"}', '2026-05-25 14:07:55', NULL),
(394, 'YOLANDA PINEDA APOLAYA', 20.90, 1779730528096, '2026-05-25 12:35:28', 'Cobro con QR', '', 'YOLANDA PINEDA APOLAYA  te hizo un pago de S/ 20.9', 'YOLANDA PINEDA APOLAYA  te hizo un pago de S/ 20.9', '', '', '', 'com.bbva.GEMA.global', '{\"app\":\"com.bbva.GEMA.global\",\"audioContentsURI\":\"\",\"bigText\":\"YOLANDA PINEDA APOLAYA  te hizo un pago de S/ 20.9\",\"extraInfoText\":\"\",\"groupedMessages\":[],\"icon\":\"\",\"iconLarge\":\"\",\"image\":\"\",\"imageBackgroundURI\":\"\",\"subText\":\"\",\"summaryText\":\"\",\"text\":\"YOLANDA PINEDA APOLAYA  te hizo un pago de S/ 20.9\",\"time\":\"1779730528096\",\"title\":\"Cobro con QR\",\"titleBig\":\"\"}', '2026-05-25 14:07:55', NULL),
(395, 'ANDREA PAOLA AMARO HERRERA', 3.50, 1779734421632, '2026-05-25 13:40:21', 'Cobro con QR', '', 'ANDREA PAOLA AMARO HERRERA  te hizo un pago de S/ 3.5', 'ANDREA PAOLA AMARO HERRERA  te hizo un pago de S/ 3.5', '', '', '', 'com.bbva.GEMA.global', '{\"app\":\"com.bbva.GEMA.global\",\"audioContentsURI\":\"\",\"bigText\":\"ANDREA PAOLA AMARO HERRERA  te hizo un pago de S/ 3.5\",\"extraInfoText\":\"\",\"groupedMessages\":[],\"icon\":\"\",\"iconLarge\":\"\",\"image\":\"\",\"imageBackgroundURI\":\"\",\"subText\":\"\",\"summaryText\":\"\",\"text\":\"ANDREA PAOLA AMARO HERRERA  te hizo un pago de S/ 3.5\",\"time\":\"1779734421632\",\"title\":\"Cobro con QR\",\"titleBig\":\"\"}', '2026-05-25 14:07:55', NULL),
(396, 'JONATHAN FREDY BAUTISTA SARMIENTO', 14.00, 1779726962158, '2026-05-25 11:36:02', 'Cobro con QR', '', 'JONATHAN FREDY BAUTISTA SARMIENTO  te hizo un pago de S/ 14.0', 'JONATHAN FREDY BAUTISTA SARMIENTO  te hizo un pago de S/ 14.0', '', '', '', 'com.bbva.GEMA.global', '{\"app\":\"com.bbva.GEMA.global\",\"audioContentsURI\":\"\",\"bigText\":\"JONATHAN FREDY BAUTISTA SARMIENTO  te hizo un pago de S/ 14.0\",\"extraInfoText\":\"\",\"groupedMessages\":[],\"icon\":\"\",\"iconLarge\":\"\",\"image\":\"\",\"imageBackgroundURI\":\"\",\"subText\":\"\",\"summaryText\":\"\",\"text\":\"JONATHAN FREDY BAUTISTA SARMIENTO  te hizo un pago de S/ 14.0\",\"time\":\"1779726962158\",\"title\":\"Cobro con QR\",\"titleBig\":\"\"}', '2026-05-25 14:07:55', NULL),
(397, 'JAQUELINE MARIANELA TORRES CHANCO', 16.50, 1779736071171, '2026-05-25 14:07:51', 'Cobro con QR', '', 'JAQUELINE MARIANELA TORRES CHANCO  te hizo un pago de S/ 16.5', 'JAQUELINE MARIANELA TORRES CHANCO  te hizo un pago de S/ 16.5', '', '', '', 'com.bbva.GEMA.global', '{\"app\":\"com.bbva.GEMA.global\",\"audioContentsURI\":\"\",\"bigText\":\"JAQUELINE MARIANELA TORRES CHANCO  te hizo un pago de S/ 16.5\",\"extraInfoText\":\"\",\"groupedMessages\":[],\"icon\":\"\",\"iconLarge\":\"\",\"image\":\"\",\"imageBackgroundURI\":\"\",\"subText\":\"\",\"summaryText\":\"\",\"text\":\"JAQUELINE MARIANELA TORRES CHANCO  te hizo un pago de S/ 16.5\",\"time\":\"1779736071171\",\"title\":\"Cobro con QR\",\"titleBig\":\"\"}', '2026-05-25 14:07:59', NULL),
(398, 'ALVARO CELIN MAZA AGUILAR', 18.00, 1779737992482, '2026-05-25 14:39:52', 'Cobro con QR', '', 'ALVARO CELIN MAZA AGUILAR  te hizo un pago de S/ 18.0', 'ALVARO CELIN MAZA AGUILAR  te hizo un pago de S/ 18.0', '', '', '', 'com.bbva.GEMA.global', '{\"app\":\"com.bbva.GEMA.global\",\"audioContentsURI\":\"\",\"bigText\":\"ALVARO CELIN MAZA AGUILAR  te hizo un pago de S/ 18.0\",\"extraInfoText\":\"\",\"groupedMessages\":[],\"icon\":\"\",\"iconLarge\":\"\",\"image\":\"\",\"imageBackgroundURI\":\"\",\"subText\":\"\",\"summaryText\":\"\",\"text\":\"ALVARO CELIN MAZA AGUILAR  te hizo un pago de S/ 18.0\",\"time\":\"1779737992482\",\"title\":\"Cobro con QR\",\"titleBig\":\"\"}', '2026-05-25 14:50:08', NULL),
(407, 'KAREN LIZBETH MARTINEZ ENCINA', 50.00, 1779738404551, '2026-05-25 14:46:44', 'Cobro con QR', '', 'KAREN LIZBETH MARTINEZ ENCINA  te hizo un pago de S/ 50.0', 'KAREN LIZBETH MARTINEZ ENCINA  te hizo un pago de S/ 50.0', '', '', '', 'com.bbva.GEMA.global', '{\"app\":\"com.bbva.GEMA.global\",\"audioContentsURI\":\"\",\"bigText\":\"KAREN LIZBETH MARTINEZ ENCINA  te hizo un pago de S/ 50.0\",\"extraInfoText\":\"\",\"groupedMessages\":[],\"icon\":\"\",\"iconLarge\":\"\",\"image\":\"\",\"imageBackgroundURI\":\"\",\"subText\":\"\",\"summaryText\":\"\",\"text\":\"KAREN LIZBETH MARTINEZ ENCINA  te hizo un pago de S/ 50.0\",\"time\":\"1779738404551\",\"title\":\"Cobro con QR\",\"titleBig\":\"\"}', '2026-05-25 15:37:47', NULL),
(408, 'DANY DAVID CHARCA QUISPE', 12.90, 1779741224370, '2026-05-25 15:33:44', 'Cobro con QR', '', 'DANY DAVID CHARCA QUISPE  te hizo un pago de S/ 12.9', 'DANY DAVID CHARCA QUISPE  te hizo un pago de S/ 12.9', '', '', '', 'com.bbva.GEMA.global', '{\"app\":\"com.bbva.GEMA.global\",\"audioContentsURI\":\"\",\"bigText\":\"DANY DAVID CHARCA QUISPE  te hizo un pago de S/ 12.9\",\"extraInfoText\":\"\",\"groupedMessages\":[],\"icon\":\"\",\"iconLarge\":\"\",\"image\":\"\",\"imageBackgroundURI\":\"\",\"subText\":\"\",\"summaryText\":\"\",\"text\":\"DANY DAVID CHARCA QUISPE  te hizo un pago de S/ 12.9\",\"time\":\"1779741224370\",\"title\":\"Cobro con QR\",\"titleBig\":\"\"}', '2026-05-25 15:37:47', NULL),
(409, 'NEFTALI FACUNDO PENA', 10.00, 1779739745469, '2026-05-25 15:09:05', 'Cobro con QR', '', 'NEFTALI FACUNDO PENA  te hizo un pago de S/ 10.0', 'NEFTALI FACUNDO PENA  te hizo un pago de S/ 10.0', '', '', '', 'com.bbva.GEMA.global', '{\"app\":\"com.bbva.GEMA.global\",\"audioContentsURI\":\"\",\"bigText\":\"NEFTALI FACUNDO PENA  te hizo un pago de S/ 10.0\",\"extraInfoText\":\"\",\"groupedMessages\":[],\"icon\":\"\",\"iconLarge\":\"\",\"image\":\"\",\"imageBackgroundURI\":\"\",\"subText\":\"\",\"summaryText\":\"\",\"text\":\"NEFTALI FACUNDO PENA  te hizo un pago de S/ 10.0\",\"time\":\"1779739745469\",\"title\":\"Cobro con QR\",\"titleBig\":\"\"}', '2026-05-25 15:37:48', NULL),
(410, 'JOSE TRIVINOS SALCEDO', 5.00, 1779740445842, '2026-05-25 15:20:45', 'Cobro con QR', '', 'JOSE TRIVINOS SALCEDO  te hizo un pago de S/ 5.0', 'JOSE TRIVINOS SALCEDO  te hizo un pago de S/ 5.0', '', '', '', 'com.bbva.GEMA.global', '{\"app\":\"com.bbva.GEMA.global\",\"audioContentsURI\":\"\",\"bigText\":\"JOSE TRIVINOS SALCEDO  te hizo un pago de S/ 5.0\",\"extraInfoText\":\"\",\"groupedMessages\":[],\"icon\":\"\",\"iconLarge\":\"\",\"image\":\"\",\"imageBackgroundURI\":\"\",\"subText\":\"\",\"summaryText\":\"\",\"text\":\"JOSE TRIVINOS SALCEDO  te hizo un pago de S/ 5.0\",\"time\":\"1779740445842\",\"title\":\"Cobro con QR\",\"titleBig\":\"\"}', '2026-05-25 15:37:48', NULL),
(411, 'DIGNA MAGALLY BANCES CASTILLO', 5.30, 1779740339145, '2026-05-25 15:18:59', 'Cobro con QR', '', 'DIGNA MAGALLY BANCES CASTILLO  te hizo un pago de S/ 5.3', 'DIGNA MAGALLY BANCES CASTILLO  te hizo un pago de S/ 5.3', '', '', '', 'com.bbva.GEMA.global', '{\"app\":\"com.bbva.GEMA.global\",\"audioContentsURI\":\"\",\"bigText\":\"DIGNA MAGALLY BANCES CASTILLO  te hizo un pago de S/ 5.3\",\"extraInfoText\":\"\",\"groupedMessages\":[],\"icon\":\"\",\"iconLarge\":\"\",\"image\":\"\",\"imageBackgroundURI\":\"\",\"subText\":\"\",\"summaryText\":\"\",\"text\":\"DIGNA MAGALLY BANCES CASTILLO  te hizo un pago de S/ 5.3\",\"time\":\"1779740339145\",\"title\":\"Cobro con QR\",\"titleBig\":\"\"}', '2026-05-25 15:37:48', NULL),
(412, 'CARMEN JAQUELINE ALFARO GAVIDIA', 59.90, 1779741445397, '2026-05-25 15:37:25', 'Cobro con QR', '', 'CARMEN JAQUELINE ALFARO GAVIDIA  te hizo un pago de S/ 59.9', 'CARMEN JAQUELINE ALFARO GAVIDIA  te hizo un pago de S/ 59.9', '', '', '', 'com.bbva.GEMA.global', '{\"app\":\"com.bbva.GEMA.global\",\"audioContentsURI\":\"\",\"bigText\":\"CARMEN JAQUELINE ALFARO GAVIDIA  te hizo un pago de S/ 59.9\",\"extraInfoText\":\"\",\"groupedMessages\":[],\"icon\":\"\",\"iconLarge\":\"\",\"image\":\"\",\"imageBackgroundURI\":\"\",\"subText\":\"\",\"summaryText\":\"\",\"text\":\"CARMEN JAQUELINE ALFARO GAVIDIA  te hizo un pago de S/ 59.9\",\"time\":\"1779741445397\",\"title\":\"Cobro con QR\",\"titleBig\":\"\"}', '2026-05-25 15:37:48', NULL);
INSERT INTO `pagos_bbva` (`id`, `cliente`, `monto`, `timestamp_notif`, `fecha_notif`, `titulo`, `titulo_big`, `texto`, `texto_big`, `subtexto`, `texto_extra`, `texto_resumen`, `app_origen`, `raw`, `recibido_en`, `sesion_plin_id`) VALUES
(422, 'VICTOR HUGO NAMO TORRES', 6.00, 1779744417533, '2026-05-25 16:26:57', 'Cobro con QR', '', 'VICTOR HUGO NAMO TORRES  te hizo un pago de S/ 6.0', 'VICTOR HUGO NAMO TORRES  te hizo un pago de S/ 6.0', '', '', '', 'com.bbva.GEMA.global', '{\"app\":\"com.bbva.GEMA.global\",\"audioContentsURI\":\"\",\"bigText\":\"VICTOR HUGO NAMO TORRES  te hizo un pago de S/ 6.0\",\"extraInfoText\":\"\",\"groupedMessages\":[],\"icon\":\"\",\"iconLarge\":\"\",\"image\":\"\",\"imageBackgroundURI\":\"\",\"subText\":\"\",\"summaryText\":\"\",\"text\":\"VICTOR HUGO NAMO TORRES  te hizo un pago de S/ 6.0\",\"time\":\"1779744417533\",\"title\":\"Cobro con QR\",\"titleBig\":\"\"}', '2026-05-25 20:47:57', NULL),
(423, 'KLEVER ABILIO MENDOZA VALDIZAN', 7.00, 1779744947715, '2026-05-25 16:35:47', 'Cobro con QR', '', 'KLEVER ABILIO MENDOZA VALDIZAN  te hizo un pago de S/ 7.0', 'KLEVER ABILIO MENDOZA VALDIZAN  te hizo un pago de S/ 7.0', '', '', '', 'com.bbva.GEMA.global', '{\"app\":\"com.bbva.GEMA.global\",\"audioContentsURI\":\"\",\"bigText\":\"KLEVER ABILIO MENDOZA VALDIZAN  te hizo un pago de S/ 7.0\",\"extraInfoText\":\"\",\"groupedMessages\":[],\"icon\":\"\",\"iconLarge\":\"\",\"image\":\"\",\"imageBackgroundURI\":\"\",\"subText\":\"\",\"summaryText\":\"\",\"text\":\"KLEVER ABILIO MENDOZA VALDIZAN  te hizo un pago de S/ 7.0\",\"time\":\"1779744947715\",\"title\":\"Cobro con QR\",\"titleBig\":\"\"}', '2026-05-25 20:47:57', NULL),
(424, 'MORISON SAC', 15.00, 1779742051216, '2026-05-25 15:47:31', 'Cobro con QR', '', 'MORISON SAC  te hizo un pago de S/ 15.0', 'MORISON SAC  te hizo un pago de S/ 15.0', '', '', '', 'com.bbva.GEMA.global', '{\"app\":\"com.bbva.GEMA.global\",\"audioContentsURI\":\"\",\"bigText\":\"MORISON SAC  te hizo un pago de S/ 15.0\",\"extraInfoText\":\"\",\"groupedMessages\":[],\"icon\":\"\",\"iconLarge\":\"\",\"image\":\"\",\"imageBackgroundURI\":\"\",\"subText\":\"\",\"summaryText\":\"\",\"text\":\"MORISON SAC  te hizo un pago de S/ 15.0\",\"time\":\"1779742051216\",\"title\":\"Cobro con QR\",\"titleBig\":\"\"}', '2026-05-25 20:47:57', NULL),
(425, 'ELSA ABANTO SANCHEZ', 25.90, 1779742060471, '2026-05-25 15:47:40', 'Cobro con QR', '', 'ELSA ABANTO SANCHEZ  te hizo un pago de S/ 25.9', 'ELSA ABANTO SANCHEZ  te hizo un pago de S/ 25.9', '', '', '', 'com.bbva.GEMA.global', '{\"app\":\"com.bbva.GEMA.global\",\"audioContentsURI\":\"\",\"bigText\":\"ELSA ABANTO SANCHEZ  te hizo un pago de S/ 25.9\",\"extraInfoText\":\"\",\"groupedMessages\":[],\"icon\":\"\",\"iconLarge\":\"\",\"image\":\"\",\"imageBackgroundURI\":\"\",\"subText\":\"\",\"summaryText\":\"\",\"text\":\"ELSA ABANTO SANCHEZ  te hizo un pago de S/ 25.9\",\"time\":\"1779742060471\",\"title\":\"Cobro con QR\",\"titleBig\":\"\"}', '2026-05-25 20:47:57', NULL),
(426, 'REYNALDO QUISPE GONZALES', 17.50, 1779743116897, '2026-05-25 16:05:16', 'Cobro con QR', '', 'REYNALDO QUISPE GONZALES  te hizo un pago de S/ 17.5', 'REYNALDO QUISPE GONZALES  te hizo un pago de S/ 17.5', '', '', '', 'com.bbva.GEMA.global', '{\"app\":\"com.bbva.GEMA.global\",\"audioContentsURI\":\"\",\"bigText\":\"REYNALDO QUISPE GONZALES  te hizo un pago de S/ 17.5\",\"extraInfoText\":\"\",\"groupedMessages\":[],\"icon\":\"\",\"iconLarge\":\"\",\"image\":\"\",\"imageBackgroundURI\":\"\",\"subText\":\"\",\"summaryText\":\"\",\"text\":\"REYNALDO QUISPE GONZALES  te hizo un pago de S/ 17.5\",\"time\":\"1779743116897\",\"title\":\"Cobro con QR\",\"titleBig\":\"\"}', '2026-05-25 20:47:57', NULL),
(427, 'ALEXANDER JOSEPH FLORES YAURI', 100.00, 1779745226130, '2026-05-25 16:40:26', 'Cobro con QR', '', 'ALEXANDER JOSEPH FLORES YAURI  te hizo un pago de S/ 100.0', 'ALEXANDER JOSEPH FLORES YAURI  te hizo un pago de S/ 100.0', '', '', '', 'com.bbva.GEMA.global', '{\"app\":\"com.bbva.GEMA.global\",\"audioContentsURI\":\"\",\"bigText\":\"ALEXANDER JOSEPH FLORES YAURI  te hizo un pago de S/ 100.0\",\"extraInfoText\":\"\",\"groupedMessages\":[],\"icon\":\"\",\"iconLarge\":\"\",\"image\":\"\",\"imageBackgroundURI\":\"\",\"subText\":\"\",\"summaryText\":\"\",\"text\":\"ALEXANDER JOSEPH FLORES YAURI  te hizo un pago de S/ 100.0\",\"time\":\"1779745226130\",\"title\":\"Cobro con QR\",\"titleBig\":\"\"}', '2026-05-25 20:47:58', NULL),
(428, 'ATENAS DALILA BRICENO ALCANTARA', 22.00, 1779744907085, '2026-05-25 16:35:07', 'Cobro con QR', '', 'ATENAS DALILA BRICENO ALCANTARA  te hizo un pago de S/ 22.0', 'ATENAS DALILA BRICENO ALCANTARA  te hizo un pago de S/ 22.0', '', '', '', 'com.bbva.GEMA.global', '{\"app\":\"com.bbva.GEMA.global\",\"audioContentsURI\":\"\",\"bigText\":\"ATENAS DALILA BRICENO ALCANTARA  te hizo un pago de S/ 22.0\",\"extraInfoText\":\"\",\"groupedMessages\":[],\"icon\":\"\",\"iconLarge\":\"\",\"image\":\"\",\"imageBackgroundURI\":\"\",\"subText\":\"\",\"summaryText\":\"\",\"text\":\"ATENAS DALILA BRICENO ALCANTARA  te hizo un pago de S/ 22.0\",\"time\":\"1779744907085\",\"title\":\"Cobro con QR\",\"titleBig\":\"\"}', '2026-05-25 20:47:58', NULL),
(429, 'TEOFILO ROQUE ROMERO TORRES', 34.20, 1779745032797, '2026-05-25 16:37:12', 'Cobro con QR', '', 'TEOFILO ROQUE ROMERO TORRES  te hizo un pago de S/ 34.2', 'TEOFILO ROQUE ROMERO TORRES  te hizo un pago de S/ 34.2', '', '', '', 'com.bbva.GEMA.global', '{\"app\":\"com.bbva.GEMA.global\",\"audioContentsURI\":\"\",\"bigText\":\"TEOFILO ROQUE ROMERO TORRES  te hizo un pago de S/ 34.2\",\"extraInfoText\":\"\",\"groupedMessages\":[],\"icon\":\"\",\"iconLarge\":\"\",\"image\":\"\",\"imageBackgroundURI\":\"\",\"subText\":\"\",\"summaryText\":\"\",\"text\":\"TEOFILO ROQUE ROMERO TORRES  te hizo un pago de S/ 34.2\",\"time\":\"1779745032797\",\"title\":\"Cobro con QR\",\"titleBig\":\"\"}', '2026-05-25 20:47:58', NULL),
(430, 'MOISES JAIME ESPINOZA ACOSTA', 16.20, 1779745798072, '2026-05-25 16:49:58', 'Cobro con QR', '', 'MOISES JAIME ESPINOZA ACOSTA  te hizo un pago de S/ 16.2', 'MOISES JAIME ESPINOZA ACOSTA  te hizo un pago de S/ 16.2', '', '', '', 'com.bbva.GEMA.global', '{\"app\":\"com.bbva.GEMA.global\",\"audioContentsURI\":\"\",\"bigText\":\"MOISES JAIME ESPINOZA ACOSTA  te hizo un pago de S/ 16.2\",\"extraInfoText\":\"\",\"groupedMessages\":[],\"icon\":\"\",\"iconLarge\":\"\",\"image\":\"\",\"imageBackgroundURI\":\"\",\"subText\":\"\",\"summaryText\":\"\",\"text\":\"MOISES JAIME ESPINOZA ACOSTA  te hizo un pago de S/ 16.2\",\"time\":\"1779745798072\",\"title\":\"Cobro con QR\",\"titleBig\":\"\"}', '2026-05-25 20:47:58', NULL),
(431, 'CINTHYA ABIGAIL MEDINA CHAVEZ', 2.00, 1779746820267, '2026-05-25 17:07:00', 'Cobro con QR', '', 'CINTHYA ABIGAIL MEDINA CHAVEZ  te hizo un pago de S/ 2.0', 'CINTHYA ABIGAIL MEDINA CHAVEZ  te hizo un pago de S/ 2.0', '', '', '', 'com.bbva.GEMA.global', '{\"app\":\"com.bbva.GEMA.global\",\"audioContentsURI\":\"\",\"bigText\":\"CINTHYA ABIGAIL MEDINA CHAVEZ  te hizo un pago de S/ 2.0\",\"extraInfoText\":\"\",\"groupedMessages\":[],\"icon\":\"\",\"iconLarge\":\"\",\"image\":\"\",\"imageBackgroundURI\":\"\",\"subText\":\"\",\"summaryText\":\"\",\"text\":\"CINTHYA ABIGAIL MEDINA CHAVEZ  te hizo un pago de S/ 2.0\",\"time\":\"1779746820267\",\"title\":\"Cobro con QR\",\"titleBig\":\"\"}', '2026-05-25 21:42:52', NULL),
(432, 'KATHERINE VICTORIA VARONA LAVADO', 22.50, 1779759045800, '2026-05-25 20:30:45', 'Cobro con QR', '', 'KATHERINE VICTORIA VARONA LAVADO  te hizo un pago de S/ 22.5', 'KATHERINE VICTORIA VARONA LAVADO  te hizo un pago de S/ 22.5', '', '', '', 'com.bbva.GEMA.global', '{\"app\":\"com.bbva.GEMA.global\",\"audioContentsURI\":\"\",\"bigText\":\"KATHERINE VICTORIA VARONA LAVADO  te hizo un pago de S/ 22.5\",\"extraInfoText\":\"\",\"groupedMessages\":[],\"icon\":\"\",\"iconLarge\":\"\",\"image\":\"\",\"imageBackgroundURI\":\"\",\"subText\":\"\",\"summaryText\":\"\",\"text\":\"KATHERINE VICTORIA VARONA LAVADO  te hizo un pago de S/ 22.5\",\"time\":\"1779759045800\",\"title\":\"Cobro con QR\",\"titleBig\":\"\"}', '2026-05-25 21:42:52', NULL),
(433, 'MIRIAM DORIS LEON CASTILLO', 56.30, 1779747152239, '2026-05-25 17:12:32', 'Cobro con QR', '', 'MIRIAM DORIS LEON CASTILLO  te hizo un pago de S/ 56.3', 'MIRIAM DORIS LEON CASTILLO  te hizo un pago de S/ 56.3', '', '', '', 'com.bbva.GEMA.global', '{\"app\":\"com.bbva.GEMA.global\",\"audioContentsURI\":\"\",\"bigText\":\"MIRIAM DORIS LEON CASTILLO  te hizo un pago de S/ 56.3\",\"extraInfoText\":\"\",\"groupedMessages\":[],\"icon\":\"\",\"iconLarge\":\"\",\"image\":\"\",\"imageBackgroundURI\":\"\",\"subText\":\"\",\"summaryText\":\"\",\"text\":\"MIRIAM DORIS LEON CASTILLO  te hizo un pago de S/ 56.3\",\"time\":\"1779747152239\",\"title\":\"Cobro con QR\",\"titleBig\":\"\"}', '2026-05-25 21:42:52', NULL),
(434, 'SUSY NOELY RODRIGUEZ GUZMAN', 7.00, 1779746376749, '2026-05-25 16:59:36', 'Cobro con QR', '', 'SUSY NOELY RODRIGUEZ GUZMAN  te hizo un pago de S/ 7.0', 'SUSY NOELY RODRIGUEZ GUZMAN  te hizo un pago de S/ 7.0', '', '', '', 'com.bbva.GEMA.global', '{\"app\":\"com.bbva.GEMA.global\",\"audioContentsURI\":\"\",\"bigText\":\"SUSY NOELY RODRIGUEZ GUZMAN  te hizo un pago de S/ 7.0\",\"extraInfoText\":\"\",\"groupedMessages\":[],\"icon\":\"\",\"iconLarge\":\"\",\"image\":\"\",\"imageBackgroundURI\":\"\",\"subText\":\"\",\"summaryText\":\"\",\"text\":\"SUSY NOELY RODRIGUEZ GUZMAN  te hizo un pago de S/ 7.0\",\"time\":\"1779746376749\",\"title\":\"Cobro con QR\",\"titleBig\":\"\"}', '2026-05-25 21:42:52', NULL),
(435, 'OLINDA CANO NOLASCO', 22.50, 1779746982384, '2026-05-25 17:09:42', 'Cobro con QR', '', 'OLINDA CANO NOLASCO  te hizo un pago de S/ 22.5', 'OLINDA CANO NOLASCO  te hizo un pago de S/ 22.5', '', '', '', 'com.bbva.GEMA.global', '{\"app\":\"com.bbva.GEMA.global\",\"audioContentsURI\":\"\",\"bigText\":\"OLINDA CANO NOLASCO  te hizo un pago de S/ 22.5\",\"extraInfoText\":\"\",\"groupedMessages\":[],\"icon\":\"\",\"iconLarge\":\"\",\"image\":\"\",\"imageBackgroundURI\":\"\",\"subText\":\"\",\"summaryText\":\"\",\"text\":\"OLINDA CANO NOLASCO  te hizo un pago de S/ 22.5\",\"time\":\"1779746982384\",\"title\":\"Cobro con QR\",\"titleBig\":\"\"}', '2026-05-25 21:42:52', NULL),
(436, 'JANET ANGELICA HUAMAN MOSCOSO', 54.00, 1779747576650, '2026-05-25 17:19:36', 'Cobro con QR', '', 'JANET ANGELICA HUAMAN MOSCOSO  te hizo un pago de S/ 54.0', 'JANET ANGELICA HUAMAN MOSCOSO  te hizo un pago de S/ 54.0', '', '', '', 'com.bbva.GEMA.global', '{\"app\":\"com.bbva.GEMA.global\",\"audioContentsURI\":\"\",\"bigText\":\"JANET ANGELICA HUAMAN MOSCOSO  te hizo un pago de S/ 54.0\",\"extraInfoText\":\"\",\"groupedMessages\":[],\"icon\":\"\",\"iconLarge\":\"\",\"image\":\"\",\"imageBackgroundURI\":\"\",\"subText\":\"\",\"summaryText\":\"\",\"text\":\"JANET ANGELICA HUAMAN MOSCOSO  te hizo un pago de S/ 54.0\",\"time\":\"1779747576650\",\"title\":\"Cobro con QR\",\"titleBig\":\"\"}', '2026-05-25 21:42:53', NULL),
(437, 'YASMIN AURORA YANGUA MARTINEZ', 45.80, 1779747759540, '2026-05-25 17:22:39', 'Cobro con QR', '', 'YASMIN AURORA YANGUA MARTINEZ  te hizo un pago de S/ 45.8', 'YASMIN AURORA YANGUA MARTINEZ  te hizo un pago de S/ 45.8', '', '', '', 'com.bbva.GEMA.global', '{\"app\":\"com.bbva.GEMA.global\",\"audioContentsURI\":\"\",\"bigText\":\"YASMIN AURORA YANGUA MARTINEZ  te hizo un pago de S/ 45.8\",\"extraInfoText\":\"\",\"groupedMessages\":[],\"icon\":\"\",\"iconLarge\":\"\",\"image\":\"\",\"imageBackgroundURI\":\"\",\"subText\":\"\",\"summaryText\":\"\",\"text\":\"YASMIN AURORA YANGUA MARTINEZ  te hizo un pago de S/ 45.8\",\"time\":\"1779747759540\",\"title\":\"Cobro con QR\",\"titleBig\":\"\"}', '2026-05-25 21:42:53', NULL),
(438, 'JAVIER ARMANDO HIDALGO RODRIGUEZ', 5.00, 1779749300729, '2026-05-25 17:48:20', 'Cobro con QR', '', 'JAVIER ARMANDO HIDALGO RODRIGUEZ  te hizo un pago de S/ 5.0', 'JAVIER ARMANDO HIDALGO RODRIGUEZ  te hizo un pago de S/ 5.0', '', '', '', 'com.bbva.GEMA.global', '{\"app\":\"com.bbva.GEMA.global\",\"audioContentsURI\":\"\",\"bigText\":\"JAVIER ARMANDO HIDALGO RODRIGUEZ  te hizo un pago de S/ 5.0\",\"extraInfoText\":\"\",\"groupedMessages\":[],\"icon\":\"\",\"iconLarge\":\"\",\"image\":\"\",\"imageBackgroundURI\":\"\",\"subText\":\"\",\"summaryText\":\"\",\"text\":\"JAVIER ARMANDO HIDALGO RODRIGUEZ  te hizo un pago de S/ 5.0\",\"time\":\"1779749300729\",\"title\":\"Cobro con QR\",\"titleBig\":\"\"}', '2026-05-25 21:42:53', NULL),
(439, 'SILVIA PATRICIA MORON DIAZ', 4.50, 1779749818423, '2026-05-25 17:56:58', 'Cobro con QR', '', 'SILVIA PATRICIA MORON DIAZ  te hizo un pago de S/ 4.5', 'SILVIA PATRICIA MORON DIAZ  te hizo un pago de S/ 4.5', '', '', '', 'com.bbva.GEMA.global', '{\"app\":\"com.bbva.GEMA.global\",\"audioContentsURI\":\"\",\"bigText\":\"SILVIA PATRICIA MORON DIAZ  te hizo un pago de S/ 4.5\",\"extraInfoText\":\"\",\"groupedMessages\":[],\"icon\":\"\",\"iconLarge\":\"\",\"image\":\"\",\"imageBackgroundURI\":\"\",\"subText\":\"\",\"summaryText\":\"\",\"text\":\"SILVIA PATRICIA MORON DIAZ  te hizo un pago de S/ 4.5\",\"time\":\"1779749818423\",\"title\":\"Cobro con QR\",\"titleBig\":\"\"}', '2026-05-25 21:42:53', NULL),
(440, 'ISABEL MARIN CARUAJULCA', 13.30, 1779746166410, '2026-05-25 16:56:06', 'Cobro con QR', '', 'ISABEL MARIN CARUAJULCA  te hizo un pago de S/ 13.3', 'ISABEL MARIN CARUAJULCA  te hizo un pago de S/ 13.3', '', '', '', 'com.bbva.GEMA.global', '{\"app\":\"com.bbva.GEMA.global\",\"audioContentsURI\":\"\",\"bigText\":\"ISABEL MARIN CARUAJULCA  te hizo un pago de S/ 13.3\",\"extraInfoText\":\"\",\"groupedMessages\":[],\"icon\":\"\",\"iconLarge\":\"\",\"image\":\"\",\"imageBackgroundURI\":\"\",\"subText\":\"\",\"summaryText\":\"\",\"text\":\"ISABEL MARIN CARUAJULCA  te hizo un pago de S/ 13.3\",\"time\":\"1779746166410\",\"title\":\"Cobro con QR\",\"titleBig\":\"\"}', '2026-05-25 21:42:53', NULL),
(441, 'JIOVANNA GONZALES MONTES', 19.00, 1779751256792, '2026-05-25 18:20:56', 'Cobro con QR', '', 'JIOVANNA GONZALES MONTES  te hizo un pago de S/ 19.0', 'JIOVANNA GONZALES MONTES  te hizo un pago de S/ 19.0', '', '', '', 'com.bbva.GEMA.global', '{\"app\":\"com.bbva.GEMA.global\",\"audioContentsURI\":\"\",\"bigText\":\"JIOVANNA GONZALES MONTES  te hizo un pago de S/ 19.0\",\"extraInfoText\":\"\",\"groupedMessages\":[],\"icon\":\"\",\"iconLarge\":\"\",\"image\":\"\",\"imageBackgroundURI\":\"\",\"subText\":\"\",\"summaryText\":\"\",\"text\":\"JIOVANNA GONZALES MONTES  te hizo un pago de S/ 19.0\",\"time\":\"1779751256792\",\"title\":\"Cobro con QR\",\"titleBig\":\"\"}', '2026-05-25 21:42:54', NULL),
(442, 'RONNY JOSE GONZALEZ NN', 10.90, 1779749863682, '2026-05-25 17:57:43', 'Cobro con QR', '', 'RONNY JOSE GONZALEZ NN  te hizo un pago de S/ 10.9', 'RONNY JOSE GONZALEZ NN  te hizo un pago de S/ 10.9', '', '', '', 'com.bbva.GEMA.global', '{\"app\":\"com.bbva.GEMA.global\",\"audioContentsURI\":\"\",\"bigText\":\"RONNY JOSE GONZALEZ NN  te hizo un pago de S/ 10.9\",\"extraInfoText\":\"\",\"groupedMessages\":[],\"icon\":\"\",\"iconLarge\":\"\",\"image\":\"\",\"imageBackgroundURI\":\"\",\"subText\":\"\",\"summaryText\":\"\",\"text\":\"RONNY JOSE GONZALEZ NN  te hizo un pago de S/ 10.9\",\"time\":\"1779749863682\",\"title\":\"Cobro con QR\",\"titleBig\":\"\"}', '2026-05-25 21:42:54', NULL),
(443, 'FRANCISCO MARTIN CHUNGA FIESTAS', 9.70, 1779749551597, '2026-05-25 17:52:31', 'Cobro con QR', '', 'FRANCISCO MARTIN CHUNGA FIESTAS  te hizo un pago de S/ 9.7', 'FRANCISCO MARTIN CHUNGA FIESTAS  te hizo un pago de S/ 9.7', '', '', '', 'com.bbva.GEMA.global', '{\"app\":\"com.bbva.GEMA.global\",\"audioContentsURI\":\"\",\"bigText\":\"FRANCISCO MARTIN CHUNGA FIESTAS  te hizo un pago de S/ 9.7\",\"extraInfoText\":\"\",\"groupedMessages\":[],\"icon\":\"\",\"iconLarge\":\"\",\"image\":\"\",\"imageBackgroundURI\":\"\",\"subText\":\"\",\"summaryText\":\"\",\"text\":\"FRANCISCO MARTIN CHUNGA FIESTAS  te hizo un pago de S/ 9.7\",\"time\":\"1779749551597\",\"title\":\"Cobro con QR\",\"titleBig\":\"\"}', '2026-05-25 21:42:54', NULL),
(444, 'RUTH PRISCILA DAHUA DE', 18.00, 1779751623217, '2026-05-25 18:27:03', 'Cobro con QR', '', 'RUTH PRISCILA DAHUA DE  te hizo un pago de S/ 18.0', 'RUTH PRISCILA DAHUA DE  te hizo un pago de S/ 18.0', '', '', '', 'com.bbva.GEMA.global', '{\"app\":\"com.bbva.GEMA.global\",\"audioContentsURI\":\"\",\"bigText\":\"RUTH PRISCILA DAHUA DE  te hizo un pago de S/ 18.0\",\"extraInfoText\":\"\",\"groupedMessages\":[],\"icon\":\"\",\"iconLarge\":\"\",\"image\":\"\",\"imageBackgroundURI\":\"\",\"subText\":\"\",\"summaryText\":\"\",\"text\":\"RUTH PRISCILA DAHUA DE  te hizo un pago de S/ 18.0\",\"time\":\"1779751623217\",\"title\":\"Cobro con QR\",\"titleBig\":\"\"}', '2026-05-25 21:42:54', NULL),
(445, 'YOVALY TATIANA DE LA', 5.30, 1779751323009, '2026-05-25 18:22:03', 'Cobro con QR', '', 'YOVALY TATIANA DE LA  te hizo un pago de S/ 5.3', 'YOVALY TATIANA DE LA  te hizo un pago de S/ 5.3', '', '', '', 'com.bbva.GEMA.global', '{\"app\":\"com.bbva.GEMA.global\",\"audioContentsURI\":\"\",\"bigText\":\"YOVALY TATIANA DE LA  te hizo un pago de S/ 5.3\",\"extraInfoText\":\"\",\"groupedMessages\":[],\"icon\":\"\",\"iconLarge\":\"\",\"image\":\"\",\"imageBackgroundURI\":\"\",\"subText\":\"\",\"summaryText\":\"\",\"text\":\"YOVALY TATIANA DE LA  te hizo un pago de S/ 5.3\",\"time\":\"1779751323009\",\"title\":\"Cobro con QR\",\"titleBig\":\"\"}', '2026-05-25 21:42:54', NULL),
(446, 'JIOVANNA GONZALES MONTES', 1.00, 1779751510588, '2026-05-25 18:25:10', 'Cobro con QR', '', 'JIOVANNA GONZALES MONTES  te hizo un pago de S/ 1.0', 'JIOVANNA GONZALES MONTES  te hizo un pago de S/ 1.0', '', '', '', 'com.bbva.GEMA.global', '{\"app\":\"com.bbva.GEMA.global\",\"audioContentsURI\":\"\",\"bigText\":\"JIOVANNA GONZALES MONTES  te hizo un pago de S/ 1.0\",\"extraInfoText\":\"\",\"groupedMessages\":[],\"icon\":\"\",\"iconLarge\":\"\",\"image\":\"\",\"imageBackgroundURI\":\"\",\"subText\":\"\",\"summaryText\":\"\",\"text\":\"JIOVANNA GONZALES MONTES  te hizo un pago de S/ 1.0\",\"time\":\"1779751510588\",\"title\":\"Cobro con QR\",\"titleBig\":\"\"}', '2026-05-25 21:42:55', NULL),
(447, 'MILY NEYSI CRUZ MUNICO', 99.90, 1779750132062, '2026-05-25 18:02:12', 'Cobro con QR', '', 'MILY NEYSI CRUZ MUNICO  te hizo un pago de S/ 99.9', 'MILY NEYSI CRUZ MUNICO  te hizo un pago de S/ 99.9', '', '', '', 'com.bbva.GEMA.global', '{\"app\":\"com.bbva.GEMA.global\",\"audioContentsURI\":\"\",\"bigText\":\"MILY NEYSI CRUZ MUNICO  te hizo un pago de S/ 99.9\",\"extraInfoText\":\"\",\"groupedMessages\":[],\"icon\":\"\",\"iconLarge\":\"\",\"image\":\"\",\"imageBackgroundURI\":\"\",\"subText\":\"\",\"summaryText\":\"\",\"text\":\"MILY NEYSI CRUZ MUNICO  te hizo un pago de S/ 99.9\",\"time\":\"1779750132062\",\"title\":\"Cobro con QR\",\"titleBig\":\"\"}', '2026-05-25 21:42:55', NULL),
(448, 'CHARLY MICHEL PAULINO PALACIOS', 2.80, 1779752505031, '2026-05-25 18:41:45', 'Cobro con QR', '', 'CHARLY MICHEL PAULINO PALACIOS  te hizo un pago de S/ 2.8', 'CHARLY MICHEL PAULINO PALACIOS  te hizo un pago de S/ 2.8', '', '', '', 'com.bbva.GEMA.global', '{\"app\":\"com.bbva.GEMA.global\",\"audioContentsURI\":\"\",\"bigText\":\"CHARLY MICHEL PAULINO PALACIOS  te hizo un pago de S/ 2.8\",\"extraInfoText\":\"\",\"groupedMessages\":[],\"icon\":\"\",\"iconLarge\":\"\",\"image\":\"\",\"imageBackgroundURI\":\"\",\"subText\":\"\",\"summaryText\":\"\",\"text\":\"CHARLY MICHEL PAULINO PALACIOS  te hizo un pago de S/ 2.8\",\"time\":\"1779752505031\",\"title\":\"Cobro con QR\",\"titleBig\":\"\"}', '2026-05-25 21:42:55', NULL),
(449, 'KATHERINNE DIANA MAYLLE QUISPE', 24.90, 1779751221059, '2026-05-25 18:20:21', 'Cobro con QR', '', 'KATHERINNE DIANA MAYLLE QUISPE  te hizo un pago de S/ 24.9', 'KATHERINNE DIANA MAYLLE QUISPE  te hizo un pago de S/ 24.9', '', '', '', 'com.bbva.GEMA.global', '{\"app\":\"com.bbva.GEMA.global\",\"audioContentsURI\":\"\",\"bigText\":\"KATHERINNE DIANA MAYLLE QUISPE  te hizo un pago de S/ 24.9\",\"extraInfoText\":\"\",\"groupedMessages\":[],\"icon\":\"\",\"iconLarge\":\"\",\"image\":\"\",\"imageBackgroundURI\":\"\",\"subText\":\"\",\"summaryText\":\"\",\"text\":\"KATHERINNE DIANA MAYLLE QUISPE  te hizo un pago de S/ 24.9\",\"time\":\"1779751221059\",\"title\":\"Cobro con QR\",\"titleBig\":\"\"}', '2026-05-25 21:42:55', NULL),
(450, 'MARIA ISABEL SANCHEZ SANCHEZ', 8.50, 1779753271827, '2026-05-25 18:54:31', 'Cobro con QR', '', 'MARIA ISABEL SANCHEZ SANCHEZ  te hizo un pago de S/ 8.5', 'MARIA ISABEL SANCHEZ SANCHEZ  te hizo un pago de S/ 8.5', '', '', '', 'com.bbva.GEMA.global', '{\"app\":\"com.bbva.GEMA.global\",\"audioContentsURI\":\"\",\"bigText\":\"MARIA ISABEL SANCHEZ SANCHEZ  te hizo un pago de S/ 8.5\",\"extraInfoText\":\"\",\"groupedMessages\":[],\"icon\":\"\",\"iconLarge\":\"\",\"image\":\"\",\"imageBackgroundURI\":\"\",\"subText\":\"\",\"summaryText\":\"\",\"text\":\"MARIA ISABEL SANCHEZ SANCHEZ  te hizo un pago de S/ 8.5\",\"time\":\"1779753271827\",\"title\":\"Cobro con QR\",\"titleBig\":\"\"}', '2026-05-25 21:42:55', NULL),
(451, 'YOVALY TATIANA DE LA', 5.30, 1779751804085, '2026-05-25 18:30:04', 'Cobro con QR', '', 'YOVALY TATIANA DE LA  te hizo un pago de S/ 5.3', 'YOVALY TATIANA DE LA  te hizo un pago de S/ 5.3', '', '', '', 'com.bbva.GEMA.global', '{\"app\":\"com.bbva.GEMA.global\",\"audioContentsURI\":\"\",\"bigText\":\"YOVALY TATIANA DE LA  te hizo un pago de S/ 5.3\",\"extraInfoText\":\"\",\"groupedMessages\":[],\"icon\":\"\",\"iconLarge\":\"\",\"image\":\"\",\"imageBackgroundURI\":\"\",\"subText\":\"\",\"summaryText\":\"\",\"text\":\"YOVALY TATIANA DE LA  te hizo un pago de S/ 5.3\",\"time\":\"1779751804085\",\"title\":\"Cobro con QR\",\"titleBig\":\"\"}', '2026-05-25 21:42:56', NULL),
(452, 'YENE TEOFILA LAZARO ZARATE', 14.60, 1779752514106, '2026-05-25 18:41:54', 'Cobro con QR', '', 'YENE TEOFILA LAZARO ZARATE  te hizo un pago de S/ 14.6', 'YENE TEOFILA LAZARO ZARATE  te hizo un pago de S/ 14.6', '', '', '', 'com.bbva.GEMA.global', '{\"app\":\"com.bbva.GEMA.global\",\"audioContentsURI\":\"\",\"bigText\":\"YENE TEOFILA LAZARO ZARATE  te hizo un pago de S/ 14.6\",\"extraInfoText\":\"\",\"groupedMessages\":[],\"icon\":\"\",\"iconLarge\":\"\",\"image\":\"\",\"imageBackgroundURI\":\"\",\"subText\":\"\",\"summaryText\":\"\",\"text\":\"YENE TEOFILA LAZARO ZARATE  te hizo un pago de S/ 14.6\",\"time\":\"1779752514106\",\"title\":\"Cobro con QR\",\"titleBig\":\"\"}', '2026-05-25 21:42:56', NULL),
(453, 'CARLOS CHAVEZ CRUZ', 18.10, 1779753398301, '2026-05-25 18:56:38', 'Cobro con QR', '', 'CARLOS CHAVEZ CRUZ te hizo un pago de S/ 18.1', 'CARLOS CHAVEZ CRUZ te hizo un pago de S/ 18.1', '', '', '', 'com.bbva.GEMA.global', '{\"app\":\"com.bbva.GEMA.global\",\"audioContentsURI\":\"\",\"bigText\":\"CARLOS CHAVEZ CRUZ te hizo un pago de S/ 18.1\",\"extraInfoText\":\"\",\"groupedMessages\":[],\"icon\":\"\",\"iconLarge\":\"\",\"image\":\"\",\"imageBackgroundURI\":\"\",\"subText\":\"\",\"summaryText\":\"\",\"text\":\"CARLOS CHAVEZ CRUZ te hizo un pago de S/ 18.1\",\"time\":\"1779753398301\",\"title\":\"Cobro con QR\",\"titleBig\":\"\"}', '2026-05-25 21:42:56', NULL),
(454, 'MARIA ISABEL SANCHEZ SANCHEZ', 22.50, 1779753179631, '2026-05-25 18:52:59', 'Cobro con QR', '', 'MARIA ISABEL SANCHEZ SANCHEZ  te hizo un pago de S/ 22.5', 'MARIA ISABEL SANCHEZ SANCHEZ  te hizo un pago de S/ 22.5', '', '', '', 'com.bbva.GEMA.global', '{\"app\":\"com.bbva.GEMA.global\",\"audioContentsURI\":\"\",\"bigText\":\"MARIA ISABEL SANCHEZ SANCHEZ  te hizo un pago de S/ 22.5\",\"extraInfoText\":\"\",\"groupedMessages\":[],\"icon\":\"\",\"iconLarge\":\"\",\"image\":\"\",\"imageBackgroundURI\":\"\",\"subText\":\"\",\"summaryText\":\"\",\"text\":\"MARIA ISABEL SANCHEZ SANCHEZ  te hizo un pago de S/ 22.5\",\"time\":\"1779753179631\",\"title\":\"Cobro con QR\",\"titleBig\":\"\"}', '2026-05-25 21:42:56', NULL),
(455, 'DEYSI NICOLL ELIZABETH GUEVARA', 3.00, 1779755018860, '2026-05-25 19:23:38', 'Cobro con QR', '', 'DEYSI NICOLL ELIZABETH GUEVARA  te hizo un pago de S/ 3.0', 'DEYSI NICOLL ELIZABETH GUEVARA  te hizo un pago de S/ 3.0', '', '', '', 'com.bbva.GEMA.global', '{\"app\":\"com.bbva.GEMA.global\",\"audioContentsURI\":\"\",\"bigText\":\"DEYSI NICOLL ELIZABETH GUEVARA  te hizo un pago de S/ 3.0\",\"extraInfoText\":\"\",\"groupedMessages\":[],\"icon\":\"\",\"iconLarge\":\"\",\"image\":\"\",\"imageBackgroundURI\":\"\",\"subText\":\"\",\"summaryText\":\"\",\"text\":\"DEYSI NICOLL ELIZABETH GUEVARA  te hizo un pago de S/ 3.0\",\"time\":\"1779755018860\",\"title\":\"Cobro con QR\",\"titleBig\":\"\"}', '2026-05-25 21:42:56', NULL),
(456, 'RAYZA NAYSHA ZORRILLA CASTANEDA', 34.40, 1779753924216, '2026-05-25 19:05:24', 'Cobro con QR', '', 'RAYZA NAYSHA ZORRILLA CASTANEDA  te hizo un pago de S/ 34.4', 'RAYZA NAYSHA ZORRILLA CASTANEDA  te hizo un pago de S/ 34.4', '', '', '', 'com.bbva.GEMA.global', '{\"app\":\"com.bbva.GEMA.global\",\"audioContentsURI\":\"\",\"bigText\":\"RAYZA NAYSHA ZORRILLA CASTANEDA  te hizo un pago de S/ 34.4\",\"extraInfoText\":\"\",\"groupedMessages\":[],\"icon\":\"\",\"iconLarge\":\"\",\"image\":\"\",\"imageBackgroundURI\":\"\",\"subText\":\"\",\"summaryText\":\"\",\"text\":\"RAYZA NAYSHA ZORRILLA CASTANEDA  te hizo un pago de S/ 34.4\",\"time\":\"1779753924216\",\"title\":\"Cobro con QR\",\"titleBig\":\"\"}', '2026-05-25 21:42:57', NULL),
(457, 'ARMENJO CALVAY SANTOS', 14.40, 1779755050589, '2026-05-25 19:24:10', 'Cobro con QR', '', 'ARMENJO CALVAY SANTOS  te hizo un pago de S/ 14.4', 'ARMENJO CALVAY SANTOS  te hizo un pago de S/ 14.4', '', '', '', 'com.bbva.GEMA.global', '{\"app\":\"com.bbva.GEMA.global\",\"audioContentsURI\":\"\",\"bigText\":\"ARMENJO CALVAY SANTOS  te hizo un pago de S/ 14.4\",\"extraInfoText\":\"\",\"groupedMessages\":[],\"icon\":\"\",\"iconLarge\":\"\",\"image\":\"\",\"imageBackgroundURI\":\"\",\"subText\":\"\",\"summaryText\":\"\",\"text\":\"ARMENJO CALVAY SANTOS  te hizo un pago de S/ 14.4\",\"time\":\"1779755050589\",\"title\":\"Cobro con QR\",\"titleBig\":\"\"}', '2026-05-25 21:42:57', NULL),
(458, 'JONATHAN LOZANO PECEROS', 5.40, 1779756967074, '2026-05-25 19:56:07', 'Cobro con QR', '', 'JONATHAN LOZANO PECEROS  te hizo un pago de S/ 5.4', 'JONATHAN LOZANO PECEROS  te hizo un pago de S/ 5.4', '', '', '', 'com.bbva.GEMA.global', '{\"app\":\"com.bbva.GEMA.global\",\"audioContentsURI\":\"\",\"bigText\":\"JONATHAN LOZANO PECEROS  te hizo un pago de S/ 5.4\",\"extraInfoText\":\"\",\"groupedMessages\":[],\"icon\":\"\",\"iconLarge\":\"\",\"image\":\"\",\"imageBackgroundURI\":\"\",\"subText\":\"\",\"summaryText\":\"\",\"text\":\"JONATHAN LOZANO PECEROS  te hizo un pago de S/ 5.4\",\"time\":\"1779756967074\",\"title\":\"Cobro con QR\",\"titleBig\":\"\"}', '2026-05-25 21:42:57', NULL),
(459, 'OLIVER ECHABAUTIS PARIONA', 63.00, 1779754598100, '2026-05-25 19:16:38', 'Cobro con QR', '', 'OLIVER ECHABAUTIS PARIONA te hizo un pago de S/ 63.0', 'OLIVER ECHABAUTIS PARIONA te hizo un pago de S/ 63.0', '', '', '', 'com.bbva.GEMA.global', '{\"app\":\"com.bbva.GEMA.global\",\"audioContentsURI\":\"\",\"bigText\":\"OLIVER ECHABAUTIS PARIONA te hizo un pago de S/ 63.0\",\"extraInfoText\":\"\",\"groupedMessages\":[],\"icon\":\"\",\"iconLarge\":\"\",\"image\":\"\",\"imageBackgroundURI\":\"\",\"subText\":\"\",\"summaryText\":\"\",\"text\":\"OLIVER ECHABAUTIS PARIONA te hizo un pago de S/ 63.0\",\"time\":\"1779754598100\",\"title\":\"Cobro con QR\",\"titleBig\":\"\"}', '2026-05-25 21:42:57', NULL),
(460, 'KELLY JANNETH LIMAY ARCE', 7.00, 1779756700581, '2026-05-25 19:51:40', 'Cobro con QR', '', 'KELLY JANNETH LIMAY ARCE  te hizo un pago de S/ 7.0', 'KELLY JANNETH LIMAY ARCE  te hizo un pago de S/ 7.0', '', '', '', 'com.bbva.GEMA.global', '{\"app\":\"com.bbva.GEMA.global\",\"audioContentsURI\":\"\",\"bigText\":\"KELLY JANNETH LIMAY ARCE  te hizo un pago de S/ 7.0\",\"extraInfoText\":\"\",\"groupedMessages\":[],\"icon\":\"\",\"iconLarge\":\"\",\"image\":\"\",\"imageBackgroundURI\":\"\",\"subText\":\"\",\"summaryText\":\"\",\"text\":\"KELLY JANNETH LIMAY ARCE  te hizo un pago de S/ 7.0\",\"time\":\"1779756700581\",\"title\":\"Cobro con QR\",\"titleBig\":\"\"}', '2026-05-25 21:42:57', NULL),
(461, 'LAURA ESTRADA PENALOZA', 3.00, 1779756073030, '2026-05-25 19:41:13', 'Cobro con QR', '', 'LAURA ESTRADA PENALOZA  te hizo un pago de S/ 3.0', 'LAURA ESTRADA PENALOZA  te hizo un pago de S/ 3.0', '', '', '', 'com.bbva.GEMA.global', '{\"app\":\"com.bbva.GEMA.global\",\"audioContentsURI\":\"\",\"bigText\":\"LAURA ESTRADA PENALOZA  te hizo un pago de S/ 3.0\",\"extraInfoText\":\"\",\"groupedMessages\":[],\"icon\":\"\",\"iconLarge\":\"\",\"image\":\"\",\"imageBackgroundURI\":\"\",\"subText\":\"\",\"summaryText\":\"\",\"text\":\"LAURA ESTRADA PENALOZA  te hizo un pago de S/ 3.0\",\"time\":\"1779756073030\",\"title\":\"Cobro con QR\",\"titleBig\":\"\"}', '2026-05-25 21:42:58', NULL),
(462, 'SILVIA DORIS LOPEZ CALONGOS', 15.00, 1779757787949, '2026-05-25 20:09:47', 'Cobro con QR', '', 'SILVIA DORIS LOPEZ CALONGOS  te hizo un pago de S/ 15.0', 'SILVIA DORIS LOPEZ CALONGOS  te hizo un pago de S/ 15.0', '', '', '', 'com.bbva.GEMA.global', '{\"app\":\"com.bbva.GEMA.global\",\"audioContentsURI\":\"\",\"bigText\":\"SILVIA DORIS LOPEZ CALONGOS  te hizo un pago de S/ 15.0\",\"extraInfoText\":\"\",\"groupedMessages\":[],\"icon\":\"\",\"iconLarge\":\"\",\"image\":\"\",\"imageBackgroundURI\":\"\",\"subText\":\"\",\"summaryText\":\"\",\"text\":\"SILVIA DORIS LOPEZ CALONGOS  te hizo un pago de S/ 15.0\",\"time\":\"1779757787949\",\"title\":\"Cobro con QR\",\"titleBig\":\"\"}', '2026-05-25 21:42:58', NULL),
(463, 'VLADIMIR ESQUIVEL PRADO', 9.00, 1779758898526, '2026-05-25 20:28:18', 'Cobro con QR', '', 'VLADIMIR ESQUIVEL PRADO  te hizo un pago de S/ 9.0', 'VLADIMIR ESQUIVEL PRADO  te hizo un pago de S/ 9.0', '', '', '', 'com.bbva.GEMA.global', '{\"app\":\"com.bbva.GEMA.global\",\"audioContentsURI\":\"\",\"bigText\":\"VLADIMIR ESQUIVEL PRADO  te hizo un pago de S/ 9.0\",\"extraInfoText\":\"\",\"groupedMessages\":[],\"icon\":\"\",\"iconLarge\":\"\",\"image\":\"\",\"imageBackgroundURI\":\"\",\"subText\":\"\",\"summaryText\":\"\",\"text\":\"VLADIMIR ESQUIVEL PRADO  te hizo un pago de S/ 9.0\",\"time\":\"1779758898526\",\"title\":\"Cobro con QR\",\"titleBig\":\"\"}', '2026-05-25 21:42:58', NULL),
(464, 'HERNAN SALGADO AYMA', 8.00, 1779757125989, '2026-05-25 19:58:45', 'Cobro con QR', '', 'HERNAN SALGADO AYMA  te hizo un pago de S/ 8.0', 'HERNAN SALGADO AYMA  te hizo un pago de S/ 8.0', '', '', '', 'com.bbva.GEMA.global', '{\"app\":\"com.bbva.GEMA.global\",\"audioContentsURI\":\"\",\"bigText\":\"HERNAN SALGADO AYMA  te hizo un pago de S/ 8.0\",\"extraInfoText\":\"\",\"groupedMessages\":[],\"icon\":\"\",\"iconLarge\":\"\",\"image\":\"\",\"imageBackgroundURI\":\"\",\"subText\":\"\",\"summaryText\":\"\",\"text\":\"HERNAN SALGADO AYMA  te hizo un pago de S/ 8.0\",\"time\":\"1779757125989\",\"title\":\"Cobro con QR\",\"titleBig\":\"\"}', '2026-05-25 21:42:58', NULL),
(465, 'GUILLERMO VALVERDE VALERA', 35.70, 1779759710395, '2026-05-25 20:41:50', 'Cobro con QR', '', 'GUILLERMO VALVERDE VALERA  te hizo un pago de S/ 35.7', 'GUILLERMO VALVERDE VALERA  te hizo un pago de S/ 35.7', '', '', '', 'com.bbva.GEMA.global', '{\"app\":\"com.bbva.GEMA.global\",\"audioContentsURI\":\"\",\"bigText\":\"GUILLERMO VALVERDE VALERA  te hizo un pago de S/ 35.7\",\"extraInfoText\":\"\",\"groupedMessages\":[],\"icon\":\"\",\"iconLarge\":\"\",\"image\":\"\",\"imageBackgroundURI\":\"\",\"subText\":\"\",\"summaryText\":\"\",\"text\":\"GUILLERMO VALVERDE VALERA  te hizo un pago de S/ 35.7\",\"time\":\"1779759710395\",\"title\":\"Cobro con QR\",\"titleBig\":\"\"}', '2026-05-25 21:42:58', NULL),
(466, 'MIRIAN TTITO SULLCA', 20.90, 1779758509057, '2026-05-25 20:21:49', 'Cobro con QR', '', 'MIRIAN TTITO SULLCA  te hizo un pago de S/ 20.9', 'MIRIAN TTITO SULLCA  te hizo un pago de S/ 20.9', '', '', '', 'com.bbva.GEMA.global', '{\"app\":\"com.bbva.GEMA.global\",\"audioContentsURI\":\"\",\"bigText\":\"MIRIAN TTITO SULLCA  te hizo un pago de S/ 20.9\",\"extraInfoText\":\"\",\"groupedMessages\":[],\"icon\":\"\",\"iconLarge\":\"\",\"image\":\"\",\"imageBackgroundURI\":\"\",\"subText\":\"\",\"summaryText\":\"\",\"text\":\"MIRIAN TTITO SULLCA  te hizo un pago de S/ 20.9\",\"time\":\"1779758509057\",\"title\":\"Cobro con QR\",\"titleBig\":\"\"}', '2026-05-25 21:42:59', NULL),
(467, 'KATHERINE VICTORIA VARONA LAVADO', 7.50, 1779758881041, '2026-05-25 20:28:01', 'Cobro con QR', '', 'KATHERINE VICTORIA VARONA LAVADO  te hizo un pago de S/ 7.5', 'KATHERINE VICTORIA VARONA LAVADO  te hizo un pago de S/ 7.5', '', '', '', 'com.bbva.GEMA.global', '{\"app\":\"com.bbva.GEMA.global\",\"audioContentsURI\":\"\",\"bigText\":\"KATHERINE VICTORIA VARONA LAVADO  te hizo un pago de S/ 7.5\",\"extraInfoText\":\"\",\"groupedMessages\":[],\"icon\":\"\",\"iconLarge\":\"\",\"image\":\"\",\"imageBackgroundURI\":\"\",\"subText\":\"\",\"summaryText\":\"\",\"text\":\"KATHERINE VICTORIA VARONA LAVADO  te hizo un pago de S/ 7.5\",\"time\":\"1779758881041\",\"title\":\"Cobro con QR\",\"titleBig\":\"\"}', '2026-05-25 21:42:59', NULL),
(469, 'ERIKA EMPERATRIZ RAMOS CASTRO', 17.20, 1779760070555, '2026-05-25 20:47:50', 'Cobro con QR', '', 'ERIKA EMPERATRIZ RAMOS CASTRO  te hizo un pago de S/ 17.2', 'ERIKA EMPERATRIZ RAMOS CASTRO  te hizo un pago de S/ 17.2', '', '', '', 'com.bbva.GEMA.global', '{\"app\":\"com.bbva.GEMA.global\",\"audioContentsURI\":\"\",\"bigText\":\"ERIKA EMPERATRIZ RAMOS CASTRO  te hizo un pago de S/ 17.2\",\"extraInfoText\":\"\",\"groupedMessages\":[],\"icon\":\"\",\"iconLarge\":\"\",\"image\":\"\",\"imageBackgroundURI\":\"\",\"subText\":\"\",\"summaryText\":\"\",\"text\":\"ERIKA EMPERATRIZ RAMOS CASTRO  te hizo un pago de S/ 17.2\",\"time\":\"1779760070555\",\"title\":\"Cobro con QR\",\"titleBig\":\"\"}', '2026-05-25 21:42:59', NULL),
(474, 'DUSAN CCARAMPA LEON', 40.90, 1779760509095, '2026-05-25 20:55:09', 'Cobro con QR', '', 'DUSAN CCARAMPA LEON te hizo un pago de S/ 40.9', 'DUSAN CCARAMPA LEON te hizo un pago de S/ 40.9', '', '', '', 'com.bbva.GEMA.global', '{\"app\":\"com.bbva.GEMA.global\",\"audioContentsURI\":\"\",\"bigText\":\"DUSAN CCARAMPA LEON te hizo un pago de S/ 40.9\",\"extraInfoText\":\"\",\"groupedMessages\":[],\"icon\":\"\",\"iconLarge\":\"\",\"image\":\"\",\"imageBackgroundURI\":\"\",\"subText\":\"\",\"summaryText\":\"\",\"text\":\"DUSAN CCARAMPA LEON te hizo un pago de S/ 40.9\",\"time\":\"1779760509095\",\"title\":\"Cobro con QR\",\"titleBig\":\"\"}', '2026-05-25 21:43:00', NULL),
(475, 'ANDIMANDRA GASTELU BOCANEGRA', 4.50, 1779760110271, '2026-05-25 20:48:30', 'Cobro con QR', '', 'ANDIMANDRA GASTELU BOCANEGRA  te hizo un pago de S/ 4.5', 'ANDIMANDRA GASTELU BOCANEGRA  te hizo un pago de S/ 4.5', '', '', '', 'com.bbva.GEMA.global', '{\"app\":\"com.bbva.GEMA.global\",\"audioContentsURI\":\"\",\"bigText\":\"ANDIMANDRA GASTELU BOCANEGRA  te hizo un pago de S/ 4.5\",\"extraInfoText\":\"\",\"groupedMessages\":[],\"icon\":\"\",\"iconLarge\":\"\",\"image\":\"\",\"imageBackgroundURI\":\"\",\"subText\":\"\",\"summaryText\":\"\",\"text\":\"ANDIMANDRA GASTELU BOCANEGRA  te hizo un pago de S/ 4.5\",\"time\":\"1779760110271\",\"title\":\"Cobro con QR\",\"titleBig\":\"\"}', '2026-05-25 21:43:00', NULL),
(476, 'CARMEN CELIA VALENZUELA PAZ', 19.40, 1779760907268, '2026-05-25 21:01:47', 'Cobro con QR', '', 'CARMEN CELIA VALENZUELA PAZ  te hizo un pago de S/ 19.4', 'CARMEN CELIA VALENZUELA PAZ  te hizo un pago de S/ 19.4', '', '', '', 'com.bbva.GEMA.global', '{\"app\":\"com.bbva.GEMA.global\",\"audioContentsURI\":\"\",\"bigText\":\"CARMEN CELIA VALENZUELA PAZ  te hizo un pago de S/ 19.4\",\"extraInfoText\":\"\",\"groupedMessages\":[],\"icon\":\"\",\"iconLarge\":\"\",\"image\":\"\",\"imageBackgroundURI\":\"\",\"subText\":\"\",\"summaryText\":\"\",\"text\":\"CARMEN CELIA VALENZUELA PAZ  te hizo un pago de S/ 19.4\",\"time\":\"1779760907268\",\"title\":\"Cobro con QR\",\"titleBig\":\"\"}', '2026-05-25 21:43:00', NULL),
(477, 'CARMEN CELIA VALENZUELA PAZ', 2.50, 1779760963275, '2026-05-25 21:02:43', 'Cobro con QR', '', 'CARMEN CELIA VALENZUELA PAZ  te hizo un pago de S/ 2.5', 'CARMEN CELIA VALENZUELA PAZ  te hizo un pago de S/ 2.5', '', '', '', 'com.bbva.GEMA.global', '{\"app\":\"com.bbva.GEMA.global\",\"audioContentsURI\":\"\",\"bigText\":\"CARMEN CELIA VALENZUELA PAZ  te hizo un pago de S/ 2.5\",\"extraInfoText\":\"\",\"groupedMessages\":[],\"icon\":\"\",\"iconLarge\":\"\",\"image\":\"\",\"imageBackgroundURI\":\"\",\"subText\":\"\",\"summaryText\":\"\",\"text\":\"CARMEN CELIA VALENZUELA PAZ  te hizo un pago de S/ 2.5\",\"time\":\"1779760963275\",\"title\":\"Cobro con QR\",\"titleBig\":\"\"}', '2026-05-25 21:43:01', NULL),
(478, 'FANY YADIRA BENITES NIQUIN', 5.00, 1779761682027, '2026-05-25 21:14:42', 'Cobro con QR', '', 'FANY YADIRA BENITES NIQUIN  te hizo un pago de S/ 5.0', 'FANY YADIRA BENITES NIQUIN  te hizo un pago de S/ 5.0', '', '', '', 'com.bbva.GEMA.global', '{\"app\":\"com.bbva.GEMA.global\",\"audioContentsURI\":\"\",\"bigText\":\"FANY YADIRA BENITES NIQUIN  te hizo un pago de S/ 5.0\",\"extraInfoText\":\"\",\"groupedMessages\":[],\"icon\":\"\",\"iconLarge\":\"\",\"image\":\"\",\"imageBackgroundURI\":\"\",\"subText\":\"\",\"summaryText\":\"\",\"text\":\"FANY YADIRA BENITES NIQUIN  te hizo un pago de S/ 5.0\",\"time\":\"1779761682027\",\"title\":\"Cobro con QR\",\"titleBig\":\"\"}', '2026-05-25 21:43:01', NULL),
(479, 'SAMEERA AISHWARYA LARA CHAMBERGO', 11.80, 1779761398567, '2026-05-25 21:09:58', 'Cobro con QR', '', 'SAMEERA AISHWARYA LARA CHAMBERGO  te hizo un pago de S/ 11.8', 'SAMEERA AISHWARYA LARA CHAMBERGO  te hizo un pago de S/ 11.8', '', '', '', 'com.bbva.GEMA.global', '{\"app\":\"com.bbva.GEMA.global\",\"audioContentsURI\":\"\",\"bigText\":\"SAMEERA AISHWARYA LARA CHAMBERGO  te hizo un pago de S/ 11.8\",\"extraInfoText\":\"\",\"groupedMessages\":[],\"icon\":\"\",\"iconLarge\":\"\",\"image\":\"\",\"imageBackgroundURI\":\"\",\"subText\":\"\",\"summaryText\":\"\",\"text\":\"SAMEERA AISHWARYA LARA CHAMBERGO  te hizo un pago de S/ 11.8\",\"time\":\"1779761398567\",\"title\":\"Cobro con QR\",\"titleBig\":\"\"}', '2026-05-25 21:43:01', NULL),
(480, 'EstherBeatriz Fernandez', 10.00, 1779762260988, '2026-05-25 21:24:20', 'Cobro con QR', '', 'EstherBeatriz Fernandez  te hizo un pago de S/ 10.0', 'EstherBeatriz Fernandez  te hizo un pago de S/ 10.0', '', '', '', 'com.bbva.GEMA.global', '{\"app\":\"com.bbva.GEMA.global\",\"audioContentsURI\":\"\",\"bigText\":\"EstherBeatriz Fernandez  te hizo un pago de S/ 10.0\",\"extraInfoText\":\"\",\"groupedMessages\":[],\"icon\":\"\",\"iconLarge\":\"\",\"image\":\"\",\"imageBackgroundURI\":\"\",\"subText\":\"\",\"summaryText\":\"\",\"text\":\"EstherBeatriz Fernandez  te hizo un pago de S/ 10.0\",\"time\":\"1779762260988\",\"title\":\"Cobro con QR\",\"titleBig\":\"\"}', '2026-05-25 21:43:01', NULL),
(481, 'FIORELLA DEL ROSARIO CHAMBI', 18.50, 1779766020824, '2026-05-25 22:27:00', 'Cobro con QR', '', 'FIORELLA DEL ROSARIO CHAMBI  te hizo un pago de S/ 18.5', 'FIORELLA DEL ROSARIO CHAMBI  te hizo un pago de S/ 18.5', '', '', '', 'com.bbva.GEMA.global', '{\"app\":\"com.bbva.GEMA.global\",\"audioContentsURI\":\"\",\"bigText\":\"FIORELLA DEL ROSARIO CHAMBI  te hizo un pago de S/ 18.5\",\"extraInfoText\":\"\",\"groupedMessages\":[],\"icon\":\"\",\"iconLarge\":\"\",\"image\":\"\",\"imageBackgroundURI\":\"\",\"subText\":\"\",\"summaryText\":\"\",\"text\":\"FIORELLA DEL ROSARIO CHAMBI  te hizo un pago de S/ 18.5\",\"time\":\"1779766020824\",\"title\":\"Cobro con QR\",\"titleBig\":\"\"}', '2026-05-25 22:40:51', NULL),
(482, 'NORMA FELICITA NN CORDOVA', 3.00, 1779765600825, '2026-05-25 22:20:00', 'Cobro con QR', '', 'NORMA FELICITA NN CORDOVA  te hizo un pago de S/ 3.0', 'NORMA FELICITA NN CORDOVA  te hizo un pago de S/ 3.0', '', '', '', 'com.bbva.GEMA.global', '{\"app\":\"com.bbva.GEMA.global\",\"audioContentsURI\":\"\",\"bigText\":\"NORMA FELICITA NN CORDOVA  te hizo un pago de S/ 3.0\",\"extraInfoText\":\"\",\"groupedMessages\":[],\"icon\":\"\",\"iconLarge\":\"\",\"image\":\"\",\"imageBackgroundURI\":\"\",\"subText\":\"\",\"summaryText\":\"\",\"text\":\"NORMA FELICITA NN CORDOVA  te hizo un pago de S/ 3.0\",\"time\":\"1779765600825\",\"title\":\"Cobro con QR\",\"titleBig\":\"\"}', '2026-05-25 22:40:51', NULL),
(483, 'OFELIA JIMENEZ ARANYA', 4.50, 1779765704696, '2026-05-25 22:21:44', 'Cobro con QR', '', 'OFELIA JIMENEZ ARANYA  te hizo un pago de S/ 4.5', 'OFELIA JIMENEZ ARANYA  te hizo un pago de S/ 4.5', '', '', '', 'com.bbva.GEMA.global', '{\"app\":\"com.bbva.GEMA.global\",\"audioContentsURI\":\"\",\"bigText\":\"OFELIA JIMENEZ ARANYA  te hizo un pago de S/ 4.5\",\"extraInfoText\":\"\",\"groupedMessages\":[],\"icon\":\"\",\"iconLarge\":\"\",\"image\":\"\",\"imageBackgroundURI\":\"\",\"subText\":\"\",\"summaryText\":\"\",\"text\":\"OFELIA JIMENEZ ARANYA  te hizo un pago de S/ 4.5\",\"time\":\"1779765704696\",\"title\":\"Cobro con QR\",\"titleBig\":\"\"}', '2026-05-25 22:40:51', NULL),
(484, 'CANEA LUZ RICALDI GALARZA', 8.50, 1779764990835, '2026-05-25 22:09:50', 'Cobro con QR', '', 'CANEA LUZ RICALDI GALARZA  te hizo un pago de S/ 8.5', 'CANEA LUZ RICALDI GALARZA  te hizo un pago de S/ 8.5', '', '', '', 'com.bbva.GEMA.global', '{\"app\":\"com.bbva.GEMA.global\",\"audioContentsURI\":\"\",\"bigText\":\"CANEA LUZ RICALDI GALARZA  te hizo un pago de S/ 8.5\",\"extraInfoText\":\"\",\"groupedMessages\":[],\"icon\":\"\",\"iconLarge\":\"\",\"image\":\"\",\"imageBackgroundURI\":\"\",\"subText\":\"\",\"summaryText\":\"\",\"text\":\"CANEA LUZ RICALDI GALARZA  te hizo un pago de S/ 8.5\",\"time\":\"1779764990835\",\"title\":\"Cobro con QR\",\"titleBig\":\"\"}', '2026-05-25 22:40:51', NULL),
(485, 'EMILIO ALVA ZUMAETA', 16.00, 1779763946749, '2026-05-25 21:52:26', 'Cobro con QR', '', 'EMILIO ALVA ZUMAETA te hizo un pago de S/ 16.0', 'EMILIO ALVA ZUMAETA te hizo un pago de S/ 16.0', '', '', '', 'com.bbva.GEMA.global', '{\"app\":\"com.bbva.GEMA.global\",\"audioContentsURI\":\"\",\"bigText\":\"EMILIO ALVA ZUMAETA te hizo un pago de S/ 16.0\",\"extraInfoText\":\"\",\"groupedMessages\":[],\"icon\":\"\",\"iconLarge\":\"\",\"image\":\"\",\"imageBackgroundURI\":\"\",\"subText\":\"\",\"summaryText\":\"\",\"text\":\"EMILIO ALVA ZUMAETA te hizo un pago de S/ 16.0\",\"time\":\"1779763946749\",\"title\":\"Cobro con QR\",\"titleBig\":\"\"}', '2026-05-25 22:40:51', NULL),
(486, 'YOVALY TATIANA DE LA', 3.50, 1779766747742, '2026-05-25 22:39:07', 'Cobro con QR', '', 'YOVALY TATIANA DE LA  te hizo un pago de S/ 3.5', 'YOVALY TATIANA DE LA  te hizo un pago de S/ 3.5', '', '', '', 'com.bbva.GEMA.global', '{\"app\":\"com.bbva.GEMA.global\",\"audioContentsURI\":\"\",\"bigText\":\"YOVALY TATIANA DE LA  te hizo un pago de S/ 3.5\",\"extraInfoText\":\"\",\"groupedMessages\":[],\"icon\":\"\",\"iconLarge\":\"\",\"image\":\"\",\"imageBackgroundURI\":\"\",\"subText\":\"\",\"summaryText\":\"\",\"text\":\"YOVALY TATIANA DE LA  te hizo un pago de S/ 3.5\",\"time\":\"1779766747742\",\"title\":\"Cobro con QR\",\"titleBig\":\"\"}', '2026-05-25 22:40:52', NULL),
(487, 'GIAN CARLO VILCAMICHE CHAVEZ', 1.13, 1779794392907, '2026-05-26 06:19:52', 'Cobro con QR', '', 'GIAN CARLO VILCAMICHE CHAVEZ  te hizo un pago de S/ 1.13', 'GIAN CARLO VILCAMICHE CHAVEZ  te hizo un pago de S/ 1.13', '', '', '', 'com.bbva.GEMA.global', '{\"app\":\"com.bbva.GEMA.global\",\"audioContentsURI\":\"\",\"bigText\":\"GIAN CARLO VILCAMICHE CHAVEZ  te hizo un pago de S/ 1.13\",\"extraInfoText\":\"\",\"groupedMessages\":[],\"icon\":\"\",\"iconLarge\":\"\",\"image\":\"\",\"imageBackgroundURI\":\"\",\"subText\":\"\",\"summaryText\":\"\",\"text\":\"GIAN CARLO VILCAMICHE CHAVEZ  te hizo un pago de S/ 1.13\",\"time\":\"1779794392907\",\"title\":\"Cobro con QR\",\"titleBig\":\"\"}', '2026-05-26 06:31:21', NULL),
(489, 'DUNIBETH NORIEGA ARO', 5.90, 1779801701563, '2026-05-26 08:21:41', 'Cobro con QR', '', 'DUNIBETH NORIEGA ARO  te hizo un pago de S/ 5.9', 'DUNIBETH NORIEGA ARO  te hizo un pago de S/ 5.9', '', '', '', 'com.bbva.GEMA.global', '{\"app\":\"com.bbva.GEMA.global\",\"audioContentsURI\":\"\",\"bigText\":\"DUNIBETH NORIEGA ARO  te hizo un pago de S/ 5.9\",\"extraInfoText\":\"\",\"groupedMessages\":[],\"icon\":\"\",\"iconLarge\":\"\",\"image\":\"\",\"imageBackgroundURI\":\"\",\"subText\":\"\",\"summaryText\":\"\",\"text\":\"DUNIBETH NORIEGA ARO  te hizo un pago de S/ 5.9\",\"time\":\"1779801701563\",\"title\":\"Cobro con QR\",\"titleBig\":\"\"}', '2026-05-26 08:43:01', NULL),
(490, 'JOSELYN ANDREA BRAVO MIRANDA', 8.60, 1779802979112, '2026-05-26 08:42:59', 'Cobro con QR', '', 'JOSELYN ANDREA BRAVO MIRANDA  te hizo un pago de S/ 8.6', 'JOSELYN ANDREA BRAVO MIRANDA  te hizo un pago de S/ 8.6', '', '', '', 'com.bbva.GEMA.global', '{\"app\":\"com.bbva.GEMA.global\",\"audioContentsURI\":\"\",\"bigText\":\"JOSELYN ANDREA BRAVO MIRANDA  te hizo un pago de S/ 8.6\",\"extraInfoText\":\"\",\"groupedMessages\":[],\"icon\":\"\",\"iconLarge\":\"\",\"image\":\"\",\"imageBackgroundURI\":\"\",\"subText\":\"\",\"summaryText\":\"\",\"text\":\"JOSELYN ANDREA BRAVO MIRANDA  te hizo un pago de S/ 8.6\",\"time\":\"1779802979112\",\"title\":\"Cobro con QR\",\"titleBig\":\"\"}', '2026-05-26 08:44:04', NULL),
(500, 'DUNIBETH NORIEGA ARO', 21.40, 1779801107034, '2026-05-26 08:11:47', 'Cobro con QR', '', 'DUNIBETH NORIEGA ARO  te hizo un pago de S/ 21.4', 'DUNIBETH NORIEGA ARO  te hizo un pago de S/ 21.4', '', '', '', 'com.bbva.GEMA.global', '{\"app\":\"com.bbva.GEMA.global\",\"audioContentsURI\":\"\",\"bigText\":\"DUNIBETH NORIEGA ARO  te hizo un pago de S/ 21.4\",\"extraInfoText\":\"\",\"groupedMessages\":[],\"icon\":\"\",\"iconLarge\":\"\",\"image\":\"\",\"imageBackgroundURI\":\"\",\"subText\":\"\",\"summaryText\":\"\",\"text\":\"DUNIBETH NORIEGA ARO  te hizo un pago de S/ 21.4\",\"time\":\"1779801107034\",\"title\":\"Cobro con QR\",\"titleBig\":\"\"}', '2026-05-26 14:07:42', NULL),
(501, 'JENNY JESSICA TORRES LAGOS', 12.00, 1779800455401, '2026-05-26 08:00:55', 'Cobro con QR', '', 'JENNY JESSICA TORRES LAGOS  te hizo un pago de S/ 12.0', 'JENNY JESSICA TORRES LAGOS  te hizo un pago de S/ 12.0', '', '', '', 'com.bbva.GEMA.global', '{\"app\":\"com.bbva.GEMA.global\",\"audioContentsURI\":\"\",\"bigText\":\"JENNY JESSICA TORRES LAGOS  te hizo un pago de S/ 12.0\",\"extraInfoText\":\"\",\"groupedMessages\":[],\"icon\":\"\",\"iconLarge\":\"\",\"image\":\"\",\"imageBackgroundURI\":\"\",\"subText\":\"\",\"summaryText\":\"\",\"text\":\"JENNY JESSICA TORRES LAGOS  te hizo un pago de S/ 12.0\",\"time\":\"1779800455401\",\"title\":\"Cobro con QR\",\"titleBig\":\"\"}', '2026-05-26 14:07:42', NULL),
(502, 'ITALO CESAR PORRAS SALAZAR', 2.00, 1779800779549, '2026-05-26 08:06:19', 'Cobro con QR', '', 'ITALO CESAR PORRAS SALAZAR  te hizo un pago de S/ 2.0', 'ITALO CESAR PORRAS SALAZAR  te hizo un pago de S/ 2.0', '', '', '', 'com.bbva.GEMA.global', '{\"app\":\"com.bbva.GEMA.global\",\"audioContentsURI\":\"\",\"bigText\":\"ITALO CESAR PORRAS SALAZAR  te hizo un pago de S/ 2.0\",\"extraInfoText\":\"\",\"groupedMessages\":[],\"icon\":\"\",\"iconLarge\":\"\",\"image\":\"\",\"imageBackgroundURI\":\"\",\"subText\":\"\",\"summaryText\":\"\",\"text\":\"ITALO CESAR PORRAS SALAZAR  te hizo un pago de S/ 2.0\",\"time\":\"1779800779549\",\"title\":\"Cobro con QR\",\"titleBig\":\"\"}', '2026-05-26 14:07:42', NULL),
(503, 'JENNY NOEMI ZURITA LOPEZ', 4.50, 1779799033210, '2026-05-26 07:37:13', 'Cobro con QR', '', 'JENNY NOEMI ZURITA LOPEZ  te hizo un pago de S/ 4.5', 'JENNY NOEMI ZURITA LOPEZ  te hizo un pago de S/ 4.5', '', '', '', 'com.bbva.GEMA.global', '{\"app\":\"com.bbva.GEMA.global\",\"audioContentsURI\":\"\",\"bigText\":\"JENNY NOEMI ZURITA LOPEZ  te hizo un pago de S/ 4.5\",\"extraInfoText\":\"\",\"groupedMessages\":[],\"icon\":\"\",\"iconLarge\":\"\",\"image\":\"\",\"imageBackgroundURI\":\"\",\"subText\":\"\",\"summaryText\":\"\",\"text\":\"JENNY NOEMI ZURITA LOPEZ  te hizo un pago de S/ 4.5\",\"time\":\"1779799033210\",\"title\":\"Cobro con QR\",\"titleBig\":\"\"}', '2026-05-26 14:07:42', NULL),
(504, 'LENIN AMARINGO SHUPINGAHUA', 8.60, 1779801051837, '2026-05-26 08:10:51', 'Cobro con QR', '', 'LENIN AMARINGO SHUPINGAHUA  te hizo un pago de S/ 8.6', 'LENIN AMARINGO SHUPINGAHUA  te hizo un pago de S/ 8.6', '', '', '', 'com.bbva.GEMA.global', '{\"app\":\"com.bbva.GEMA.global\",\"audioContentsURI\":\"\",\"bigText\":\"LENIN AMARINGO SHUPINGAHUA  te hizo un pago de S/ 8.6\",\"extraInfoText\":\"\",\"groupedMessages\":[],\"icon\":\"\",\"iconLarge\":\"\",\"image\":\"\",\"imageBackgroundURI\":\"\",\"subText\":\"\",\"summaryText\":\"\",\"text\":\"LENIN AMARINGO SHUPINGAHUA  te hizo un pago de S/ 8.6\",\"time\":\"1779801051837\",\"title\":\"Cobro con QR\",\"titleBig\":\"\"}', '2026-05-26 14:07:42', NULL),
(505, 'MARIA MERCEDES DAMIAN PEREZ', 6.00, 1779800020217, '2026-05-26 07:53:40', 'Cobro con QR', '', 'MARIA MERCEDES DAMIAN PEREZ  te hizo un pago de S/ 6.0', 'MARIA MERCEDES DAMIAN PEREZ  te hizo un pago de S/ 6.0', '', '', '', 'com.bbva.GEMA.global', '{\"app\":\"com.bbva.GEMA.global\",\"audioContentsURI\":\"\",\"bigText\":\"MARIA MERCEDES DAMIAN PEREZ  te hizo un pago de S/ 6.0\",\"extraInfoText\":\"\",\"groupedMessages\":[],\"icon\":\"\",\"iconLarge\":\"\",\"image\":\"\",\"imageBackgroundURI\":\"\",\"subText\":\"\",\"summaryText\":\"\",\"text\":\"MARIA MERCEDES DAMIAN PEREZ  te hizo un pago de S/ 6.0\",\"time\":\"1779800020217\",\"title\":\"Cobro con QR\",\"titleBig\":\"\"}', '2026-05-26 14:07:43', NULL),
(506, 'LUISA MARIA LOAYZA CACERES', 6.00, 1779800564300, '2026-05-26 08:02:44', 'Cobro con QR', '', 'LUISA MARIA LOAYZA CACERES  te hizo un pago de S/ 6.0', 'LUISA MARIA LOAYZA CACERES  te hizo un pago de S/ 6.0', '', '', '', 'com.bbva.GEMA.global', '{\"app\":\"com.bbva.GEMA.global\",\"audioContentsURI\":\"\",\"bigText\":\"LUISA MARIA LOAYZA CACERES  te hizo un pago de S/ 6.0\",\"extraInfoText\":\"\",\"groupedMessages\":[],\"icon\":\"\",\"iconLarge\":\"\",\"image\":\"\",\"imageBackgroundURI\":\"\",\"subText\":\"\",\"summaryText\":\"\",\"text\":\"LUISA MARIA LOAYZA CACERES  te hizo un pago de S/ 6.0\",\"time\":\"1779800564300\",\"title\":\"Cobro con QR\",\"titleBig\":\"\"}', '2026-05-26 14:07:43', NULL);
INSERT INTO `pagos_bbva` (`id`, `cliente`, `monto`, `timestamp_notif`, `fecha_notif`, `titulo`, `titulo_big`, `texto`, `texto_big`, `subtexto`, `texto_extra`, `texto_resumen`, `app_origen`, `raw`, `recibido_en`, `sesion_plin_id`) VALUES
(508, 'ITALO CESAR PORRAS SALAZAR', 8.90, 1779801160669, '2026-05-26 08:12:40', 'Cobro con QR', '', 'ITALO CESAR PORRAS SALAZAR  te hizo un pago de S/ 8.9', 'ITALO CESAR PORRAS SALAZAR  te hizo un pago de S/ 8.9', '', '', '', 'com.bbva.GEMA.global', '{\"app\":\"com.bbva.GEMA.global\",\"audioContentsURI\":\"\",\"bigText\":\"ITALO CESAR PORRAS SALAZAR  te hizo un pago de S/ 8.9\",\"extraInfoText\":\"\",\"groupedMessages\":[],\"icon\":\"\",\"iconLarge\":\"\",\"image\":\"\",\"imageBackgroundURI\":\"\",\"subText\":\"\",\"summaryText\":\"\",\"text\":\"ITALO CESAR PORRAS SALAZAR  te hizo un pago de S/ 8.9\",\"time\":\"1779801160669\",\"title\":\"Cobro con QR\",\"titleBig\":\"\"}', '2026-05-26 14:07:43', NULL),
(509, 'TATIANA ANGELICA YEREN GARCIA', 20.10, 1779801845304, '2026-05-26 08:24:05', 'Cobro con QR', '', 'TATIANA ANGELICA YEREN GARCIA  te hizo un pago de S/ 20.1', 'TATIANA ANGELICA YEREN GARCIA  te hizo un pago de S/ 20.1', '', '', '', 'com.bbva.GEMA.global', '{\"app\":\"com.bbva.GEMA.global\",\"audioContentsURI\":\"\",\"bigText\":\"TATIANA ANGELICA YEREN GARCIA  te hizo un pago de S/ 20.1\",\"extraInfoText\":\"\",\"groupedMessages\":[],\"icon\":\"\",\"iconLarge\":\"\",\"image\":\"\",\"imageBackgroundURI\":\"\",\"subText\":\"\",\"summaryText\":\"\",\"text\":\"TATIANA ANGELICA YEREN GARCIA  te hizo un pago de S/ 20.1\",\"time\":\"1779801845304\",\"title\":\"Cobro con QR\",\"titleBig\":\"\"}', '2026-05-26 14:07:43', NULL),
(510, 'MARILYN ANELISSE LLASACA MONDRAGON', 11.10, 1779802761608, '2026-05-26 08:39:21', 'Cobro con QR', '', 'MARILYN ANELISSE LLASACA MONDRAGON  te hizo un pago de S/ 11.1', 'MARILYN ANELISSE LLASACA MONDRAGON  te hizo un pago de S/ 11.1', '', '', '', 'com.bbva.GEMA.global', '{\"app\":\"com.bbva.GEMA.global\",\"audioContentsURI\":\"\",\"bigText\":\"MARILYN ANELISSE LLASACA MONDRAGON  te hizo un pago de S/ 11.1\",\"extraInfoText\":\"\",\"groupedMessages\":[],\"icon\":\"\",\"iconLarge\":\"\",\"image\":\"\",\"imageBackgroundURI\":\"\",\"subText\":\"\",\"summaryText\":\"\",\"text\":\"MARILYN ANELISSE LLASACA MONDRAGON  te hizo un pago de S/ 11.1\",\"time\":\"1779802761608\",\"title\":\"Cobro con QR\",\"titleBig\":\"\"}', '2026-05-26 14:07:43', NULL),
(511, 'MARILYN ANELISSE LLASACA MONDRAGON', 15.20, 1779802490153, '2026-05-26 08:34:50', 'Cobro con QR', '', 'MARILYN ANELISSE LLASACA MONDRAGON  te hizo un pago de S/ 15.2', 'MARILYN ANELISSE LLASACA MONDRAGON  te hizo un pago de S/ 15.2', '', '', '', 'com.bbva.GEMA.global', '{\"app\":\"com.bbva.GEMA.global\",\"audioContentsURI\":\"\",\"bigText\":\"MARILYN ANELISSE LLASACA MONDRAGON  te hizo un pago de S/ 15.2\",\"extraInfoText\":\"\",\"groupedMessages\":[],\"icon\":\"\",\"iconLarge\":\"\",\"image\":\"\",\"imageBackgroundURI\":\"\",\"subText\":\"\",\"summaryText\":\"\",\"text\":\"MARILYN ANELISSE LLASACA MONDRAGON  te hizo un pago de S/ 15.2\",\"time\":\"1779802490153\",\"title\":\"Cobro con QR\",\"titleBig\":\"\"}', '2026-05-26 14:07:43', NULL),
(512, 'GREGORY JOSE GONZALEZ ARCILA', 22.50, 1779801791952, '2026-05-26 08:23:11', 'Cobro con QR', '', 'GREGORY JOSE GONZALEZ ARCILA  te hizo un pago de S/ 22.5', 'GREGORY JOSE GONZALEZ ARCILA  te hizo un pago de S/ 22.5', '', '', '', 'com.bbva.GEMA.global', '{\"app\":\"com.bbva.GEMA.global\",\"audioContentsURI\":\"\",\"bigText\":\"GREGORY JOSE GONZALEZ ARCILA  te hizo un pago de S/ 22.5\",\"extraInfoText\":\"\",\"groupedMessages\":[],\"icon\":\"\",\"iconLarge\":\"\",\"image\":\"\",\"imageBackgroundURI\":\"\",\"subText\":\"\",\"summaryText\":\"\",\"text\":\"GREGORY JOSE GONZALEZ ARCILA  te hizo un pago de S/ 22.5\",\"time\":\"1779801791952\",\"title\":\"Cobro con QR\",\"titleBig\":\"\"}', '2026-05-26 14:07:44', NULL),
(515, 'HUMBERTO PORFIRIO VASQUEZ BARRIENTOS', 8.00, 1779803389961, '2026-05-26 08:49:49', 'Cobro con QR', '', 'HUMBERTO PORFIRIO VASQUEZ BARRIENTOS  te hizo un pago de S/ 8.0', 'HUMBERTO PORFIRIO VASQUEZ BARRIENTOS  te hizo un pago de S/ 8.0', '', '', '', 'com.bbva.GEMA.global', '{\"app\":\"com.bbva.GEMA.global\",\"audioContentsURI\":\"\",\"bigText\":\"HUMBERTO PORFIRIO VASQUEZ BARRIENTOS  te hizo un pago de S/ 8.0\",\"extraInfoText\":\"\",\"groupedMessages\":[],\"icon\":\"\",\"iconLarge\":\"\",\"image\":\"\",\"imageBackgroundURI\":\"\",\"subText\":\"\",\"summaryText\":\"\",\"text\":\"HUMBERTO PORFIRIO VASQUEZ BARRIENTOS  te hizo un pago de S/ 8.0\",\"time\":\"1779803389961\",\"title\":\"Cobro con QR\",\"titleBig\":\"\"}', '2026-05-26 14:07:44', NULL),
(516, 'GIAN CARLO VILCAMICHE CHAVEZ', 1.20, 1779815930858, '2026-05-26 12:18:50', 'Cobro con QR', '', 'GIAN CARLO VILCAMICHE CHAVEZ te hizo un pago de S/ 1.2', 'GIAN CARLO VILCAMICHE CHAVEZ te hizo un pago de S/ 1.2', '', '', '', 'com.bbva.GEMA.global', '{\"app\":\"com.bbva.GEMA.global\",\"audioContentsURI\":\"\",\"bigText\":\"GIAN CARLO VILCAMICHE CHAVEZ te hizo un pago de S/ 1.2\",\"extraInfoText\":\"\",\"groupedMessages\":[],\"icon\":\"\",\"iconLarge\":\"\",\"image\":\"\",\"imageBackgroundURI\":\"\",\"subText\":\"\",\"summaryText\":\"\",\"text\":\"GIAN CARLO VILCAMICHE CHAVEZ te hizo un pago de S/ 1.2\",\"time\":\"1779815930858\",\"title\":\"Cobro con QR\",\"titleBig\":\"\"}', '2026-05-26 14:07:44', NULL),
(517, 'GIAN CARLO VILCAMICHE CHAVEZ', 2.10, 1779815972931, '2026-05-26 12:19:32', 'Cobro con QR', '', 'GIAN CARLO VILCAMICHE CHAVEZ te hizo un pago de S/ 2.1', 'GIAN CARLO VILCAMICHE CHAVEZ te hizo un pago de S/ 2.1', '', '', '', 'com.bbva.GEMA.global', '{\"app\":\"com.bbva.GEMA.global\",\"audioContentsURI\":\"\",\"bigText\":\"GIAN CARLO VILCAMICHE CHAVEZ te hizo un pago de S/ 2.1\",\"extraInfoText\":\"\",\"groupedMessages\":[],\"icon\":\"\",\"iconLarge\":\"\",\"image\":\"\",\"imageBackgroundURI\":\"\",\"subText\":\"\",\"summaryText\":\"\",\"text\":\"GIAN CARLO VILCAMICHE CHAVEZ te hizo un pago de S/ 2.1\",\"time\":\"1779815972931\",\"title\":\"Cobro con QR\",\"titleBig\":\"\"}', '2026-05-26 14:07:45', NULL),
(518, 'MAGALY SORAYA TELLO SANTISTEBAN', 14.30, 1779803964844, '2026-05-26 08:59:24', 'Cobro con QR', '', 'MAGALY SORAYA TELLO SANTISTEBAN  te hizo un pago de S/ 14.3', 'MAGALY SORAYA TELLO SANTISTEBAN  te hizo un pago de S/ 14.3', '', '', '', 'com.bbva.GEMA.global', '{\"app\":\"com.bbva.GEMA.global\",\"audioContentsURI\":\"\",\"bigText\":\"MAGALY SORAYA TELLO SANTISTEBAN  te hizo un pago de S/ 14.3\",\"extraInfoText\":\"\",\"groupedMessages\":[],\"icon\":\"\",\"iconLarge\":\"\",\"image\":\"\",\"imageBackgroundURI\":\"\",\"subText\":\"\",\"summaryText\":\"\",\"text\":\"MAGALY SORAYA TELLO SANTISTEBAN  te hizo un pago de S/ 14.3\",\"time\":\"1779803964844\",\"title\":\"Cobro con QR\",\"titleBig\":\"\"}', '2026-05-26 14:07:45', NULL),
(519, 'VERONICA GIONAVA VILCA VEGA', 4.20, 1779815038360, '2026-05-26 12:03:58', 'Cobro con QR', '', 'VERONICA GIONAVA VILCA VEGA te hizo un pago de S/ 4.2', 'VERONICA GIONAVA VILCA VEGA te hizo un pago de S/ 4.2', '', '', '', 'com.bbva.GEMA.global', '{\"app\":\"com.bbva.GEMA.global\",\"audioContentsURI\":\"\",\"bigText\":\"VERONICA GIONAVA VILCA VEGA te hizo un pago de S/ 4.2\",\"extraInfoText\":\"\",\"groupedMessages\":[],\"icon\":\"\",\"iconLarge\":\"\",\"image\":\"\",\"imageBackgroundURI\":\"\",\"subText\":\"\",\"summaryText\":\"\",\"text\":\"VERONICA GIONAVA VILCA VEGA te hizo un pago de S/ 4.2\",\"time\":\"1779815038360\",\"title\":\"Cobro con QR\",\"titleBig\":\"\"}', '2026-05-26 14:07:45', NULL),
(520, 'CECILIA EDITH SALINAS BARZOLA', 17.90, 1779831293316, '2026-05-26 16:34:53', 'Cobro con QR', '', 'CECILIA EDITH SALINAS BARZOLA  te hizo un pago de S/ 17.9', 'CECILIA EDITH SALINAS BARZOLA  te hizo un pago de S/ 17.9', '', '', '', 'com.bbva.GEMA.global', '{\"app\":\"com.bbva.GEMA.global\",\"audioContentsURI\":\"\",\"bigText\":\"CECILIA EDITH SALINAS BARZOLA  te hizo un pago de S/ 17.9\",\"extraInfoText\":\"\",\"groupedMessages\":[],\"icon\":\"\",\"iconLarge\":\"\",\"image\":\"\",\"imageBackgroundURI\":\"\",\"subText\":\"\",\"summaryText\":\"\",\"text\":\"CECILIA EDITH SALINAS BARZOLA  te hizo un pago de S/ 17.9\",\"time\":\"1779831293316\",\"title\":\"Cobro con QR\",\"titleBig\":\"\"}', '2026-05-26 17:53:40', NULL),
(521, 'CRYSTHYAM HUGO GUZMAN GARVAN', 4.80, 1779826630377, '2026-05-26 15:17:10', 'Cobro con QR', '', 'CRYSTHYAM HUGO GUZMAN GARVAN  te hizo un pago de S/ 4.8', 'CRYSTHYAM HUGO GUZMAN GARVAN  te hizo un pago de S/ 4.8', '', '', '', 'com.bbva.GEMA.global', '{\"app\":\"com.bbva.GEMA.global\",\"audioContentsURI\":\"\",\"bigText\":\"CRYSTHYAM HUGO GUZMAN GARVAN  te hizo un pago de S/ 4.8\",\"extraInfoText\":\"\",\"groupedMessages\":[],\"icon\":\"\",\"iconLarge\":\"\",\"image\":\"\",\"imageBackgroundURI\":\"\",\"subText\":\"\",\"summaryText\":\"\",\"text\":\"CRYSTHYAM HUGO GUZMAN GARVAN  te hizo un pago de S/ 4.8\",\"time\":\"1779826630377\",\"title\":\"Cobro con QR\",\"titleBig\":\"\"}', '2026-05-26 17:53:40', NULL),
(522, 'GABRIELA DEL CARMEN CASTANEDA', 60.30, 1779827472184, '2026-05-26 15:31:12', 'Cobro con QR', '', 'GABRIELA DEL CARMEN CASTANEDA  te hizo un pago de S/ 60.3', 'GABRIELA DEL CARMEN CASTANEDA  te hizo un pago de S/ 60.3', '', '', '', 'com.bbva.GEMA.global', '{\"app\":\"com.bbva.GEMA.global\",\"audioContentsURI\":\"\",\"bigText\":\"GABRIELA DEL CARMEN CASTANEDA  te hizo un pago de S/ 60.3\",\"extraInfoText\":\"\",\"groupedMessages\":[],\"icon\":\"\",\"iconLarge\":\"\",\"image\":\"\",\"imageBackgroundURI\":\"\",\"subText\":\"\",\"summaryText\":\"\",\"text\":\"GABRIELA DEL CARMEN CASTANEDA  te hizo un pago de S/ 60.3\",\"time\":\"1779827472184\",\"title\":\"Cobro con QR\",\"titleBig\":\"\"}', '2026-05-26 17:53:40', NULL),
(523, 'ROSABELL SEGUNDINA NARVAEZ GARAY', 3.00, 1779830468875, '2026-05-26 16:21:08', 'Cobro con QR', '', 'ROSABELL SEGUNDINA NARVAEZ GARAY  te hizo un pago de S/ 3.0', 'ROSABELL SEGUNDINA NARVAEZ GARAY  te hizo un pago de S/ 3.0', '', '', '', 'com.bbva.GEMA.global', '{\"app\":\"com.bbva.GEMA.global\",\"audioContentsURI\":\"\",\"bigText\":\"ROSABELL SEGUNDINA NARVAEZ GARAY  te hizo un pago de S/ 3.0\",\"extraInfoText\":\"\",\"groupedMessages\":[],\"icon\":\"\",\"iconLarge\":\"\",\"image\":\"\",\"imageBackgroundURI\":\"\",\"subText\":\"\",\"summaryText\":\"\",\"text\":\"ROSABELL SEGUNDINA NARVAEZ GARAY  te hizo un pago de S/ 3.0\",\"time\":\"1779830468875\",\"title\":\"Cobro con QR\",\"titleBig\":\"\"}', '2026-05-26 17:53:40', NULL),
(524, 'NANCY QUISPE HUANCA', 8.70, 1779831609825, '2026-05-26 16:40:09', 'Cobro con QR', '', 'NANCY QUISPE HUANCA  te hizo un pago de S/ 8.7', 'NANCY QUISPE HUANCA  te hizo un pago de S/ 8.7', '', '', '', 'com.bbva.GEMA.global', '{\"app\":\"com.bbva.GEMA.global\",\"audioContentsURI\":\"\",\"bigText\":\"NANCY QUISPE HUANCA  te hizo un pago de S/ 8.7\",\"extraInfoText\":\"\",\"groupedMessages\":[],\"icon\":\"\",\"iconLarge\":\"\",\"image\":\"\",\"imageBackgroundURI\":\"\",\"subText\":\"\",\"summaryText\":\"\",\"text\":\"NANCY QUISPE HUANCA  te hizo un pago de S/ 8.7\",\"time\":\"1779831609825\",\"title\":\"Cobro con QR\",\"titleBig\":\"\"}', '2026-05-26 17:53:40', NULL),
(525, 'HENRY ALEXIS CHAVEZ ANCAJIMA', 40.00, 1779833246612, '2026-05-26 17:07:26', 'Cobro con QR', '', 'HENRY ALEXIS CHAVEZ ANCAJIMA  te hizo un pago de S/ 40.0', 'HENRY ALEXIS CHAVEZ ANCAJIMA  te hizo un pago de S/ 40.0', '', '', '', 'com.bbva.GEMA.global', '{\"app\":\"com.bbva.GEMA.global\",\"audioContentsURI\":\"\",\"bigText\":\"HENRY ALEXIS CHAVEZ ANCAJIMA  te hizo un pago de S/ 40.0\",\"extraInfoText\":\"\",\"groupedMessages\":[],\"icon\":\"\",\"iconLarge\":\"\",\"image\":\"\",\"imageBackgroundURI\":\"\",\"subText\":\"\",\"summaryText\":\"\",\"text\":\"HENRY ALEXIS CHAVEZ ANCAJIMA  te hizo un pago de S/ 40.0\",\"time\":\"1779833246612\",\"title\":\"Cobro con QR\",\"titleBig\":\"\"}', '2026-05-26 17:53:41', NULL),
(526, 'GABRIELA KARIM CHAMORRO SILVA', 30.00, 1779831648716, '2026-05-26 16:40:48', 'Cobro con QR', '', 'GABRIELA KARIM CHAMORRO SILVA  te hizo un pago de S/ 30.0', 'GABRIELA KARIM CHAMORRO SILVA  te hizo un pago de S/ 30.0', '', '', '', 'com.bbva.GEMA.global', '{\"app\":\"com.bbva.GEMA.global\",\"audioContentsURI\":\"\",\"bigText\":\"GABRIELA KARIM CHAMORRO SILVA  te hizo un pago de S/ 30.0\",\"extraInfoText\":\"\",\"groupedMessages\":[],\"icon\":\"\",\"iconLarge\":\"\",\"image\":\"\",\"imageBackgroundURI\":\"\",\"subText\":\"\",\"summaryText\":\"\",\"text\":\"GABRIELA KARIM CHAMORRO SILVA  te hizo un pago de S/ 30.0\",\"time\":\"1779831648716\",\"title\":\"Cobro con QR\",\"titleBig\":\"\"}', '2026-05-26 17:53:41', NULL),
(527, 'RICHARD ALEXIS MINAN RAMOS', 15.60, 1779831795783, '2026-05-26 16:43:15', 'Cobro con QR', '', 'RICHARD ALEXIS MINAN RAMOS  te hizo un pago de S/ 15.6', 'RICHARD ALEXIS MINAN RAMOS  te hizo un pago de S/ 15.6', '', '', '', 'com.bbva.GEMA.global', '{\"app\":\"com.bbva.GEMA.global\",\"audioContentsURI\":\"\",\"bigText\":\"RICHARD ALEXIS MINAN RAMOS  te hizo un pago de S/ 15.6\",\"extraInfoText\":\"\",\"groupedMessages\":[],\"icon\":\"\",\"iconLarge\":\"\",\"image\":\"\",\"imageBackgroundURI\":\"\",\"subText\":\"\",\"summaryText\":\"\",\"text\":\"RICHARD ALEXIS MINAN RAMOS  te hizo un pago de S/ 15.6\",\"time\":\"1779831795783\",\"title\":\"Cobro con QR\",\"titleBig\":\"\"}', '2026-05-26 17:53:41', NULL),
(528, 'ROXANA GAVILAN CANDIA', 7.00, 1779833521846, '2026-05-26 17:12:01', 'Cobro con QR', '', 'ROXANA GAVILAN CANDIA  te hizo un pago de S/ 7.0', 'ROXANA GAVILAN CANDIA  te hizo un pago de S/ 7.0', '', '', '', 'com.bbva.GEMA.global', '{\"app\":\"com.bbva.GEMA.global\",\"audioContentsURI\":\"\",\"bigText\":\"ROXANA GAVILAN CANDIA  te hizo un pago de S/ 7.0\",\"extraInfoText\":\"\",\"groupedMessages\":[],\"icon\":\"\",\"iconLarge\":\"\",\"image\":\"\",\"imageBackgroundURI\":\"\",\"subText\":\"\",\"summaryText\":\"\",\"text\":\"ROXANA GAVILAN CANDIA  te hizo un pago de S/ 7.0\",\"time\":\"1779833521846\",\"title\":\"Cobro con QR\",\"titleBig\":\"\"}', '2026-05-26 17:53:41', NULL),
(529, 'FRANCO ALDO DE LA', 8.00, 1779833657131, '2026-05-26 17:14:17', 'Cobro con QR', '', 'FRANCO ALDO DE LA  te hizo un pago de S/ 8.0', 'FRANCO ALDO DE LA  te hizo un pago de S/ 8.0', '', '', '', 'com.bbva.GEMA.global', '{\"app\":\"com.bbva.GEMA.global\",\"audioContentsURI\":\"\",\"bigText\":\"FRANCO ALDO DE LA  te hizo un pago de S/ 8.0\",\"extraInfoText\":\"\",\"groupedMessages\":[],\"icon\":\"\",\"iconLarge\":\"\",\"image\":\"\",\"imageBackgroundURI\":\"\",\"subText\":\"\",\"summaryText\":\"\",\"text\":\"FRANCO ALDO DE LA  te hizo un pago de S/ 8.0\",\"time\":\"1779833657131\",\"title\":\"Cobro con QR\",\"titleBig\":\"\"}', '2026-05-26 17:53:41', NULL),
(530, 'MERCEDES PILAR CHAMORRO CHACON', 3.00, 1779834595806, '2026-05-26 17:29:55', 'Cobro con QR', '', 'MERCEDES PILAR CHAMORRO CHACON  te hizo un pago de S/ 3.0', 'MERCEDES PILAR CHAMORRO CHACON  te hizo un pago de S/ 3.0', '', '', '', 'com.bbva.GEMA.global', '{\"app\":\"com.bbva.GEMA.global\",\"audioContentsURI\":\"\",\"bigText\":\"MERCEDES PILAR CHAMORRO CHACON  te hizo un pago de S/ 3.0\",\"extraInfoText\":\"\",\"groupedMessages\":[],\"icon\":\"\",\"iconLarge\":\"\",\"image\":\"\",\"imageBackgroundURI\":\"\",\"subText\":\"\",\"summaryText\":\"\",\"text\":\"MERCEDES PILAR CHAMORRO CHACON  te hizo un pago de S/ 3.0\",\"time\":\"1779834595806\",\"title\":\"Cobro con QR\",\"titleBig\":\"\"}', '2026-05-26 17:53:42', NULL),
(531, 'JOSE ALBERTO HIDALGO TARAZONA', 10.40, 1779833687635, '2026-05-26 17:14:47', 'Cobro con QR', '', 'JOSE ALBERTO HIDALGO TARAZONA  te hizo un pago de S/ 10.4', 'JOSE ALBERTO HIDALGO TARAZONA  te hizo un pago de S/ 10.4', '', '', '', 'com.bbva.GEMA.global', '{\"app\":\"com.bbva.GEMA.global\",\"audioContentsURI\":\"\",\"bigText\":\"JOSE ALBERTO HIDALGO TARAZONA  te hizo un pago de S/ 10.4\",\"extraInfoText\":\"\",\"groupedMessages\":[],\"icon\":\"\",\"iconLarge\":\"\",\"image\":\"\",\"imageBackgroundURI\":\"\",\"subText\":\"\",\"summaryText\":\"\",\"text\":\"JOSE ALBERTO HIDALGO TARAZONA  te hizo un pago de S/ 10.4\",\"time\":\"1779833687635\",\"title\":\"Cobro con QR\",\"titleBig\":\"\"}', '2026-05-26 17:53:42', NULL),
(532, 'MARIA ROSA DELGADO LOPEZ', 24.90, 1779835704850, '2026-05-26 17:48:24', 'Cobro con QR', '', 'MARIA ROSA DELGADO LOPEZ  te hizo un pago de S/ 24.9', 'MARIA ROSA DELGADO LOPEZ  te hizo un pago de S/ 24.9', '', '', '', 'com.bbva.GEMA.global', '{\"app\":\"com.bbva.GEMA.global\",\"audioContentsURI\":\"\",\"bigText\":\"MARIA ROSA DELGADO LOPEZ  te hizo un pago de S/ 24.9\",\"extraInfoText\":\"\",\"groupedMessages\":[],\"icon\":\"\",\"iconLarge\":\"\",\"image\":\"\",\"imageBackgroundURI\":\"\",\"subText\":\"\",\"summaryText\":\"\",\"text\":\"MARIA ROSA DELGADO LOPEZ  te hizo un pago de S/ 24.9\",\"time\":\"1779835704850\",\"title\":\"Cobro con QR\",\"titleBig\":\"\"}', '2026-05-26 17:53:42', NULL),
(533, 'FLOR CAROL NINAHUAMAN GUADALUPE', 34.00, 1779835246947, '2026-05-26 17:40:46', 'Cobro con QR', '', 'FLOR CAROL NINAHUAMAN GUADALUPE  te hizo un pago de S/ 34.0', 'FLOR CAROL NINAHUAMAN GUADALUPE  te hizo un pago de S/ 34.0', '', '', '', 'com.bbva.GEMA.global', '{\"app\":\"com.bbva.GEMA.global\",\"audioContentsURI\":\"\",\"bigText\":\"FLOR CAROL NINAHUAMAN GUADALUPE  te hizo un pago de S/ 34.0\",\"extraInfoText\":\"\",\"groupedMessages\":[],\"icon\":\"\",\"iconLarge\":\"\",\"image\":\"\",\"imageBackgroundURI\":\"\",\"subText\":\"\",\"summaryText\":\"\",\"text\":\"FLOR CAROL NINAHUAMAN GUADALUPE  te hizo un pago de S/ 34.0\",\"time\":\"1779835246947\",\"title\":\"Cobro con QR\",\"titleBig\":\"\"}', '2026-05-26 17:53:42', NULL),
(534, 'LISBETH VIDAL ALTUVE', 21.60, 1779834140051, '2026-05-26 17:22:20', 'Cobro con QR', '', 'LISBETH VIDAL ALTUVE  te hizo un pago de S/ 21.6', 'LISBETH VIDAL ALTUVE  te hizo un pago de S/ 21.6', '', '', '', 'com.bbva.GEMA.global', '{\"app\":\"com.bbva.GEMA.global\",\"audioContentsURI\":\"\",\"bigText\":\"LISBETH VIDAL ALTUVE  te hizo un pago de S/ 21.6\",\"extraInfoText\":\"\",\"groupedMessages\":[],\"icon\":\"\",\"iconLarge\":\"\",\"image\":\"\",\"imageBackgroundURI\":\"\",\"subText\":\"\",\"summaryText\":\"\",\"text\":\"LISBETH VIDAL ALTUVE  te hizo un pago de S/ 21.6\",\"time\":\"1779834140051\",\"title\":\"Cobro con QR\",\"titleBig\":\"\"}', '2026-05-26 17:53:42', NULL),
(536, 'ELVA ROSA GONZALEZ NORIEGA', 13.20, 1779836146843, '2026-05-26 17:55:46', 'Cobro con QR', '', 'ELVA ROSA GONZALEZ NORIEGA  te hizo un pago de S/ 13.2', 'ELVA ROSA GONZALEZ NORIEGA  te hizo un pago de S/ 13.2', '', '', '', 'com.bbva.GEMA.global', '{\"app\":\"com.bbva.GEMA.global\",\"audioContentsURI\":\"\",\"bigText\":\"ELVA ROSA GONZALEZ NORIEGA  te hizo un pago de S/ 13.2\",\"extraInfoText\":\"\",\"groupedMessages\":[],\"icon\":\"\",\"iconLarge\":\"\",\"image\":\"\",\"imageBackgroundURI\":\"\",\"subText\":\"\",\"summaryText\":\"\",\"text\":\"ELVA ROSA GONZALEZ NORIEGA  te hizo un pago de S/ 13.2\",\"time\":\"1779836146843\",\"title\":\"Cobro con QR\",\"titleBig\":\"\"}', '2026-05-26 17:59:31', NULL),
(537, 'DORIS NELLY CORDOVA CHAVEZ', 12.40, 1779836370634, '2026-05-26 17:59:30', 'Cobro con QR', '', 'DORIS NELLY CORDOVA CHAVEZ  te hizo un pago de S/ 12.4', 'DORIS NELLY CORDOVA CHAVEZ  te hizo un pago de S/ 12.4', '', '', '', 'com.bbva.GEMA.global', '{\"app\":\"com.bbva.GEMA.global\",\"audioContentsURI\":\"\",\"bigText\":\"DORIS NELLY CORDOVA CHAVEZ  te hizo un pago de S/ 12.4\",\"extraInfoText\":\"\",\"groupedMessages\":[],\"icon\":\"\",\"iconLarge\":\"\",\"image\":\"\",\"imageBackgroundURI\":\"\",\"subText\":\"\",\"summaryText\":\"\",\"text\":\"DORIS NELLY CORDOVA CHAVEZ  te hizo un pago de S/ 12.4\",\"time\":\"1779836370634\",\"title\":\"Cobro con QR\",\"titleBig\":\"\"}', '2026-05-26 17:59:31', NULL),
(538, 'FLOR MARLENI ROMERO BENITES', 5.00, 1779837129525, '2026-05-26 18:12:09', 'Cobro con QR', '', 'FLOR MARLENI ROMERO BENITES  te hizo un pago de S/ 5.0', 'FLOR MARLENI ROMERO BENITES  te hizo un pago de S/ 5.0', '', '', '', 'com.bbva.GEMA.global', '{\"app\":\"com.bbva.GEMA.global\",\"audioContentsURI\":\"\",\"bigText\":\"FLOR MARLENI ROMERO BENITES  te hizo un pago de S/ 5.0\",\"extraInfoText\":\"\",\"groupedMessages\":[],\"icon\":\"\",\"iconLarge\":\"\",\"image\":\"\",\"imageBackgroundURI\":\"\",\"subText\":\"\",\"summaryText\":\"\",\"text\":\"FLOR MARLENI ROMERO BENITES  te hizo un pago de S/ 5.0\",\"time\":\"1779837129525\",\"title\":\"Cobro con QR\",\"titleBig\":\"\"}', '2026-05-26 18:58:38', NULL),
(539, 'FERNANDO VILLACORTA VELASQUEZ', 21.00, 1779837129572, '2026-05-26 18:12:09', 'Cobro con QR', '', 'FERNANDO VILLACORTA VELASQUEZ  te hizo un pago de S/ 21.0', 'FERNANDO VILLACORTA VELASQUEZ  te hizo un pago de S/ 21.0', '', '', '', 'com.bbva.GEMA.global', '{\"app\":\"com.bbva.GEMA.global\",\"audioContentsURI\":\"\",\"bigText\":\"FERNANDO VILLACORTA VELASQUEZ  te hizo un pago de S/ 21.0\",\"extraInfoText\":\"\",\"groupedMessages\":[],\"icon\":\"\",\"iconLarge\":\"\",\"image\":\"\",\"imageBackgroundURI\":\"\",\"subText\":\"\",\"summaryText\":\"\",\"text\":\"FERNANDO VILLACORTA VELASQUEZ  te hizo un pago de S/ 21.0\",\"time\":\"1779837129572\",\"title\":\"Cobro con QR\",\"titleBig\":\"\"}', '2026-05-26 18:58:38', NULL),
(540, 'CELINA HUALPA ROMERO', 10.00, 1779837854904, '2026-05-26 18:24:14', 'Cobro con QR', '', 'CELINA HUALPA ROMERO  te hizo un pago de S/ 10.0', 'CELINA HUALPA ROMERO  te hizo un pago de S/ 10.0', '', '', '', 'com.bbva.GEMA.global', '{\"app\":\"com.bbva.GEMA.global\",\"audioContentsURI\":\"\",\"bigText\":\"CELINA HUALPA ROMERO  te hizo un pago de S/ 10.0\",\"extraInfoText\":\"\",\"groupedMessages\":[],\"icon\":\"\",\"iconLarge\":\"\",\"image\":\"\",\"imageBackgroundURI\":\"\",\"subText\":\"\",\"summaryText\":\"\",\"text\":\"CELINA HUALPA ROMERO  te hizo un pago de S/ 10.0\",\"time\":\"1779837854904\",\"title\":\"Cobro con QR\",\"titleBig\":\"\"}', '2026-05-26 18:58:38', NULL),
(541, 'ELKI JOEL HUAMAN TRIGOSO', 3.50, 1779838999982, '2026-05-26 18:43:19', 'Cobro con QR', '', 'ELKI JOEL HUAMAN TRIGOSO  te hizo un pago de S/ 3.5', 'ELKI JOEL HUAMAN TRIGOSO  te hizo un pago de S/ 3.5', '', '', '', 'com.bbva.GEMA.global', '{\"app\":\"com.bbva.GEMA.global\",\"audioContentsURI\":\"\",\"bigText\":\"ELKI JOEL HUAMAN TRIGOSO  te hizo un pago de S/ 3.5\",\"extraInfoText\":\"\",\"groupedMessages\":[],\"icon\":\"\",\"iconLarge\":\"\",\"image\":\"\",\"imageBackgroundURI\":\"\",\"subText\":\"\",\"summaryText\":\"\",\"text\":\"ELKI JOEL HUAMAN TRIGOSO  te hizo un pago de S/ 3.5\",\"time\":\"1779838999982\",\"title\":\"Cobro con QR\",\"titleBig\":\"\"}', '2026-05-26 18:58:38', NULL),
(542, 'ROBERTO CARLOS MARMANILLO VELASQUEZ', 19.30, 1779839763634, '2026-05-26 18:56:03', 'Cobro con QR', '', 'ROBERTO CARLOS MARMANILLO VELASQUEZ  te hizo un pago de S/ 19.3', '', '', '', '', 'com.bbva.GEMA.global', '{\"app\":\"com.bbva.GEMA.global\",\"audioContentsURI\":\"\",\"bigText\":\"\",\"extraInfoText\":\"\",\"groupedMessages\":[],\"icon\":\"\",\"iconLarge\":\"\",\"image\":\"\",\"imageBackgroundURI\":\"\",\"subText\":\"\",\"summaryText\":\"\",\"text\":\"ROBERTO CARLOS MARMANILLO VELASQUEZ  te hizo un pago de S/ 19.3\",\"time\":\"1779839763634\",\"title\":\"Cobro con QR\",\"titleBig\":\"\"}', '2026-05-26 18:58:38', NULL),
(544, 'RICARDO OMAR LEVY ANDRADE', 23.10, 1779840922852, '2026-05-26 19:15:22', 'Cobro con QR', '', 'RICARDO OMAR LEVY ANDRADE  te hizo un pago de S/ 23.1', 'RICARDO OMAR LEVY ANDRADE  te hizo un pago de S/ 23.1', '', '', '', 'com.bbva.GEMA.global', '{\"app\":\"com.bbva.GEMA.global\",\"audioContentsURI\":\"\",\"bigText\":\"RICARDO OMAR LEVY ANDRADE  te hizo un pago de S/ 23.1\",\"extraInfoText\":\"\",\"groupedMessages\":[],\"icon\":\"\",\"iconLarge\":\"\",\"image\":\"\",\"imageBackgroundURI\":\"\",\"subText\":\"\",\"summaryText\":\"\",\"text\":\"RICARDO OMAR LEVY ANDRADE  te hizo un pago de S/ 23.1\",\"time\":\"1779840922852\",\"title\":\"Cobro con QR\",\"titleBig\":\"\"}', '2026-05-26 19:16:03', NULL),
(546, 'GIAN CARLO VILCAMICHE CHAVEZ', 1.12, 1779841499547, '2026-05-26 19:24:59', 'Cobro con QR', '', 'GIAN CARLO VILCAMICHE CHAVEZ  te hizo un pago de S/ 1.12', 'GIAN CARLO VILCAMICHE CHAVEZ  te hizo un pago de S/ 1.12', '', '', '', 'com.bbva.GEMA.global', '{\"app\":\"com.bbva.GEMA.global\",\"audioContentsURI\":\"\",\"bigText\":\"GIAN CARLO VILCAMICHE CHAVEZ  te hizo un pago de S/ 1.12\",\"extraInfoText\":\"\",\"groupedMessages\":[],\"icon\":\"\",\"iconLarge\":\"\",\"image\":\"\",\"imageBackgroundURI\":\"\",\"subText\":\"\",\"summaryText\":\"\",\"text\":\"GIAN CARLO VILCAMICHE CHAVEZ  te hizo un pago de S/ 1.12\",\"time\":\"1779841499547\",\"title\":\"Cobro con QR\",\"titleBig\":\"\"}', '2026-05-26 19:25:01', NULL),
(547, 'JUAN MENDOZA QUISPE', 15.00, 1779841793092, '2026-05-26 19:29:53', 'Cobro con QR', '', 'JUAN MENDOZA QUISPE  te hizo un pago de S/ 15.0', 'JUAN MENDOZA QUISPE  te hizo un pago de S/ 15.0', '', '', '', 'com.bbva.GEMA.global', '{\"app\":\"com.bbva.GEMA.global\",\"audioContentsURI\":\"\",\"bigText\":\"JUAN MENDOZA QUISPE  te hizo un pago de S/ 15.0\",\"extraInfoText\":\"\",\"groupedMessages\":[],\"icon\":\"\",\"iconLarge\":\"\",\"image\":\"\",\"imageBackgroundURI\":\"\",\"subText\":\"\",\"summaryText\":\"\",\"text\":\"JUAN MENDOZA QUISPE  te hizo un pago de S/ 15.0\",\"time\":\"1779841793092\",\"title\":\"Cobro con QR\",\"titleBig\":\"\"}', '2026-05-26 19:29:54', NULL),
(548, 'ANTONY FERNANDEZ SAUCEDO', 24.20, 1779842427688, '2026-05-26 19:40:27', 'Cobro con QR', '', 'ANTONY FERNANDEZ SAUCEDO  te hizo un pago de S/ 24.2', 'ANTONY FERNANDEZ SAUCEDO  te hizo un pago de S/ 24.2', '', '', '', 'com.bbva.GEMA.global', '{\"app\":\"com.bbva.GEMA.global\",\"audioContentsURI\":\"\",\"bigText\":\"ANTONY FERNANDEZ SAUCEDO  te hizo un pago de S/ 24.2\",\"extraInfoText\":\"\",\"groupedMessages\":[],\"icon\":\"\",\"iconLarge\":\"\",\"image\":\"\",\"imageBackgroundURI\":\"\",\"subText\":\"\",\"summaryText\":\"\",\"text\":\"ANTONY FERNANDEZ SAUCEDO  te hizo un pago de S/ 24.2\",\"time\":\"1779842427688\",\"title\":\"Cobro con QR\",\"titleBig\":\"\"}', '2026-05-26 19:47:51', NULL),
(550, 'BETZABET LUZ VILCHEZ ROJAS', 4.50, 1779842740660, '2026-05-26 19:45:40', 'Cobro con QR', '', 'BETZABET LUZ VILCHEZ ROJAS  te hizo un pago de S/ 4.5', 'BETZABET LUZ VILCHEZ ROJAS  te hizo un pago de S/ 4.5', '', '', '', 'com.bbva.GEMA.global', '{\"app\":\"com.bbva.GEMA.global\",\"audioContentsURI\":\"\",\"bigText\":\"BETZABET LUZ VILCHEZ ROJAS  te hizo un pago de S/ 4.5\",\"extraInfoText\":\"\",\"groupedMessages\":[],\"icon\":\"\",\"iconLarge\":\"\",\"image\":\"\",\"imageBackgroundURI\":\"\",\"subText\":\"\",\"summaryText\":\"\",\"text\":\"BETZABET LUZ VILCHEZ ROJAS  te hizo un pago de S/ 4.5\",\"time\":\"1779842740660\",\"title\":\"Cobro con QR\",\"titleBig\":\"\"}', '2026-05-26 19:47:51', NULL),
(551, 'ROY HERNAN CAMPOS VASQUEZ', 19.50, 1779842949712, '2026-05-26 19:49:09', 'Cobro con QR', '', 'ROY HERNAN CAMPOS VASQUEZ  te hizo un pago de S/ 19.5', 'ROY HERNAN CAMPOS VASQUEZ  te hizo un pago de S/ 19.5', '', '', '', 'com.bbva.GEMA.global', '{\"app\":\"com.bbva.GEMA.global\",\"audioContentsURI\":\"\",\"bigText\":\"ROY HERNAN CAMPOS VASQUEZ  te hizo un pago de S/ 19.5\",\"extraInfoText\":\"\",\"groupedMessages\":[],\"icon\":\"\",\"iconLarge\":\"\",\"image\":\"\",\"imageBackgroundURI\":\"\",\"subText\":\"\",\"summaryText\":\"\",\"text\":\"ROY HERNAN CAMPOS VASQUEZ  te hizo un pago de S/ 19.5\",\"time\":\"1779842949712\",\"title\":\"Cobro con QR\",\"titleBig\":\"\"}', '2026-05-26 19:49:35', NULL),
(552, 'NADIA TERESA SILVA MIRANDA', 3.00, 1779844265496, '2026-05-26 20:11:05', 'Cobro con QR', '', 'NADIA TERESA SILVA MIRANDA  te hizo un pago de S/ 3.0', 'NADIA TERESA SILVA MIRANDA  te hizo un pago de S/ 3.0', '', '', '', 'com.bbva.GEMA.global', '{\"app\":\"com.bbva.GEMA.global\",\"audioContentsURI\":\"\",\"bigText\":\"NADIA TERESA SILVA MIRANDA  te hizo un pago de S/ 3.0\",\"extraInfoText\":\"\",\"groupedMessages\":[],\"icon\":\"\",\"iconLarge\":\"\",\"image\":\"\",\"imageBackgroundURI\":\"\",\"subText\":\"\",\"summaryText\":\"\",\"text\":\"NADIA TERESA SILVA MIRANDA  te hizo un pago de S/ 3.0\",\"time\":\"1779844265496\",\"title\":\"Cobro con QR\",\"titleBig\":\"\"}', '2026-05-26 20:12:21', NULL),
(553, 'LINDSEY DANNA PUCUHUAYLA FLORIAN', 14.80, 1779844104121, '2026-05-26 20:08:24', 'Cobro con QR', '', 'LINDSEY DANNA PUCUHUAYLA FLORIAN  te hizo un pago de S/ 14.8', 'LINDSEY DANNA PUCUHUAYLA FLORIAN  te hizo un pago de S/ 14.8', '', '', '', 'com.bbva.GEMA.global', '{\"app\":\"com.bbva.GEMA.global\",\"audioContentsURI\":\"\",\"bigText\":\"LINDSEY DANNA PUCUHUAYLA FLORIAN  te hizo un pago de S/ 14.8\",\"extraInfoText\":\"\",\"groupedMessages\":[],\"icon\":\"\",\"iconLarge\":\"\",\"image\":\"\",\"imageBackgroundURI\":\"\",\"subText\":\"\",\"summaryText\":\"\",\"text\":\"LINDSEY DANNA PUCUHUAYLA FLORIAN  te hizo un pago de S/ 14.8\",\"time\":\"1779844104121\",\"title\":\"Cobro con QR\",\"titleBig\":\"\"}', '2026-05-26 20:12:21', NULL),
(554, 'JONATHAN LOZANO PECEROS', 5.40, 1779843828071, '2026-05-26 20:03:48', 'Cobro con QR', '', 'JONATHAN LOZANO PECEROS  te hizo un pago de S/ 5.4', 'JONATHAN LOZANO PECEROS  te hizo un pago de S/ 5.4', '', '', '', 'com.bbva.GEMA.global', '{\"app\":\"com.bbva.GEMA.global\",\"audioContentsURI\":\"\",\"bigText\":\"JONATHAN LOZANO PECEROS  te hizo un pago de S/ 5.4\",\"extraInfoText\":\"\",\"groupedMessages\":[],\"icon\":\"\",\"iconLarge\":\"\",\"image\":\"\",\"imageBackgroundURI\":\"\",\"subText\":\"\",\"summaryText\":\"\",\"text\":\"JONATHAN LOZANO PECEROS  te hizo un pago de S/ 5.4\",\"time\":\"1779843828071\",\"title\":\"Cobro con QR\",\"titleBig\":\"\"}', '2026-05-26 20:12:21', NULL),
(555, 'AVELARDO MAJUAN MERINO', 81.40, 1779843870539, '2026-05-26 20:04:30', 'Cobro con QR', '', 'AVELARDO MAJUAN MERINO  te hizo un pago de S/ 81.4', 'AVELARDO MAJUAN MERINO  te hizo un pago de S/ 81.4', '', '', '', 'com.bbva.GEMA.global', '{\"app\":\"com.bbva.GEMA.global\",\"audioContentsURI\":\"\",\"bigText\":\"AVELARDO MAJUAN MERINO  te hizo un pago de S/ 81.4\",\"extraInfoText\":\"\",\"groupedMessages\":[],\"icon\":\"\",\"iconLarge\":\"\",\"image\":\"\",\"imageBackgroundURI\":\"\",\"subText\":\"\",\"summaryText\":\"\",\"text\":\"AVELARDO MAJUAN MERINO  te hizo un pago de S/ 81.4\",\"time\":\"1779843870539\",\"title\":\"Cobro con QR\",\"titleBig\":\"\"}', '2026-05-26 20:12:21', NULL),
(556, 'ROLANDO JESUS CHOQUE CURASI', 43.50, 1779844500908, '2026-05-26 20:15:00', 'Cobro con QR', '', 'ROLANDO JESUS CHOQUE CURASI  te hizo un pago de S/ 43.5', 'ROLANDO JESUS CHOQUE CURASI  te hizo un pago de S/ 43.5', '', '', '', 'com.bbva.GEMA.global', '{\"app\":\"com.bbva.GEMA.global\",\"audioContentsURI\":\"\",\"bigText\":\"ROLANDO JESUS CHOQUE CURASI  te hizo un pago de S/ 43.5\",\"extraInfoText\":\"\",\"groupedMessages\":[],\"icon\":\"\",\"iconLarge\":\"\",\"image\":\"\",\"imageBackgroundURI\":\"\",\"subText\":\"\",\"summaryText\":\"\",\"text\":\"ROLANDO JESUS CHOQUE CURASI  te hizo un pago de S/ 43.5\",\"time\":\"1779844500908\",\"title\":\"Cobro con QR\",\"titleBig\":\"\"}', '2026-05-26 20:15:01', NULL),
(557, 'FACUNDO MAZA CALDERON', 36.00, 1779844637653, '2026-05-26 20:17:17', 'Cobro con QR', '', 'FACUNDO MAZA CALDERON  te hizo un pago de S/ 36.0', 'FACUNDO MAZA CALDERON  te hizo un pago de S/ 36.0', '', '', '', 'com.bbva.GEMA.global', '{\"app\":\"com.bbva.GEMA.global\",\"audioContentsURI\":\"\",\"bigText\":\"FACUNDO MAZA CALDERON  te hizo un pago de S/ 36.0\",\"extraInfoText\":\"\",\"groupedMessages\":[],\"icon\":\"\",\"iconLarge\":\"\",\"image\":\"\",\"imageBackgroundURI\":\"\",\"subText\":\"\",\"summaryText\":\"\",\"text\":\"FACUNDO MAZA CALDERON  te hizo un pago de S/ 36.0\",\"time\":\"1779844637653\",\"title\":\"Cobro con QR\",\"titleBig\":\"\"}', '2026-05-26 20:29:27', NULL),
(558, 'SARITA SOFIA MARCA CHACMANA', 6.00, 1779844749043, '2026-05-26 20:19:09', 'Cobro con QR', '', 'SARITA SOFIA MARCA CHACMANA  te hizo un pago de S/ 6.0', 'SARITA SOFIA MARCA CHACMANA  te hizo un pago de S/ 6.0', '', '', '', 'com.bbva.GEMA.global', '{\"app\":\"com.bbva.GEMA.global\",\"audioContentsURI\":\"\",\"bigText\":\"SARITA SOFIA MARCA CHACMANA  te hizo un pago de S/ 6.0\",\"extraInfoText\":\"\",\"groupedMessages\":[],\"icon\":\"\",\"iconLarge\":\"\",\"image\":\"\",\"imageBackgroundURI\":\"\",\"subText\":\"\",\"summaryText\":\"\",\"text\":\"SARITA SOFIA MARCA CHACMANA  te hizo un pago de S/ 6.0\",\"time\":\"1779844749043\",\"title\":\"Cobro con QR\",\"titleBig\":\"\"}', '2026-05-26 20:29:27', NULL),
(559, 'NORMA FELICITA NN CORDOVA', 5.00, 1779846693243, '2026-05-26 20:51:33', 'Cobro con QR', '', 'NORMA FELICITA NN CORDOVA  te hizo un pago de S/ 5.0', 'NORMA FELICITA NN CORDOVA  te hizo un pago de S/ 5.0', '', '', '', 'com.bbva.GEMA.global', '{\"app\":\"com.bbva.GEMA.global\",\"audioContentsURI\":\"\",\"bigText\":\"NORMA FELICITA NN CORDOVA  te hizo un pago de S/ 5.0\",\"extraInfoText\":\"\",\"groupedMessages\":[],\"icon\":\"\",\"iconLarge\":\"\",\"image\":\"\",\"imageBackgroundURI\":\"\",\"subText\":\"\",\"summaryText\":\"\",\"text\":\"NORMA FELICITA NN CORDOVA  te hizo un pago de S/ 5.0\",\"time\":\"1779846693243\",\"title\":\"Cobro con QR\",\"titleBig\":\"\"}', '2026-05-26 21:02:06', NULL),
(561, 'LIDIA CONSUELO TORO SAYAS', 13.90, 1779845755531, '2026-05-26 20:35:55', 'Cobro con QR', '', 'LIDIA CONSUELO TORO SAYAS  te hizo un pago de S/ 13.9', 'LIDIA CONSUELO TORO SAYAS  te hizo un pago de S/ 13.9', '', '', '', 'com.bbva.GEMA.global', '{\"app\":\"com.bbva.GEMA.global\",\"audioContentsURI\":\"\",\"bigText\":\"LIDIA CONSUELO TORO SAYAS  te hizo un pago de S/ 13.9\",\"extraInfoText\":\"\",\"groupedMessages\":[],\"icon\":\"\",\"iconLarge\":\"\",\"image\":\"\",\"imageBackgroundURI\":\"\",\"subText\":\"\",\"summaryText\":\"\",\"text\":\"LIDIA CONSUELO TORO SAYAS  te hizo un pago de S/ 13.9\",\"time\":\"1779845755531\",\"title\":\"Cobro con QR\",\"titleBig\":\"\"}', '2026-05-26 21:02:06', NULL),
(562, 'ELIZABETH HILDA NAVARRO UTRILLA', 49.90, 1779846405862, '2026-05-26 20:46:45', 'Cobro con QR', '', 'ELIZABETH HILDA NAVARRO UTRILLA  te hizo un pago de S/ 49.9', 'ELIZABETH HILDA NAVARRO UTRILLA  te hizo un pago de S/ 49.9', '', '', '', 'com.bbva.GEMA.global', '{\"app\":\"com.bbva.GEMA.global\",\"audioContentsURI\":\"\",\"bigText\":\"ELIZABETH HILDA NAVARRO UTRILLA  te hizo un pago de S/ 49.9\",\"extraInfoText\":\"\",\"groupedMessages\":[],\"icon\":\"\",\"iconLarge\":\"\",\"image\":\"\",\"imageBackgroundURI\":\"\",\"subText\":\"\",\"summaryText\":\"\",\"text\":\"ELIZABETH HILDA NAVARRO UTRILLA  te hizo un pago de S/ 49.9\",\"time\":\"1779846405862\",\"title\":\"Cobro con QR\",\"titleBig\":\"\"}', '2026-05-26 21:02:06', NULL),
(563, 'LUZ MARIA ALABAN CRUZ', 3.40, 1779846042267, '2026-05-26 20:40:42', 'Cobro con QR', '', 'LUZ MARIA ALABAN CRUZ  te hizo un pago de S/ 3.4', 'LUZ MARIA ALABAN CRUZ  te hizo un pago de S/ 3.4', '', '', '', 'com.bbva.GEMA.global', '{\"app\":\"com.bbva.GEMA.global\",\"audioContentsURI\":\"\",\"bigText\":\"LUZ MARIA ALABAN CRUZ  te hizo un pago de S/ 3.4\",\"extraInfoText\":\"\",\"groupedMessages\":[],\"icon\":\"\",\"iconLarge\":\"\",\"image\":\"\",\"imageBackgroundURI\":\"\",\"subText\":\"\",\"summaryText\":\"\",\"text\":\"LUZ MARIA ALABAN CRUZ  te hizo un pago de S/ 3.4\",\"time\":\"1779846042267\",\"title\":\"Cobro con QR\",\"titleBig\":\"\"}', '2026-05-26 21:02:58', NULL),
(564, 'PATRICIA GIULIANA GRANADOS MUNOZ', 6.50, 1779847069270, '2026-05-26 20:57:49', 'Cobro con QR', '', 'PATRICIA GIULIANA GRANADOS MUNOZ  te hizo un pago de S/ 6.5', 'PATRICIA GIULIANA GRANADOS MUNOZ  te hizo un pago de S/ 6.5', '', '', '', 'com.bbva.GEMA.global', '{\"app\":\"com.bbva.GEMA.global\",\"audioContentsURI\":\"\",\"bigText\":\"PATRICIA GIULIANA GRANADOS MUNOZ  te hizo un pago de S/ 6.5\",\"extraInfoText\":\"\",\"groupedMessages\":[],\"icon\":\"\",\"iconLarge\":\"\",\"image\":\"\",\"imageBackgroundURI\":\"\",\"subText\":\"\",\"summaryText\":\"\",\"text\":\"PATRICIA GIULIANA GRANADOS MUNOZ  te hizo un pago de S/ 6.5\",\"time\":\"1779847069270\",\"title\":\"Cobro con QR\",\"titleBig\":\"\"}', '2026-05-26 21:02:58', NULL),
(565, 'JHOVANA VEGA VEGA', 10.00, 1779845708025, '2026-05-26 20:35:08', 'Cobro con QR', '', 'JHOVANA VEGA VEGA  te hizo un pago de S/ 10.0', 'JHOVANA VEGA VEGA  te hizo un pago de S/ 10.0', '', '', '', 'com.bbva.GEMA.global', '{\"app\":\"com.bbva.GEMA.global\",\"audioContentsURI\":\"\",\"bigText\":\"JHOVANA VEGA VEGA  te hizo un pago de S/ 10.0\",\"extraInfoText\":\"\",\"groupedMessages\":[],\"icon\":\"\",\"iconLarge\":\"\",\"image\":\"\",\"imageBackgroundURI\":\"\",\"subText\":\"\",\"summaryText\":\"\",\"text\":\"JHOVANA VEGA VEGA  te hizo un pago de S/ 10.0\",\"time\":\"1779845708025\",\"title\":\"Cobro con QR\",\"titleBig\":\"\"}', '2026-05-26 21:02:58', NULL),
(566, 'IRMA ROXANA DE LA', 9.30, 1779847000674, '2026-05-26 20:56:40', 'Cobro con QR', '', 'IRMA ROXANA DE LA  te hizo un pago de S/ 9.3', 'IRMA ROXANA DE LA  te hizo un pago de S/ 9.3', '', '', '', 'com.bbva.GEMA.global', '{\"app\":\"com.bbva.GEMA.global\",\"audioContentsURI\":\"\",\"bigText\":\"IRMA ROXANA DE LA  te hizo un pago de S/ 9.3\",\"extraInfoText\":\"\",\"groupedMessages\":[],\"icon\":\"\",\"iconLarge\":\"\",\"image\":\"\",\"imageBackgroundURI\":\"\",\"subText\":\"\",\"summaryText\":\"\",\"text\":\"IRMA ROXANA DE LA  te hizo un pago de S/ 9.3\",\"time\":\"1779847000674\",\"title\":\"Cobro con QR\",\"titleBig\":\"\"}', '2026-05-26 21:02:58', NULL),
(567, 'DORIS SILVERIA SANTANA CCALLME', 6.90, 1779847170230, '2026-05-26 20:59:30', 'Cobro con QR', '', 'DORIS SILVERIA SANTANA CCALLME  te hizo un pago de S/ 6.9', 'DORIS SILVERIA SANTANA CCALLME  te hizo un pago de S/ 6.9', '', '', '', 'com.bbva.GEMA.global', '{\"app\":\"com.bbva.GEMA.global\",\"audioContentsURI\":\"\",\"bigText\":\"DORIS SILVERIA SANTANA CCALLME  te hizo un pago de S/ 6.9\",\"extraInfoText\":\"\",\"groupedMessages\":[],\"icon\":\"\",\"iconLarge\":\"\",\"image\":\"\",\"imageBackgroundURI\":\"\",\"subText\":\"\",\"summaryText\":\"\",\"text\":\"DORIS SILVERIA SANTANA CCALLME  te hizo un pago de S/ 6.9\",\"time\":\"1779847170230\",\"title\":\"Cobro con QR\",\"titleBig\":\"\"}', '2026-05-26 21:02:58', NULL),
(568, 'DISTRIBUIDORA E IMPORTADORA INTER', 26.50, 1779847067263, '2026-05-26 20:57:47', 'Cobro con QR', '', 'DISTRIBUIDORA E IMPORTADORA INTER  te hizo un pago de S/ 26.5', 'DISTRIBUIDORA E IMPORTADORA INTER  te hizo un pago de S/ 26.5', '', '', '', 'com.bbva.GEMA.global', '{\"app\":\"com.bbva.GEMA.global\",\"audioContentsURI\":\"\",\"bigText\":\"DISTRIBUIDORA E IMPORTADORA INTER  te hizo un pago de S/ 26.5\",\"extraInfoText\":\"\",\"groupedMessages\":[],\"icon\":\"\",\"iconLarge\":\"\",\"image\":\"\",\"imageBackgroundURI\":\"\",\"subText\":\"\",\"summaryText\":\"\",\"text\":\"DISTRIBUIDORA E IMPORTADORA INTER  te hizo un pago de S/ 26.5\",\"time\":\"1779847067263\",\"title\":\"Cobro con QR\",\"titleBig\":\"\"}', '2026-05-26 21:02:59', NULL),
(569, 'GREGORY JOSE GONZALEZ ARCILA', 34.90, 1779847203161, '2026-05-26 21:00:03', 'Cobro con QR', '', 'GREGORY JOSE GONZALEZ ARCILA  te hizo un pago de S/ 34.9', 'GREGORY JOSE GONZALEZ ARCILA  te hizo un pago de S/ 34.9', '', '', '', 'com.bbva.GEMA.global', '{\"app\":\"com.bbva.GEMA.global\",\"audioContentsURI\":\"\",\"bigText\":\"GREGORY JOSE GONZALEZ ARCILA  te hizo un pago de S/ 34.9\",\"extraInfoText\":\"\",\"groupedMessages\":[],\"icon\":\"\",\"iconLarge\":\"\",\"image\":\"\",\"imageBackgroundURI\":\"\",\"subText\":\"\",\"summaryText\":\"\",\"text\":\"GREGORY JOSE GONZALEZ ARCILA  te hizo un pago de S/ 34.9\",\"time\":\"1779847203161\",\"title\":\"Cobro con QR\",\"titleBig\":\"\"}', '2026-05-26 21:02:59', NULL),
(570, 'MARCO LEONARDO ORE CHIRA', 14.50, 1779847377593, '2026-05-26 21:02:57', 'Cobro con QR', '', 'MARCO LEONARDO ORE CHIRA te hizo un pago de S/ 14.5', 'MARCO LEONARDO ORE CHIRA te hizo un pago de S/ 14.5', '', '', '', 'com.bbva.GEMA.global', '{\"app\":\"com.bbva.GEMA.global\",\"audioContentsURI\":\"\",\"bigText\":\"MARCO LEONARDO ORE CHIRA te hizo un pago de S/ 14.5\",\"extraInfoText\":\"\",\"groupedMessages\":[],\"icon\":\"\",\"iconLarge\":\"\",\"image\":\"\",\"imageBackgroundURI\":\"\",\"subText\":\"\",\"summaryText\":\"\",\"text\":\"MARCO LEONARDO ORE CHIRA te hizo un pago de S/ 14.5\",\"time\":\"1779847377593\",\"title\":\"Cobro con QR\",\"titleBig\":\"\"}', '2026-05-26 21:02:59', NULL),
(571, 'LIZ MATEO MEJIA', 8.00, 1779847625480, '2026-05-26 21:07:05', 'Cobro con QR', '', 'LIZ MATEO MEJIA  te hizo un pago de S/ 8.0', 'LIZ MATEO MEJIA  te hizo un pago de S/ 8.0', '', '', '', 'com.bbva.GEMA.global', '{\"app\":\"com.bbva.GEMA.global\",\"audioContentsURI\":\"\",\"bigText\":\"LIZ MATEO MEJIA  te hizo un pago de S/ 8.0\",\"extraInfoText\":\"\",\"groupedMessages\":[],\"icon\":\"\",\"iconLarge\":\"\",\"image\":\"\",\"imageBackgroundURI\":\"\",\"subText\":\"\",\"summaryText\":\"\",\"text\":\"LIZ MATEO MEJIA  te hizo un pago de S/ 8.0\",\"time\":\"1779847625480\",\"title\":\"Cobro con QR\",\"titleBig\":\"\"}', '2026-05-26 21:07:31', NULL),
(572, 'MIRIAM YHULISA TERRONES MARCO', 22.40, 1779847923548, '2026-05-26 21:12:03', 'Cobro con QR', '', 'MIRIAM YHULISA TERRONES MARCO  te hizo un pago de S/ 22.4', 'MIRIAM YHULISA TERRONES MARCO  te hizo un pago de S/ 22.4', '', '', '', 'com.bbva.GEMA.global', '{\"app\":\"com.bbva.GEMA.global\",\"audioContentsURI\":\"\",\"bigText\":\"MIRIAM YHULISA TERRONES MARCO  te hizo un pago de S/ 22.4\",\"extraInfoText\":\"\",\"groupedMessages\":[],\"icon\":\"\",\"iconLarge\":\"\",\"image\":\"\",\"imageBackgroundURI\":\"\",\"subText\":\"\",\"summaryText\":\"\",\"text\":\"MIRIAM YHULISA TERRONES MARCO  te hizo un pago de S/ 22.4\",\"time\":\"1779847923548\",\"title\":\"Cobro con QR\",\"titleBig\":\"\"}', '2026-05-26 21:18:03', NULL),
(573, 'GIAN CARLO VILCAMICHE CHAVEZ', 2.00, 1779847972314, '2026-05-26 21:12:52', 'Cobro con QR', '', 'GIAN CARLO VILCAMICHE CHAVEZ  te hizo un pago de S/ 2.0', 'GIAN CARLO VILCAMICHE CHAVEZ  te hizo un pago de S/ 2.0', '', '', '', 'com.bbva.GEMA.global', '{\"app\":\"com.bbva.GEMA.global\",\"audioContentsURI\":\"\",\"bigText\":\"GIAN CARLO VILCAMICHE CHAVEZ  te hizo un pago de S/ 2.0\",\"extraInfoText\":\"\",\"groupedMessages\":[],\"icon\":\"\",\"iconLarge\":\"\",\"image\":\"\",\"imageBackgroundURI\":\"\",\"subText\":\"\",\"summaryText\":\"\",\"text\":\"GIAN CARLO VILCAMICHE CHAVEZ  te hizo un pago de S/ 2.0\",\"time\":\"1779847972314\",\"title\":\"Cobro con QR\",\"titleBig\":\"\"}', '2026-05-26 21:18:03', NULL),
(574, 'LUIS DAVID ALVARADO ALVARO', 4.00, 1779849232805, '2026-05-26 21:33:52', 'Cobro con QR', '', 'LUIS DAVID ALVARADO ALVARO  te hizo un pago de S/ 4.0', 'LUIS DAVID ALVARADO ALVARO  te hizo un pago de S/ 4.0', '', '', '', 'com.bbva.GEMA.global', '{\"app\":\"com.bbva.GEMA.global\",\"audioContentsURI\":\"\",\"bigText\":\"LUIS DAVID ALVARADO ALVARO  te hizo un pago de S/ 4.0\",\"extraInfoText\":\"\",\"groupedMessages\":[],\"icon\":\"\",\"iconLarge\":\"\",\"image\":\"\",\"imageBackgroundURI\":\"\",\"subText\":\"\",\"summaryText\":\"\",\"text\":\"LUIS DAVID ALVARADO ALVARO  te hizo un pago de S/ 4.0\",\"time\":\"1779849232805\",\"title\":\"Cobro con QR\",\"titleBig\":\"\"}', '2026-05-26 21:37:04', NULL),
(576, 'GIAN CARLO VILCAMICHE CHAVEZ', 1.20, 1779850065125, '2026-05-26 21:47:45', 'Cobro con QR', '', 'GIAN CARLO VILCAMICHE CHAVEZ  te hizo un pago de S/ 1.2', 'GIAN CARLO VILCAMICHE CHAVEZ  te hizo un pago de S/ 1.2', '', '', '', 'com.bbva.GEMA.global', '{\"app\":\"com.bbva.GEMA.global\",\"audioContentsURI\":\"\",\"bigText\":\"GIAN CARLO VILCAMICHE CHAVEZ  te hizo un pago de S/ 1.2\",\"extraInfoText\":\"\",\"groupedMessages\":[],\"icon\":\"\",\"iconLarge\":\"\",\"image\":\"\",\"imageBackgroundURI\":\"\",\"subText\":\"\",\"summaryText\":\"\",\"text\":\"GIAN CARLO VILCAMICHE CHAVEZ  te hizo un pago de S/ 1.2\",\"time\":\"1779850065125\",\"title\":\"Cobro con QR\",\"titleBig\":\"\"}', '2026-05-26 21:50:37', NULL);

-- --------------------------------------------------------

--
-- Table structure for table `pagos_qr`
--

CREATE TABLE `pagos_qr` (
  `id` int(11) NOT NULL,
  `sesion_plin_id` int(11) NOT NULL,
  `pago_bbva_id` int(11) NOT NULL,
  `caja_id` int(11) NOT NULL,
  `monto` decimal(10,2) NOT NULL,
  `cliente` varchar(255) DEFAULT NULL,
  `fecha_notif` datetime DEFAULT NULL,
  `app_origen` varchar(100) DEFAULT NULL,
  `titulo` text DEFAULT NULL,
  `texto` text DEFAULT NULL,
  `texto_big` text DEFAULT NULL,
  `subtexto` text DEFAULT NULL,
  `texto_extra` text DEFAULT NULL,
  `texto_resumen` text DEFAULT NULL,
  `raw` text DEFAULT NULL,
  `reclamado_por` int(11) NOT NULL,
  `reclamado_en` datetime DEFAULT current_timestamp()
) ENGINE=InnoDB DEFAULT CHARSET=utf8mb4 COLLATE=utf8mb4_unicode_ci;

--
-- Dumping data for table `pagos_qr`
--

INSERT INTO `pagos_qr` (`id`, `sesion_plin_id`, `pago_bbva_id`, `caja_id`, `monto`, `cliente`, `fecha_notif`, `app_origen`, `titulo`, `texto`, `texto_big`, `subtexto`, `texto_extra`, `texto_resumen`, `raw`, `reclamado_por`, `reclamado_en`) VALUES
(1, 1, 1, 2, 1.01, 'GIAN CARLO VILCAMICHE CHAVEZ', '2026-05-22 16:57:32', 'com.bbva.GEMA.global', 'Cobro con QR', 'GIAN CARLO VILCAMICHE CHAVEZ  te hizo un pago de S/ 1.01', 'GIAN CARLO VILCAMICHE CHAVEZ  te hizo un pago de S/ 1.01', '', '', '', '{\"app\":\"com.bbva.GEMA.global\",\"audioContentsURI\":\"\",\"bigText\":\"GIAN CARLO VILCAMICHE CHAVEZ  te hizo un pago de S/ 1.01\",\"extraInfoText\":\"\",\"groupedMessages\":[],\"icon\":\"\",\"iconLarge\":\"\",\"image\":\"\",\"imageBackgroundURI\":\"\",\"subText\":\"\",\"summaryText\":\"\",\"text\":\"GIAN CARLO VILCAMICHE CHAVEZ  te hizo un pago de S/ 1.01\",\"time\":\"1779487052633\",\"title\":\"Cobro con QR\",\"titleBig\":\"\"}', 68, '2026-05-22 16:58:31'),
(2, 1, 2, 2, 1.04, 'GIAN CARLO VILCAMICHE CHAVEZ', '2026-05-22 17:03:43', 'com.bbva.GEMA.global', 'Cobro con QR', 'GIAN CARLO VILCAMICHE CHAVEZ  te hizo un pago de S/ 1.04', 'GIAN CARLO VILCAMICHE CHAVEZ  te hizo un pago de S/ 1.04', '', '', '', '{\"app\":\"com.bbva.GEMA.global\",\"audioContentsURI\":\"\",\"bigText\":\"GIAN CARLO VILCAMICHE CHAVEZ  te hizo un pago de S/ 1.04\",\"extraInfoText\":\"\",\"groupedMessages\":[],\"icon\":\"\",\"iconLarge\":\"\",\"image\":\"\",\"imageBackgroundURI\":\"\",\"subText\":\"\",\"summaryText\":\"\",\"text\":\"GIAN CARLO VILCAMICHE CHAVEZ  te hizo un pago de S/ 1.04\",\"time\":\"1779487423332\",\"title\":\"Cobro con QR\",\"titleBig\":\"\"}', 68, '2026-05-22 17:09:31'),
(3, 2, 10, 2, 2.00, 'GIAN CARLO VILCAMICHE CHAVEZ', '2026-05-22 19:26:28', 'com.bbva.GEMA.global', 'Cobro con QR', 'GIAN CARLO VILCAMICHE CHAVEZ  te hizo un pago de S/ 2.0', 'GIAN CARLO VILCAMICHE CHAVEZ  te hizo un pago de S/ 2.0', '', '', '', '{\"app\":\"com.bbva.GEMA.global\",\"audioContentsURI\":\"\",\"bigText\":\"GIAN CARLO VILCAMICHE CHAVEZ  te hizo un pago de S/ 2.0\",\"extraInfoText\":\"\",\"groupedMessages\":[],\"icon\":\"\",\"iconLarge\":\"\",\"image\":\"\",\"imageBackgroundURI\":\"\",\"subText\":\"\",\"summaryText\":\"\",\"text\":\"GIAN CARLO VILCAMICHE CHAVEZ  te hizo un pago de S/ 2.0\",\"time\":\"1779495988270\",\"title\":\"Cobro con QR\",\"titleBig\":\"\"}', 1, '2026-05-22 19:27:33'),
(4, 2, 9, 2, 1.31, 'GIAN CARLO VILCAMICHE CHAVEZ', '2026-05-22 19:10:31', 'com.bbva.GEMA.global', 'Cobro con QR', 'GIAN CARLO VILCAMICHE CHAVEZ  te hizo un pago de S/ 1.31', 'GIAN CARLO VILCAMICHE CHAVEZ  te hizo un pago de S/ 1.31', '', '', '', '{\"app\":\"com.bbva.GEMA.global\",\"audioContentsURI\":\"\",\"bigText\":\"GIAN CARLO VILCAMICHE CHAVEZ  te hizo un pago de S/ 1.31\",\"extraInfoText\":\"\",\"groupedMessages\":[],\"icon\":\"\",\"iconLarge\":\"\",\"image\":\"\",\"imageBackgroundURI\":\"\",\"subText\":\"\",\"summaryText\":\"\",\"text\":\"GIAN CARLO VILCAMICHE CHAVEZ  te hizo un pago de S/ 1.31\",\"time\":\"1779495031569\",\"title\":\"Cobro con QR\",\"titleBig\":\"\"}', 1, '2026-05-22 19:27:36'),
(5, 2, 8, 2, 1.21, 'GIAN CARLO VILCAMICHE CHAVEZ', '2026-05-22 19:04:26', 'com.bbva.GEMA.global', 'Cobro con QR', 'GIAN CARLO VILCAMICHE CHAVEZ  te hizo un pago de S/ 1.21', 'GIAN CARLO VILCAMICHE CHAVEZ  te hizo un pago de S/ 1.21', '', '', '', '{\"app\":\"com.bbva.GEMA.global\",\"audioContentsURI\":\"\",\"bigText\":\"GIAN CARLO VILCAMICHE CHAVEZ  te hizo un pago de S/ 1.21\",\"extraInfoText\":\"\",\"groupedMessages\":[],\"icon\":\"\",\"iconLarge\":\"\",\"image\":\"\",\"imageBackgroundURI\":\"\",\"subText\":\"\",\"summaryText\":\"\",\"text\":\"GIAN CARLO VILCAMICHE CHAVEZ  te hizo un pago de S/ 1.21\",\"time\":\"1779494666496\",\"title\":\"Cobro con QR\",\"titleBig\":\"\"}', 1, '2026-05-22 19:27:37'),
(6, 2, 6, 2, 1.01, 'GIAN CARLO VILCAMICHE CHAVEZ', '2026-05-22 18:34:23', 'com.bbva.GEMA.global', 'Cobro con QR', 'GIAN CARLO VILCAMICHE CHAVEZ  te hizo un pago de S/ 1.01', 'GIAN CARLO VILCAMICHE CHAVEZ  te hizo un pago de S/ 1.01', '', '', '', '{\"app\":\"com.bbva.GEMA.global\",\"audioContentsURI\":\"\",\"bigText\":\"GIAN CARLO VILCAMICHE CHAVEZ  te hizo un pago de S/ 1.01\",\"extraInfoText\":\"\",\"groupedMessages\":[],\"icon\":\"\",\"iconLarge\":\"\",\"image\":\"\",\"imageBackgroundURI\":\"\",\"subText\":\"\",\"summaryText\":\"\",\"text\":\"GIAN CARLO VILCAMICHE CHAVEZ  te hizo un pago de S/ 1.01\",\"time\":\"1779492863832\",\"title\":\"Cobro con QR\",\"titleBig\":\"\"}', 1, '2026-05-22 19:27:38');

-- --------------------------------------------------------

--
-- Table structure for table `pago_deposito`
--

CREATE TABLE `pago_deposito` (
  `id_pago_deposito` int(11) NOT NULL,
  `sesion_id` int(11) NOT NULL,
  `origen` enum('CUADRE','CORRECCION') NOT NULL DEFAULT 'CUADRE',
  `postulante_emisor_id` int(11) NOT NULL,
  `numero_comprobante` varchar(100) DEFAULT NULL,
  `monto` decimal(10,2) NOT NULL,
  `estado` enum('APROBADO') NOT NULL DEFAULT 'APROBADO',
  `fecha_registro` timestamp NOT NULL DEFAULT current_timestamp()
) ENGINE=InnoDB DEFAULT CHARSET=utf8mb4 COLLATE=utf8mb4_unicode_ci;

--
-- Dumping data for table `pago_deposito`
--

INSERT INTO `pago_deposito` (`id_pago_deposito`, `sesion_id`, `origen`, `postulante_emisor_id`, `numero_comprobante`, `monto`, `estado`, `fecha_registro`) VALUES
(6, 113, 'CUADRE', 22, 'deposito grupo kgyr', 11000.00, 'APROBADO', '2026-05-13 20:00:35'),
(7, 114, 'CUADRE', 11, NULL, 12000.00, 'APROBADO', '2026-05-13 23:51:05'),
(8, 128, 'CUADRE', 22, 'deposito grupo kgyr', 10000.00, 'APROBADO', '2026-05-15 19:54:39'),
(9, 206, 'CUADRE', 22, 'deposito a grupo kgyr', 11000.00, 'APROBADO', '2026-05-22 20:01:14');

-- --------------------------------------------------------

--
-- Table structure for table `pago_factura`
--

CREATE TABLE `pago_factura` (
  `id_pago_factura` int(11) NOT NULL,
  `sesion_id` int(11) NOT NULL,
  `origen` enum('CUADRE','CORRECCION') NOT NULL DEFAULT 'CUADRE',
  `postulante_emisor_id` int(11) NOT NULL,
  `tipo_documento` enum('BOLETA','FACTURA','NOTA_DE_VENTA') NOT NULL,
  `monto` decimal(10,2) NOT NULL,
  `numero_comprobante` varchar(100) DEFAULT NULL,
  `estado` enum('APROBADO') NOT NULL DEFAULT 'APROBADO',
  `fecha_registro` timestamp NOT NULL DEFAULT current_timestamp()
) ENGINE=InnoDB DEFAULT CHARSET=utf8mb4 COLLATE=utf8mb4_unicode_ci;

--
-- Dumping data for table `pago_factura`
--

INSERT INTO `pago_factura` (`id_pago_factura`, `sesion_id`, `origen`, `postulante_emisor_id`, `tipo_documento`, `monto`, `numero_comprobante`, `estado`, `fecha_registro`) VALUES
(1, 93, 'CUADRE', 57, 'BOLETA', 69.00, 'CIRO', 'APROBADO', '2026-05-12 04:12:17'),
(2, 122, 'CUADRE', 17, 'BOLETA', 543.40, NULL, 'APROBADO', '2026-05-14 20:16:48'),
(3, 126, 'CUADRE', 57, 'BOLETA', 767.98, 'alcohol rodrigo', 'APROBADO', '2026-05-15 04:09:34'),
(4, 126, 'CUADRE', 57, 'BOLETA', 774.12, 'calcibone', 'APROBADO', '2026-05-15 04:09:34'),
(5, 129, 'CUADRE', 17, 'BOLETA', 5.50, NULL, 'APROBADO', '2026-05-15 20:07:37'),
(6, 136, 'CUADRE', 53, 'BOLETA', 13.00, 'compra de ciro', 'APROBADO', '2026-05-16 04:04:54'),
(7, 163, 'CUADRE', 57, 'BOLETA', 3.00, 'micropur', 'APROBADO', '2026-05-18 20:13:07'),
(8, 169, 'CUADRE', 53, 'BOLETA', 150.00, 'compra de ciro', 'APROBADO', '2026-05-19 04:01:36'),
(9, 188, 'CUADRE', 17, 'BOLETA', 156.00, NULL, 'APROBADO', '2026-05-20 20:06:02'),
(10, 216, 'CUADRE', 17, 'BOLETA', 26.50, NULL, 'APROBADO', '2026-05-23 20:11:38'),
(11, 215, 'CUADRE', 57, 'BOLETA', 40.00, 'lencetas', 'APROBADO', '2026-05-23 20:12:08'),
(12, 220, 'CUADRE', 53, 'BOLETA', 34.50, 'compra de ciro', 'APROBADO', '2026-05-24 04:10:58'),
(13, 220, 'CUADRE', 53, 'BOLETA', 4.80, 'compra de aldogon', 'APROBADO', '2026-05-24 04:10:58'),
(14, 231, 'CUADRE', 17, 'BOLETA', 36.00, NULL, 'APROBADO', '2026-05-25 04:11:45'),
(15, 231, 'CUADRE', 17, 'BOLETA', 18.00, NULL, 'APROBADO', '2026-05-25 04:11:45'),
(16, 239, 'CUADRE', 57, 'BOLETA', 842.60, NULL, 'APROBADO', '2026-05-26 04:14:59'),
(17, 252, 'CUADRE', 53, 'BOLETA', 22.50, 'compra de sicker de precio', 'APROBADO', '2026-05-26 20:11:02'),
(18, 248, 'CUADRE', 57, 'BOLETA', 49.00, 'limpieza', 'APROBADO', '2026-05-26 20:13:54'),
(19, 248, 'CUADRE', 57, 'BOLETA', 9.50, 'botica', 'APROBADO', '2026-05-26 20:13:54'),
(20, 254, 'CUADRE', 57, 'BOLETA', 23.00, 'cluvax', 'APROBADO', '2026-05-27 04:07:32');

-- --------------------------------------------------------

--
-- Table structure for table `pago_local`
--

CREATE TABLE `pago_local` (
  `id_pago_local` int(11) NOT NULL,
  `sesion_id` int(11) NOT NULL,
  `origen` enum('CUADRE','CORRECCION') NOT NULL DEFAULT 'CUADRE',
  `tipo_egreso_id` tinyint(3) UNSIGNED DEFAULT NULL,
  `local_id` int(11) NOT NULL,
  `postulante_emisor_id` int(11) NOT NULL,
  `concepto_id` int(11) DEFAULT NULL,
  `monto` decimal(10,2) NOT NULL,
  `numero_operacion` varchar(100) DEFAULT NULL,
  `comprobante_url` varchar(255) DEFAULT NULL,
  `fecha_pago` timestamp NOT NULL DEFAULT current_timestamp(),
  `fecha_revision` timestamp NULL DEFAULT NULL,
  `estado` enum('PENDIENTE','OBSERVADO','RECHAZADO','APROBADO') NOT NULL DEFAULT 'PENDIENTE',
  `observacion_revision` text DEFAULT NULL
) ENGINE=InnoDB DEFAULT CHARSET=utf8mb4 COLLATE=utf8mb4_unicode_ci;

--
-- Dumping data for table `pago_local`
--

INSERT INTO `pago_local` (`id_pago_local`, `sesion_id`, `origen`, `tipo_egreso_id`, `local_id`, `postulante_emisor_id`, `concepto_id`, `monto`, `numero_operacion`, `comprobante_url`, `fecha_pago`, `fecha_revision`, `estado`, `observacion_revision`) VALUES
(3, 191, 'CUADRE', 2, 2, 70, 1, 5300.00, NULL, NULL, '2026-05-21 03:56:21', NULL, 'APROBADO', NULL),
(4, 233, 'CUADRE', 2, 3, 57, 3, 955.00, NULL, NULL, '2026-05-25 20:18:46', NULL, 'APROBADO', NULL),
(5, 233, 'CUADRE', 2, 3, 57, 4, 120.00, NULL, NULL, '2026-05-25 20:18:46', NULL, 'APROBADO', NULL);

-- --------------------------------------------------------

--
-- Table structure for table `pago_personal`
--

CREATE TABLE `pago_personal` (
  `id_pago_personal` int(11) NOT NULL,
  `sesion_id` int(11) NOT NULL,
  `origen` enum('CUADRE','CORRECCION') NOT NULL DEFAULT 'CUADRE',
  `postulante_emisor_id` int(11) NOT NULL,
  `postulante_beneficiario_id` int(11) NOT NULL,
  `postulante_revisor_id` int(11) DEFAULT NULL,
  `monto` decimal(10,2) NOT NULL,
  `tipo_pago` enum('ADELANTO','PAGO_TOTAL','DESCUENTO') NOT NULL DEFAULT 'PAGO_TOTAL',
  `numero_operacion` varchar(100) DEFAULT NULL,
  `comprobante_url` varchar(255) DEFAULT NULL,
  `fecha_pago` timestamp NOT NULL DEFAULT current_timestamp(),
  `fecha_confirmacion_beneficiario` timestamp NULL DEFAULT NULL,
  `fecha_revision` timestamp NULL DEFAULT NULL,
  `estado` enum('PENDIENTE','PAGADO','CONFIRMADO_BENEFICIARIO','OBSERVADO','RECHAZADO','APROBADO') NOT NULL DEFAULT 'PENDIENTE',
  `observacion_beneficiario` text DEFAULT NULL,
  `observacion_revision` text DEFAULT NULL
) ENGINE=InnoDB DEFAULT CHARSET=utf8mb4 COLLATE=utf8mb4_unicode_ci;

--
-- Dumping data for table `pago_personal`
--

INSERT INTO `pago_personal` (`id_pago_personal`, `sesion_id`, `origen`, `postulante_emisor_id`, `postulante_beneficiario_id`, `postulante_revisor_id`, `monto`, `tipo_pago`, `numero_operacion`, `comprobante_url`, `fecha_pago`, `fecha_confirmacion_beneficiario`, `fecha_revision`, `estado`, `observacion_beneficiario`, `observacion_revision`) VALUES
(4, 55, 'CUADRE', 69, 69, NULL, 640.00, 'PAGO_TOTAL', NULL, NULL, '2026-05-09 04:10:44', NULL, NULL, 'PAGADO', NULL, NULL),
(5, 61, 'CUADRE', 73, 22, NULL, 649.99, 'PAGO_TOTAL', NULL, NULL, '2026-05-09 20:03:56', NULL, NULL, 'PAGADO', NULL, NULL),
(11, 68, 'CUADRE', 17, 73, NULL, 150.00, 'PAGO_TOTAL', NULL, NULL, '2026-05-10 20:03:36', NULL, NULL, 'PAGADO', NULL, NULL),
(12, 87, 'CUADRE', 57, 70, NULL, 840.00, 'ADELANTO', NULL, NULL, '2026-05-11 20:11:59', NULL, NULL, 'PAGADO', NULL, NULL),
(13, 87, 'CUADRE', 57, 72, NULL, 103.00, 'PAGO_TOTAL', NULL, NULL, '2026-05-11 20:11:59', NULL, NULL, 'PAGADO', NULL, NULL),
(14, 93, 'CUADRE', 57, 54, NULL, 350.00, 'PAGO_TOTAL', NULL, NULL, '2026-05-12 04:12:17', NULL, NULL, 'PAGADO', NULL, NULL),
(15, 95, 'CUADRE', 57, 72, NULL, 53.00, 'PAGO_TOTAL', NULL, NULL, '2026-05-12 20:10:31', NULL, NULL, 'PAGADO', NULL, NULL),
(18, 105, 'CUADRE', 17, 73, NULL, 100.00, 'PAGO_TOTAL', NULL, NULL, '2026-05-13 05:52:26', NULL, NULL, 'PAGADO', NULL, NULL),
(19, 116, 'CUADRE', 17, 5, NULL, 1700.00, 'PAGO_TOTAL', NULL, NULL, '2026-05-14 03:58:21', NULL, NULL, 'PAGADO', NULL, NULL),
(20, 122, 'CUADRE', 17, 17, NULL, 800.00, 'PAGO_TOTAL', NULL, NULL, '2026-05-14 20:16:48', NULL, NULL, 'PAGADO', NULL, NULL),
(21, 122, 'CUADRE', 17, 57, NULL, 565.00, 'PAGO_TOTAL', NULL, NULL, '2026-05-14 20:16:48', NULL, NULL, 'PAGADO', NULL, NULL),
(22, 134, 'CUADRE', 69, 53, NULL, 625.00, 'PAGO_TOTAL', NULL, NULL, '2026-05-16 04:07:36', NULL, NULL, 'PAGADO', NULL, NULL),
(23, 152, 'CUADRE', 17, 73, NULL, 815.00, 'PAGO_TOTAL', NULL, NULL, '2026-05-17 20:02:54', NULL, NULL, 'PAGADO', NULL, NULL),
(24, 168, 'CUADRE', 57, 71, NULL, 600.00, 'PAGO_TOTAL', NULL, NULL, '2026-05-19 04:11:16', NULL, NULL, 'PAGADO', NULL, NULL),
(25, 168, 'CUADRE', 57, 69, NULL, 600.00, 'PAGO_TOTAL', NULL, NULL, '2026-05-19 04:11:16', NULL, NULL, 'PAGADO', NULL, NULL),
(26, 182, 'CUADRE', 17, 60, NULL, 1050.00, 'PAGO_TOTAL', NULL, NULL, '2026-05-20 04:14:23', NULL, NULL, 'PAGADO', NULL, NULL),
(27, 194, 'CUADRE', 69, 11, NULL, 500.00, 'PAGO_TOTAL', NULL, NULL, '2026-05-21 04:02:03', NULL, NULL, 'PAGADO', NULL, NULL),
(28, 194, 'CUADRE', 69, 61, NULL, 760.00, 'PAGO_TOTAL', NULL, NULL, '2026-05-21 04:02:03', NULL, NULL, 'PAGADO', NULL, NULL),
(29, 201, 'CUADRE', 17, 68, NULL, 720.00, 'PAGO_TOTAL', NULL, NULL, '2026-05-22 04:09:02', NULL, NULL, 'PAGADO', NULL, NULL),
(30, 207, 'CUADRE', 17, 71, NULL, 720.00, 'PAGO_TOTAL', NULL, NULL, '2026-05-22 20:03:21', NULL, NULL, 'PAGADO', NULL, NULL),
(31, 231, 'CUADRE', 17, 22, NULL, 650.00, 'PAGO_TOTAL', NULL, NULL, '2026-05-25 04:11:45', NULL, NULL, 'PAGADO', NULL, NULL),
(32, 233, 'CUADRE', 57, 70, NULL, 600.00, 'PAGO_TOTAL', NULL, NULL, '2026-05-25 20:18:46', NULL, NULL, 'PAGADO', NULL, NULL),
(33, 233, 'CUADRE', 57, 72, NULL, 3.00, 'PAGO_TOTAL', NULL, NULL, '2026-05-25 20:18:46', NULL, NULL, 'PAGADO', NULL, NULL),
(34, 252, 'CUADRE', 53, 73, NULL, 150.00, 'PAGO_TOTAL', NULL, NULL, '2026-05-26 20:11:02', NULL, NULL, 'PAGADO', NULL, NULL),
(35, 254, 'CUADRE', 57, 72, NULL, 500.00, 'PAGO_TOTAL', NULL, NULL, '2026-05-27 04:07:32', NULL, NULL, 'PAGADO', NULL, NULL);

-- --------------------------------------------------------

--
-- Table structure for table `plantilla_horario`
--

CREATE TABLE `plantilla_horario` (
  `id_plantilla` int(11) NOT NULL,
  `local_id` int(11) NOT NULL,
  `turno_id` int(11) NOT NULL,
  `rol_horario_id` int(11) NOT NULL,
  `cantidad` tinyint(4) NOT NULL DEFAULT 1
) ENGINE=InnoDB DEFAULT CHARSET=utf8mb4 COLLATE=utf8mb4_unicode_ci;

--
-- Dumping data for table `plantilla_horario`
--

INSERT INTO `plantilla_horario` (`id_plantilla`, `local_id`, `turno_id`, `rol_horario_id`, `cantidad`) VALUES
(1, 2, 1, 1, 1),
(2, 2, 1, 2, 1),
(3, 2, 1, 3, 1),
(4, 2, 2, 1, 1),
(5, 2, 2, 2, 1),
(6, 2, 2, 3, 1),
(7, 3, 1, 1, 3),
(8, 3, 1, 2, 2),
(9, 3, 1, 3, 2),
(10, 3, 2, 1, 3),
(11, 3, 2, 2, 2),
(12, 3, 2, 3, 2),
(13, 4, 1, 1, 1),
(14, 4, 1, 2, 1),
(15, 4, 1, 3, 1),
(16, 4, 2, 1, 1),
(17, 4, 2, 2, 1),
(18, 4, 2, 3, 1),
(19, 2, 1, 4, 1),
(20, 3, 1, 4, 1),
(21, 4, 1, 4, 1),
(22, 2, 2, 4, 1),
(23, 3, 2, 4, 1),
(24, 4, 2, 4, 1);

-- --------------------------------------------------------

--
-- Table structure for table `postulacion`
--

CREATE TABLE `postulacion` (
  `id_postulacion` int(11) NOT NULL,
  `postulante_id` int(11) NOT NULL,
  `puesto_id` int(11) NOT NULL,
  `etapa_id` int(11) DEFAULT 1,
  `visto` tinyint(1) NOT NULL DEFAULT 0,
  `fecha_vista` timestamp NULL DEFAULT NULL,
  `observacion` text DEFAULT NULL,
  `fecha_postulacion` timestamp NULL DEFAULT current_timestamp(),
  `fecha_modificacion` timestamp NULL DEFAULT current_timestamp() ON UPDATE current_timestamp()
) ENGINE=InnoDB DEFAULT CHARSET=utf8mb4 COLLATE=utf8mb4_unicode_ci;

--
-- Dumping data for table `postulacion`
--

INSERT INTO `postulacion` (`id_postulacion`, `postulante_id`, `puesto_id`, `etapa_id`, `visto`, `fecha_vista`, `observacion`, `fecha_postulacion`, `fecha_modificacion`) VALUES
(2, 1, 1, 4, 0, NULL, NULL, '2026-05-04 21:08:25', '2026-05-04 21:08:25'),
(15, 4, 7, 4, 0, NULL, NULL, '2026-05-06 00:56:32', '2026-05-06 00:56:32'),
(18, 10, 8, 4, 0, NULL, NULL, '2026-05-06 00:58:41', '2026-05-06 00:58:41'),
(20, 13, 7, 4, 0, NULL, NULL, '2026-05-06 01:10:08', '2026-05-06 01:10:08'),
(22, 5, 2, 4, 0, NULL, NULL, '2026-05-06 01:28:02', '2026-05-06 01:28:02'),
(23, 11, 7, 4, 0, NULL, NULL, '2026-05-06 01:28:28', '2026-05-06 01:28:28'),
(24, 17, 3, 4, 0, NULL, NULL, '2026-05-06 01:29:19', '2026-05-06 01:29:19'),
(25, 19, 7, 4, 0, NULL, NULL, '2026-05-06 01:31:08', '2026-05-06 01:31:08'),
(28, 22, 7, 4, 0, NULL, NULL, '2026-05-06 01:34:36', '2026-05-06 01:34:36'),
(32, 45, 7, 4, 0, NULL, NULL, '2026-05-06 01:39:39', '2026-05-06 01:39:39'),
(34, 51, 7, 4, 0, NULL, NULL, '2026-05-06 01:41:52', '2026-05-06 01:41:52'),
(38, 53, 3, 4, 0, NULL, NULL, '2026-05-06 01:46:15', '2026-05-06 01:46:15'),
(40, 54, 7, 4, 0, NULL, NULL, '2026-05-06 01:49:29', '2026-05-06 01:49:29'),
(42, 59, 7, 4, 0, NULL, NULL, '2026-05-06 01:50:30', '2026-05-06 01:50:30'),
(44, 60, 7, 4, 0, NULL, NULL, '2026-05-06 01:51:26', '2026-05-06 01:51:26'),
(46, 61, 3, 4, 0, NULL, NULL, '2026-05-06 01:52:30', '2026-05-06 01:52:30'),
(47, 12, 7, 4, 0, NULL, NULL, '2026-05-06 01:53:47', '2026-05-06 01:53:47'),
(48, 52, 3, 4, 0, NULL, NULL, '2026-05-06 01:54:27', '2026-05-06 01:54:27'),
(52, 57, 3, 4, 0, NULL, NULL, '2026-05-06 15:27:24', '2026-05-06 15:27:24'),
(55, 55, 7, 4, 0, NULL, NULL, '2026-05-06 16:32:24', '2026-05-06 16:32:24'),
(61, 69, 3, 4, 0, NULL, NULL, '2026-05-06 18:09:59', '2026-05-06 18:09:59'),
(65, 70, 7, 4, 0, NULL, NULL, '2026-05-06 21:02:12', '2026-05-06 21:02:12'),
(67, 71, 7, 4, 0, NULL, NULL, '2026-05-06 21:04:09', '2026-05-06 21:04:09'),
(69, 72, 1, 4, 0, NULL, NULL, '2026-05-06 23:34:30', '2026-05-06 23:34:30'),
(74, 73, 7, 4, 0, NULL, NULL, '2026-05-08 15:11:35', '2026-05-08 15:11:35'),
(75, 68, 7, 4, 0, NULL, NULL, '2026-05-13 18:11:20', '2026-05-13 18:11:20'),
(78, 29, 7, 4, 0, NULL, NULL, '2026-05-18 18:11:33', '2026-05-18 18:11:33');

-- --------------------------------------------------------

--
-- Table structure for table `postulante`
--

CREATE TABLE `postulante` (
  `id_postulante` int(11) NOT NULL,
  `nombres` varchar(100) DEFAULT NULL,
  `apellidos` varchar(100) DEFAULT NULL,
  `genero_id` int(11) DEFAULT NULL,
  `fecha_nacimiento` date DEFAULT NULL,
  `email` varchar(100) DEFAULT NULL,
  `telefono` varchar(15) DEFAULT NULL,
  `situacion_vivienda_id` int(11) DEFAULT NULL,
  `num_documento` varchar(8) NOT NULL,
  `direccion` varchar(255) DEFAULT NULL,
  `distrito` varchar(100) DEFAULT NULL,
  `calificacion` decimal(5,2) DEFAULT NULL,
  `foto_url` varchar(255) DEFAULT NULL,
  `fecha_registro` timestamp NULL DEFAULT current_timestamp(),
  `fecha_modificacion` timestamp NULL DEFAULT current_timestamp() ON UPDATE current_timestamp(),
  `cv_url` varchar(255) DEFAULT NULL,
  `etapa_id` int(11) DEFAULT 1,
  `tipo_personal` varchar(4) DEFAULT NULL
) ENGINE=InnoDB DEFAULT CHARSET=utf8mb4 COLLATE=utf8mb4_unicode_ci;

--
-- Dumping data for table `postulante`
--

INSERT INTO `postulante` (`id_postulante`, `nombres`, `apellidos`, `genero_id`, `fecha_nacimiento`, `email`, `telefono`, `situacion_vivienda_id`, `num_documento`, `direccion`, `distrito`, `calificacion`, `foto_url`, `fecha_registro`, `fecha_modificacion`, `cv_url`, `etapa_id`, `tipo_personal`) VALUES
(1, 'Gian Carlo', 'Vilcamiche Chávez', 1, '1991-02-16', '', '935812267', NULL, '47238914', '', '', NULL, NULL, '2026-05-04 20:58:12', '2026-05-06 00:41:20', NULL, 4, NULL),
(2, 'Solange Moulin', 'Coronel Camacllanqui', 2, NULL, 'solange@test.com', '923402449', 2, '75818239', '', '', NULL, NULL, '2026-05-04 20:58:12', '2026-05-06 02:26:31', NULL, 1, ''),
(3, 'Milagros Del Pilar', 'Huamán Cruzado', 2, '1987-10-01', NULL, '986152754', NULL, '44850621', NULL, NULL, NULL, NULL, '2026-05-04 20:58:12', '2026-05-04 20:58:12', NULL, 1, NULL),
(4, 'Dariana', 'Bautista Contreras', 2, '1999-08-19', '', '926491304', 2, '71694239', '', '', NULL, NULL, '2026-05-04 20:58:12', '2026-05-06 01:20:10', NULL, 4, 'A1'),
(5, 'Patricia del Pilar', 'Obregon Pozo', 2, '2001-08-10', '', '980815404', 2, '71637953', '', '', NULL, NULL, '2026-05-04 20:58:12', '2026-05-06 01:28:02', NULL, 4, 'B1'),
(6, 'Maryori', 'Flores Ubaldo', 2, '1999-10-16', NULL, '985951246', NULL, '75519567', NULL, NULL, NULL, NULL, '2026-05-04 20:58:12', '2026-05-04 20:58:12', NULL, 1, NULL),
(7, 'Maribel Rosario', 'Salazar Baldeon', 2, '1992-11-10', NULL, '937863443', NULL, '47512524', NULL, NULL, NULL, NULL, '2026-05-04 20:58:12', '2026-05-04 20:58:12', NULL, 1, NULL),
(8, 'María Doris', 'García Torres', 2, '1990-02-19', NULL, '932767767', NULL, '46254125', NULL, NULL, NULL, NULL, '2026-05-04 20:58:12', '2026-05-04 20:58:12', NULL, 1, NULL),
(9, 'Flor de Maria', 'Mercedes Huayta', 2, '1990-06-29', NULL, '928134625', NULL, '47752886', NULL, NULL, NULL, NULL, '2026-05-04 20:58:12', '2026-05-04 20:58:12', NULL, 1, NULL),
(10, 'Karen Lizbeth', 'Martinez Encina', 2, '2001-06-09', '', '953933814', 1, '72220359', '', '', NULL, NULL, '2026-05-04 20:58:12', '2026-05-06 01:20:10', NULL, 4, 'A1'),
(11, 'Fiorella del Rosario', 'Chambi Rafaile', 2, '1998-05-20', '', '991241518', 2, '48857877', '', '', NULL, NULL, '2026-05-04 20:58:12', '2026-05-06 01:28:28', NULL, 4, 'A1'),
(12, 'Sharik Sheylly', 'Rodriguez Pineda', 2, '2004-12-01', '', '927025545', 2, '76863236', '', '', NULL, NULL, '2026-05-04 20:58:12', '2026-05-06 01:20:10', NULL, 4, 'B1'),
(13, 'Monica', 'Quispe Ccallo', 2, '2002-03-17', '', '967697231', 2, '74399262', '', '', NULL, NULL, '2026-05-04 20:58:12', '2026-05-06 01:20:10', NULL, 4, 'B1'),
(14, 'Karin Gianina', 'Ramirez Calixto', 2, NULL, NULL, '971292140', NULL, '73389615', NULL, NULL, NULL, NULL, '2026-05-04 20:58:12', '2026-05-04 20:58:12', NULL, 1, NULL),
(15, 'Leidi', 'Peralta Colunche', 2, NULL, NULL, '924666882', NULL, '71142925', NULL, NULL, NULL, NULL, '2026-05-04 20:58:12', '2026-05-04 20:58:12', NULL, 1, NULL),
(16, 'Diana', 'Mendoza Huaman', 2, '1998-03-03', NULL, '955059406', NULL, '76221752', NULL, NULL, NULL, NULL, '2026-05-04 20:58:12', '2026-05-04 20:58:12', NULL, 1, NULL),
(17, 'Rocío Geraldinne', 'Quispe Alberco', 2, '1994-02-24', '', '936839098', 2, '72667321', '', '', NULL, NULL, '2026-05-04 20:58:12', '2026-05-06 01:29:19', NULL, 4, 'X1'),
(18, 'Guillermina Yomnis', 'Santos Basilio', 2, NULL, NULL, '912557536', NULL, '48219564', NULL, NULL, NULL, NULL, '2026-05-04 20:58:12', '2026-05-04 20:58:12', NULL, 1, NULL),
(19, 'Elizabeth', 'Flores Silva', 2, NULL, '', '', 3, '47943458', '', '', NULL, NULL, '2026-05-04 20:58:12', '2026-05-06 01:31:08', NULL, 4, 'C1'),
(20, 'Marina', 'Heredia Acuña', 2, '1987-08-15', NULL, '949451967', NULL, '44428885', NULL, NULL, NULL, NULL, '2026-05-04 20:58:12', '2026-05-04 20:58:12', NULL, 1, NULL),
(21, 'Alexander Rafael', 'Suarez Chacón', 1, '1992-06-10', NULL, '974190345', NULL, '47823006', NULL, NULL, NULL, NULL, '2026-05-04 20:58:12', '2026-05-04 20:58:12', NULL, 1, NULL),
(22, 'Yolvi Romelia', 'Patricio Flores', 2, '1995-09-07', '', '973486812', 2, '76794496', '', '', NULL, NULL, '2026-05-04 20:58:12', '2026-05-06 01:34:06', NULL, 4, 'C1'),
(23, 'Inoe', 'Ortiz Quispe', 2, NULL, NULL, '921014820', NULL, '70576163', NULL, NULL, NULL, NULL, '2026-05-04 20:58:12', '2026-05-04 20:58:12', NULL, 1, NULL),
(24, 'Sheila', 'Marcos Chagua', 2, '1995-11-27', NULL, '972021267', NULL, '73634205', NULL, NULL, NULL, NULL, '2026-05-04 20:58:12', '2026-05-04 20:58:12', NULL, 1, NULL),
(25, 'Elena Dayana', 'Peña Manrique', 2, '1999-11-24', NULL, '923831364', NULL, '76633896', NULL, NULL, NULL, NULL, '2026-05-04 20:58:12', '2026-05-04 20:58:12', NULL, 1, NULL),
(26, 'Dilza Elizabeth', 'Alarcon Muñoz', 2, '1992-06-27', NULL, '970832706', NULL, '48213065', NULL, NULL, NULL, NULL, '2026-05-04 20:58:12', '2026-05-04 20:58:12', NULL, 1, NULL),
(27, 'Sharon Candy', 'Marcos Alfaro', 2, NULL, NULL, '936751302', NULL, '76221750', NULL, NULL, NULL, NULL, '2026-05-04 20:58:12', '2026-05-04 20:58:12', NULL, 1, NULL),
(28, 'Miriam Oriana', 'Aguirre Borja', 2, '1990-04-08', NULL, '917328713', NULL, '46303722', NULL, NULL, NULL, NULL, '2026-05-04 20:58:12', '2026-05-04 20:58:12', NULL, 1, NULL),
(29, 'Yenifer Katia', 'Quispe Llacchua', 2, '2002-07-10', '', '987083660', 2, '70686877', '', '', NULL, NULL, '2026-05-04 20:58:12', '2026-05-06 01:36:12', NULL, 4, 'C1'),
(30, 'Lizbeth', 'Quispe de la Cruz', 2, '2001-03-30', NULL, '928349105', NULL, '72109429', NULL, NULL, NULL, NULL, '2026-05-04 20:58:12', '2026-05-04 20:58:12', NULL, 1, NULL),
(31, 'Yoselin Margarita', 'Baldera Siesquén', 2, '1993-11-08', NULL, '927219177', NULL, '48288048', NULL, NULL, NULL, NULL, '2026-05-04 20:58:12', '2026-05-04 20:58:12', NULL, 1, NULL),
(32, 'Gavi', 'Santos Ascencio', 2, NULL, NULL, '922880107', NULL, '71020821', NULL, NULL, NULL, NULL, '2026-05-04 20:58:12', '2026-05-04 20:58:12', NULL, 1, NULL),
(33, 'Roy Anthony', 'Vilcamiche Chavez', 1, '1989-03-02', NULL, '999443808', NULL, '45627948', NULL, NULL, NULL, NULL, '2026-05-04 20:58:12', '2026-05-04 20:58:12', NULL, 1, NULL),
(34, 'Loreli Elizabeth', 'Salas Zuñiga', 2, '1994-02-10', NULL, '984135857', NULL, '48409771', NULL, NULL, NULL, NULL, '2026-05-04 20:58:12', '2026-05-04 20:58:12', NULL, 1, NULL),
(35, 'Nayeli', 'Benancio Espinoza', 2, '2003-10-21', NULL, '931421447', NULL, '75603108', NULL, NULL, NULL, NULL, '2026-05-04 20:58:12', '2026-05-04 20:58:12', NULL, 1, NULL),
(36, 'Geraldine Rosario', 'Felices Escobar', 2, '2000-12-28', NULL, '902280060', NULL, '76279496', NULL, NULL, NULL, NULL, '2026-05-04 20:58:12', '2026-05-04 20:58:12', NULL, 1, NULL),
(37, 'Analu', 'Fonseca Fernández', 2, '2001-12-16', NULL, '955596689', NULL, '74384465', NULL, NULL, NULL, NULL, '2026-05-04 20:58:12', '2026-05-04 20:58:12', NULL, 1, NULL),
(38, 'Delina', 'Guillen Matos', 2, '1992-10-29', NULL, '935669323', NULL, '47496488', NULL, NULL, NULL, NULL, '2026-05-04 20:58:12', '2026-05-04 20:58:12', NULL, 1, NULL),
(39, 'Lisset', 'Bonifacio Duran', 2, '2001-04-25', NULL, '927914498', NULL, '77807884', NULL, NULL, NULL, NULL, '2026-05-04 20:58:12', '2026-05-04 20:58:12', NULL, 1, NULL),
(40, 'Ana Lucia', 'Coaquira Mamani', 2, '1997-12-04', NULL, '936034533', NULL, '76325704', NULL, NULL, NULL, NULL, '2026-05-04 20:58:12', '2026-05-04 20:58:12', NULL, 1, NULL),
(41, 'Jhovani', 'Suarez Cueva', 2, NULL, NULL, '990815725', NULL, '62117689', NULL, NULL, NULL, NULL, '2026-05-04 20:58:12', '2026-05-04 20:58:12', NULL, 1, NULL),
(42, 'Carola Liz', 'Carhuaricra Reyes', 2, NULL, NULL, '965829567', NULL, '70127392', NULL, NULL, NULL, NULL, '2026-05-04 20:58:12', '2026-05-04 20:58:12', NULL, 1, NULL),
(43, 'Luis Daryl', 'Sanchez Garcia', 1, '2004-09-02', NULL, '948676116', NULL, '72552020', NULL, NULL, NULL, NULL, '2026-05-04 20:58:12', '2026-05-04 20:58:12', NULL, 1, NULL),
(44, 'Carmen Esmeralda', 'Guadalupe Galarza', 2, '1997-06-20', NULL, '927467567', NULL, '71293391', NULL, NULL, NULL, NULL, '2026-05-04 20:58:12', '2026-05-04 20:58:12', NULL, 1, NULL),
(45, 'Erika Yuliana', 'Guerrero Huerta', 2, '2000-12-31', '', '910296978', 2, '73529760', '', '', NULL, NULL, '2026-05-04 20:58:12', '2026-05-06 01:39:11', NULL, 4, 'B1'),
(46, 'Kristhel Valeria', 'Vilcamiche Chávez', 2, NULL, NULL, NULL, NULL, '73623849', NULL, NULL, NULL, NULL, '2026-05-04 20:58:12', '2026-05-04 20:58:12', NULL, 1, NULL),
(47, 'Marta', 'Laurente Lopez', 2, NULL, NULL, NULL, NULL, '48141371', NULL, NULL, NULL, NULL, '2026-05-04 20:58:12', '2026-05-04 20:58:12', NULL, 1, NULL),
(49, 'Lucelly Angelmira', 'Robles Jauregui', 2, NULL, NULL, NULL, NULL, '74206381', NULL, NULL, NULL, NULL, '2026-05-04 20:58:12', '2026-05-04 20:58:12', NULL, 1, NULL),
(50, 'Yamilla Anelhy', 'Quispe Silva', 2, NULL, NULL, NULL, NULL, '74588769', NULL, NULL, NULL, NULL, '2026-05-04 20:58:12', '2026-05-04 20:58:12', NULL, 1, NULL),
(51, 'Dayana Ross', 'Boy Arellano', 2, NULL, '', '', 2, '75824495', '', '', NULL, NULL, '2026-05-04 20:58:12', '2026-05-06 01:41:25', NULL, 4, 'B1'),
(52, 'Merlinda Yessica', 'Bautista Contreras', 2, NULL, '', '', 2, '71694214', '', '', NULL, NULL, '2026-05-04 20:58:12', '2026-05-06 01:43:04', NULL, 4, 'X1'),
(53, 'Lucia Belen', 'Arango Caico', 2, NULL, '', '', 2, '76507846', '', '', NULL, NULL, '2026-05-04 20:58:12', '2026-05-06 01:45:57', NULL, 4, 'X1'),
(54, 'Yovaly Tatiana', 'De la Cruz Roque', 2, NULL, '', '', 2, '73111770', '', '', NULL, NULL, '2026-05-04 20:58:12', '2026-05-06 01:49:07', NULL, 4, 'B1'),
(55, 'Orfelinda Anahi', 'Modesto Cespedes', 2, '1994-03-25', 'orfelindacespedes17@gmail.com', '902101459', 2, '48348864', '', '', NULL, NULL, '2026-05-04 20:58:12', '2026-05-06 16:31:29', NULL, 4, 'B1'),
(56, 'Maria Ermendia', 'Yahuana Calderon', 2, NULL, '', '', 2, '74252343', '', '', NULL, NULL, '2026-05-04 20:58:12', '2026-05-06 15:23:21', NULL, 4, 'B1'),
(57, 'Elizabeth Rosa', 'Taype Cordova', 2, '1990-02-07', 'elizabeth.taype7427@gmail.com', '907223849', 2, '46300302', '', '', NULL, NULL, '2026-05-04 20:58:12', '2026-05-06 15:26:19', NULL, 4, 'C1'),
(58, 'Dasha Carla', 'Quichca Ramos', 2, NULL, NULL, NULL, NULL, '71884519', NULL, NULL, NULL, NULL, '2026-05-04 20:58:12', '2026-05-04 20:58:12', NULL, 1, NULL),
(59, 'Sandra Marina', 'Revoredo Quiñones', 2, NULL, '', '', 2, '44958162', '', '', NULL, NULL, '2026-05-04 20:58:12', '2026-05-06 01:50:13', NULL, 4, 'B1'),
(60, 'Eswin Eli', 'Salazar Ramirez', 1, NULL, '', '', 2, '76084263', '', '', NULL, NULL, '2026-05-04 20:58:12', '2026-05-06 01:51:04', NULL, 4, 'B1'),
(61, 'Fany Yadira', 'Benites Niquin', 2, NULL, '', '', 2, '71810694', '', '', NULL, NULL, '2026-05-04 20:58:12', '2026-05-06 01:52:12', NULL, 4, 'Y1'),
(68, 'VACIO', '', NULL, '2026-05-06', '', '', NULL, '00000000', '', '', NULL, NULL, '2026-05-06 17:06:24', '2026-05-13 18:11:20', NULL, 4, 'A1'),
(69, 'Flor Milenia', 'Huamani Yalle', 2, '2000-05-01', 'huamaniyallef@gmail.com', '921521070', 2, '76775002', '', '', NULL, NULL, '2026-05-06 18:07:23', '2026-05-06 18:09:14', NULL, 4, 'B1'),
(70, 'Debora', 'Peralta', 2, '2003-10-11', 'deborap0711@outlook.com', '902943304', 2, '70967730', '', '', NULL, NULL, '2026-05-06 20:58:36', '2026-05-06 21:01:14', NULL, 4, 'B1'),
(71, 'Esther Beatriz', 'Fernandez Huillca', 2, '1993-07-07', 'estherfernandezhuillca@outlook.es', '980872844', 2, '47883640', '', '', NULL, NULL, '2026-05-06 21:00:48', '2026-05-06 21:03:37', NULL, 4, 'B1'),
(72, 'Marina', 'Chavez Villavicencio', 2, '1961-08-28', 'marina.chavezvillavicencio@gmail.com', '947996894', 3, '28260072', '', '', NULL, NULL, '2026-05-06 23:33:40', '2026-05-06 23:34:30', NULL, 4, 'B1'),
(73, 'Victoria Jazmin', 'Huaman Arango', 2, '2000-12-09', '', '', 2, '71392072', '', '', NULL, NULL, '2026-05-07 02:06:06', '2026-05-08 15:11:35', NULL, 4, 'B1');

-- --------------------------------------------------------

--
-- Table structure for table `postulante_especialidad`
--

CREATE TABLE `postulante_especialidad` (
  `postulante_id` int(11) NOT NULL,
  `especialidad_id` int(11) NOT NULL
) ENGINE=InnoDB DEFAULT CHARSET=utf8mb4 COLLATE=utf8mb4_unicode_ci;

-- --------------------------------------------------------

--
-- Table structure for table `postulante_skill`
--

CREATE TABLE `postulante_skill` (
  `postulante_id` int(11) NOT NULL,
  `skill_id` int(11) NOT NULL,
  `nivel_id` int(11) DEFAULT NULL
) ENGINE=InnoDB DEFAULT CHARSET=utf8mb4 COLLATE=utf8mb4_unicode_ci;

--
-- Dumping data for table `postulante_skill`
--

INSERT INTO `postulante_skill` (`postulante_id`, `skill_id`, `nivel_id`) VALUES
(71, 7, 1),
(57, 5, 2),
(69, 5, 2),
(71, 1, 2),
(72, 5, 2),
(72, 7, 2),
(1, 6, 3),
(11, 1, 3),
(11, 7, 3),
(70, 1, 3),
(72, 1, 3);

-- --------------------------------------------------------

--
-- Table structure for table `preferencias`
--

CREATE TABLE `preferencias` (
  `turno_id` int(11) NOT NULL,
  `postulante_id` int(11) NOT NULL,
  `fecha_registro` timestamp NOT NULL DEFAULT current_timestamp()
) ENGINE=InnoDB DEFAULT CHARSET=utf8mb4 COLLATE=utf8mb4_unicode_ci;

--
-- Dumping data for table `preferencias`
--

INSERT INTO `preferencias` (`turno_id`, `postulante_id`, `fecha_registro`) VALUES
(1, 1, '2026-05-04 21:08:25'),
(1, 2, '2026-05-11 02:41:29'),
(1, 4, '2026-05-06 00:56:32'),
(1, 5, '2026-05-06 01:28:02'),
(1, 10, '2026-05-06 00:58:41'),
(1, 11, '2026-05-06 01:28:28'),
(1, 12, '2026-05-06 01:53:47'),
(1, 13, '2026-05-06 01:10:08'),
(1, 17, '2026-05-06 01:29:19'),
(1, 19, '2026-05-06 01:31:08'),
(1, 22, '2026-05-06 01:34:36'),
(1, 29, '2026-05-18 18:11:33'),
(1, 45, '2026-05-06 01:39:39'),
(1, 51, '2026-05-06 01:41:52'),
(1, 52, '2026-05-06 01:54:27'),
(1, 53, '2026-05-06 01:46:15'),
(1, 54, '2026-05-06 01:49:29'),
(1, 55, '2026-05-06 16:32:24'),
(1, 56, '2026-05-06 15:23:21'),
(1, 57, '2026-05-06 15:27:24'),
(1, 59, '2026-05-06 01:50:30'),
(1, 60, '2026-05-06 01:51:26'),
(1, 61, '2026-05-06 01:52:30'),
(1, 68, '2026-05-13 18:11:20'),
(1, 69, '2026-05-06 18:09:59'),
(1, 70, '2026-05-06 21:02:12'),
(1, 72, '2026-05-06 23:34:30'),
(1, 73, '2026-05-08 15:11:35'),
(2, 1, '2026-05-04 21:08:25'),
(2, 2, '2026-05-11 02:41:29'),
(2, 4, '2026-05-06 00:56:32'),
(2, 5, '2026-05-06 01:28:02'),
(2, 10, '2026-05-06 00:58:41'),
(2, 11, '2026-05-06 01:28:28'),
(2, 12, '2026-05-06 01:53:47'),
(2, 13, '2026-05-06 01:10:08'),
(2, 17, '2026-05-06 01:29:19'),
(2, 19, '2026-05-06 01:31:08'),
(2, 22, '2026-05-06 01:34:36'),
(2, 29, '2026-05-18 18:11:33'),
(2, 45, '2026-05-06 01:39:39'),
(2, 51, '2026-05-06 01:41:52'),
(2, 52, '2026-05-06 01:54:27'),
(2, 53, '2026-05-06 01:46:15'),
(2, 54, '2026-05-06 01:49:29'),
(2, 56, '2026-05-06 15:23:21'),
(2, 57, '2026-05-06 15:27:24'),
(2, 59, '2026-05-06 01:50:30'),
(2, 60, '2026-05-06 01:51:26'),
(2, 61, '2026-05-06 01:52:30'),
(2, 68, '2026-05-13 18:11:20'),
(2, 69, '2026-05-06 18:09:59'),
(2, 71, '2026-05-06 21:04:09');

-- --------------------------------------------------------

--
-- Table structure for table `puesto`
--

CREATE TABLE `puesto` (
  `id_puesto` int(11) NOT NULL,
  `descripcion` varchar(50) NOT NULL,
  `activo` tinyint(1) NOT NULL DEFAULT 1,
  `fecha_registro` timestamp NOT NULL DEFAULT current_timestamp(),
  `fecha_modificacion` timestamp NOT NULL DEFAULT current_timestamp() ON UPDATE current_timestamp()
) ENGINE=InnoDB DEFAULT CHARSET=utf8mb4 COLLATE=utf8mb4_unicode_ci;

--
-- Dumping data for table `puesto`
--

INSERT INTO `puesto` (`id_puesto`, `descripcion`, `activo`, `fecha_registro`, `fecha_modificacion`) VALUES
(1, 'Administración', 1, '2026-05-04 20:58:11', '2026-05-04 20:58:11'),
(2, 'Almacén', 1, '2026-05-04 20:58:11', '2026-05-04 20:58:11'),
(3, 'Caja', 1, '2026-05-04 20:58:11', '2026-05-04 20:58:11'),
(4, 'Contabilidad', 1, '2026-05-04 20:58:11', '2026-05-04 20:58:11'),
(5, 'Limpieza', 1, '2026-05-04 20:58:11', '2026-05-04 20:58:11'),
(6, 'Practicante', 1, '2026-05-04 20:58:11', '2026-05-04 20:58:11'),
(7, 'Técnica en Farmacia', 1, '2026-05-04 20:58:11', '2026-05-04 20:58:11'),
(8, 'QF', 1, '2026-05-06 00:58:14', '2026-05-06 00:58:14');

-- --------------------------------------------------------

--
-- Table structure for table `rectificacion_cuadre`
--

CREATE TABLE `rectificacion_cuadre` (
  `id_rectificacion` int(11) NOT NULL,
  `sesion_id` int(11) NOT NULL,
  `postulante_registra_id` int(11) NOT NULL,
  `postulante_responsable_id` int(11) DEFAULT NULL,
  `tipo_rectificacion` enum('DEVOLUCION_DINERO','DINERO_ENCONTRADO','AJUSTE_CONTEO','COMPENSACION','OTRO') DEFAULT NULL,
  `tipo_rect_id` tinyint(3) UNSIGNED DEFAULT NULL,
  `modo_id` int(11) DEFAULT NULL,
  `monto` decimal(10,2) NOT NULL,
  `descripcion_contexto` text NOT NULL,
  `justificacion` text DEFAULT NULL,
  `comprobante_url` varchar(255) DEFAULT NULL,
  `fecha_rectificacion` timestamp NOT NULL DEFAULT current_timestamp(),
  `estado` enum('PENDIENTE','APROBADA','RECHAZADA') NOT NULL DEFAULT 'PENDIENTE',
  `postulante_revisa_id` int(11) DEFAULT NULL,
  `fecha_revision` timestamp NULL DEFAULT NULL,
  `observacion_revision` text DEFAULT NULL
) ENGINE=InnoDB DEFAULT CHARSET=utf8mb4 COLLATE=utf8mb4_unicode_ci;

--
-- Dumping data for table `rectificacion_cuadre`
--

INSERT INTO `rectificacion_cuadre` (`id_rectificacion`, `sesion_id`, `postulante_registra_id`, `postulante_responsable_id`, `tipo_rectificacion`, `tipo_rect_id`, `modo_id`, `monto`, `descripcion_contexto`, `justificacion`, `comprobante_url`, `fecha_rectificacion`, `estado`, `postulante_revisa_id`, `fecha_revision`, `observacion_revision`) VALUES
(9, 30, 17, NULL, 'DINERO_ENCONTRADO', 1, NULL, 10.00, 'encontrado en el piso', NULL, NULL, '2026-05-07 15:04:39', 'APROBADA', NULL, NULL, NULL),
(10, 30, 17, NULL, 'DEVOLUCION_DINERO', 2, NULL, -10.00, 'falta descargar', NULL, NULL, '2026-05-07 15:05:36', 'APROBADA', NULL, NULL, NULL),
(11, 33, 22, NULL, 'DEVOLUCION_DINERO', 2, NULL, -10.00, 'me equivoque con un yape', NULL, NULL, '2026-05-07 15:15:38', 'APROBADA', NULL, NULL, NULL),
(12, 33, 22, NULL, 'DINERO_ENCONTRADO', 1, NULL, 10.00, 'correcion', NULL, NULL, '2026-05-07 15:18:39', 'APROBADA', NULL, NULL, NULL),
(13, 31, 17, NULL, 'DINERO_ENCONTRADO', 1, NULL, 90.00, 'falto contar', NULL, NULL, '2026-05-07 20:17:11', 'APROBADA', NULL, NULL, NULL),
(14, 48, 69, NULL, 'DINERO_ENCONTRADO', 1, NULL, 0.41, 'falto contar en caja  0.4  y en la venta 0.01', NULL, NULL, '2026-05-08 14:16:36', 'APROBADA', NULL, NULL, NULL),
(15, 52, 22, NULL, 'DINERO_ENCONTRADO', 1, NULL, 120.00, 'compra de ciro', NULL, NULL, '2026-05-08 19:59:56', 'APROBADA', NULL, NULL, NULL),
(16, 51, 11, NULL, 'OTRO', NULL, NULL, 6.60, 'falta descargar', NULL, NULL, '2026-05-08 20:06:19', 'APROBADA', NULL, NULL, NULL),
(17, 51, 11, NULL, 'OTRO', NULL, NULL, -13.20, 'correcion', NULL, NULL, '2026-05-08 20:25:55', 'APROBADA', NULL, NULL, NULL),
(18, 67, 71, NULL, 'OTRO', NULL, NULL, -2.50, 'correcion', NULL, NULL, '2026-05-10 04:17:35', 'APROBADA', NULL, NULL, NULL),
(28, 86, 22, NULL, 'DEVOLUCION_DINERO', 2, NULL, -13406.10, 'saldo', NULL, NULL, '2026-05-11 20:00:32', 'APROBADA', NULL, NULL, NULL),
(36, 115, 29, NULL, 'DINERO_ENCONTRADO', 1, NULL, 12600.00, 'corrección caja fuerte', NULL, NULL, '2026-05-13 20:09:36', 'APROBADA', NULL, NULL, NULL),
(37, 114, 11, NULL, 'DINERO_ENCONTRADO', 1, NULL, 20.00, 'encontrado en el piso', NULL, NULL, '2026-05-13 23:52:08', 'APROBADA', NULL, NULL, NULL),
(39, 117, 1, NULL, 'DINERO_ENCONTRADO', 1, NULL, 1000.00, 'Faltó contar', NULL, NULL, '2026-05-14 04:13:01', 'APROBADA', NULL, NULL, NULL),
(40, 117, 1, NULL, 'DINERO_ENCONTRADO', 1, NULL, 50.00, 'encontre una visa para usa', NULL, NULL, '2026-05-14 16:38:48', 'APROBADA', NULL, NULL, NULL),
(41, 116, 17, NULL, 'DEVOLUCION_DINERO', 2, NULL, -50.00, 'sb5', NULL, NULL, '2026-05-14 16:47:18', 'APROBADA', NULL, NULL, NULL),
(42, 134, 69, NULL, 'DINERO_ENCONTRADO', 1, NULL, 1000.00, 'falto contar', NULL, NULL, '2026-05-16 04:08:38', 'APROBADA', NULL, NULL, NULL),
(43, 134, 69, NULL, 'DINERO_ENCONTRADO', 1, NULL, 14.50, 'falto contar', NULL, NULL, '2026-05-16 15:43:52', 'APROBADA', NULL, NULL, NULL),
(45, 144, 22, NULL, 'DEVOLUCION_DINERO', 2, NULL, -100.00, 'billetes falso', NULL, NULL, '2026-05-17 20:06:01', 'APROBADA', NULL, NULL, NULL),
(47, 173, 57, NULL, 'DINERO_ENCONTRADO', 1, NULL, 16399.52, 'me olvide', NULL, NULL, '2026-05-19 20:17:18', 'APROBADA', NULL, NULL, NULL),
(54, 194, 17, NULL, 'DINERO_ENCONTRADO', 1, NULL, 10.00, 'olvido', NULL, NULL, '2026-05-22 03:34:10', 'APROBADA', NULL, NULL, NULL);

-- --------------------------------------------------------

--
-- Table structure for table `reporte_venta`
--

CREATE TABLE `reporte_venta` (
  `id_reporte_venta` int(11) NOT NULL,
  `sesion_id` int(11) NOT NULL,
  `postulante_vendedor_id` int(11) NOT NULL,
  `monto` decimal(10,2) NOT NULL,
  `fecha_registro` timestamp NOT NULL DEFAULT current_timestamp()
) ENGINE=InnoDB DEFAULT CHARSET=utf8mb4 COLLATE=utf8mb4_unicode_ci;

--
-- Dumping data for table `reporte_venta`
--

INSERT INTO `reporte_venta` (`id_reporte_venta`, `sesion_id`, `postulante_vendedor_id`, `monto`, `fecha_registro`) VALUES
(20, 25, 29, 0.00, '2026-05-07 14:37:23'),
(22, 27, 29, 989.10, '2026-05-07 14:42:23'),
(24, 29, 17, 0.00, '2026-05-07 14:53:08'),
(25, 30, 17, 1479.55, '2026-05-07 14:58:16'),
(27, 32, 22, 0.00, '2026-05-07 15:11:06'),
(28, 33, 22, 2334.99, '2026-05-07 15:14:50'),
(30, 31, 17, 784.60, '2026-05-07 20:00:40'),
(31, 28, 29, 341.40, '2026-05-07 20:08:05'),
(32, 35, 22, 1117.35, '2026-05-07 20:16:44'),
(33, 37, 1, 0.00, '2026-05-07 20:20:28'),
(34, 38, 71, 1467.28, '2026-05-07 20:22:53'),
(36, 40, 54, 728.30, '2026-05-07 20:29:43'),
(39, 42, 17, 1263.99, '2026-05-08 04:01:07'),
(42, 44, 57, 1460.30, '2026-05-08 04:16:10'),
(45, 48, 69, 521.24, '2026-05-08 13:42:28'),
(47, 50, 73, 783.40, '2026-05-08 16:08:03'),
(48, 52, 22, 1280.50, '2026-05-08 19:52:13'),
(49, 51, 11, 546.70, '2026-05-08 20:04:46'),
(50, 47, 70, 801.50, '2026-05-08 20:10:13'),
(51, 53, 29, 291.40, '2026-05-08 20:10:31'),
(54, 57, 73, 945.40, '2026-05-09 04:10:00'),
(55, 55, 69, 1269.49, '2026-05-09 04:11:22'),
(56, 58, 53, 1412.29, '2026-05-09 04:12:58'),
(57, 59, 29, 571.90, '2026-05-09 04:13:53'),
(58, 60, 22, 1583.45, '2026-05-09 19:53:43'),
(59, 61, 73, 1323.20, '2026-05-09 20:04:09'),
(60, 62, 57, 339.40, '2026-05-09 20:23:55'),
(61, 63, 71, 504.00, '2026-05-09 21:17:52'),
(62, 64, 57, 588.60, '2026-05-10 04:00:10'),
(63, 65, 53, 1242.68, '2026-05-10 04:05:22'),
(64, 66, 17, 1104.59, '2026-05-10 04:07:39'),
(65, 67, 71, 1073.40, '2026-05-10 04:16:31'),
(66, 69, 69, 545.50, '2026-05-10 20:02:40'),
(67, 68, 17, 1012.20, '2026-05-10 20:03:51'),
(68, 70, 53, 1128.43, '2026-05-10 20:07:24'),
(69, 71, 11, 756.30, '2026-05-10 20:18:25'),
(70, 72, 22, 919.27, '2026-05-11 03:02:32'),
(71, 73, 70, 902.45, '2026-05-11 03:59:11'),
(72, 74, 73, 799.76, '2026-05-11 04:04:14'),
(73, 75, 29, 366.00, '2026-05-11 04:09:34'),
(84, 86, 22, 1720.90, '2026-05-11 19:58:20'),
(85, 88, 29, 534.00, '2026-05-11 20:09:30'),
(86, 87, 57, 848.90, '2026-05-11 20:12:22'),
(87, 89, 73, 447.90, '2026-05-11 20:17:12'),
(88, 91, 53, 1569.63, '2026-05-12 04:03:16'),
(89, 90, 29, 879.10, '2026-05-12 04:05:22'),
(90, 93, 57, 1821.09, '2026-05-12 04:12:39'),
(91, 92, 71, 1189.68, '2026-05-12 04:38:20'),
(92, 94, 54, 498.15, '2026-05-12 20:04:03'),
(93, 95, 57, 1186.80, '2026-05-12 20:10:44'),
(94, 96, 22, 1286.90, '2026-05-12 20:12:10'),
(95, 97, 73, 769.90, '2026-05-12 20:15:40'),
(97, 100, 53, 1555.45, '2026-05-13 03:59:13'),
(100, 101, 71, 776.40, '2026-05-13 04:20:46'),
(101, 103, 69, 363.20, '2026-05-13 05:46:30'),
(103, 105, 17, 1497.29, '2026-05-13 05:52:35'),
(110, 112, 53, 1094.60, '2026-05-13 19:04:11'),
(111, 113, 22, 1710.70, '2026-05-13 20:01:26'),
(112, 115, 29, 385.30, '2026-05-13 20:05:14'),
(113, 114, 11, 833.40, '2026-05-13 23:51:23'),
(114, 116, 17, 1927.68, '2026-05-14 04:01:48'),
(115, 118, 29, 586.50, '2026-05-14 04:02:30'),
(116, 117, 69, 656.95, '2026-05-14 04:07:16'),
(117, 119, 71, 1051.98, '2026-05-14 04:13:28'),
(118, 120, 29, 577.50, '2026-05-14 20:02:26'),
(119, 121, 13, 609.00, '2026-05-14 20:10:20'),
(120, 122, 17, 580.20, '2026-05-14 20:18:39'),
(121, 123, 73, 1090.50, '2026-05-14 20:20:11'),
(122, 125, 69, 533.10, '2026-05-15 04:01:24'),
(123, 124, 70, 1544.52, '2026-05-15 04:05:30'),
(124, 126, 57, 1214.50, '2026-05-15 04:09:55'),
(125, 127, 71, 513.25, '2026-05-15 04:14:31'),
(126, 128, 22, 929.20, '2026-05-15 19:55:29'),
(127, 129, 17, 762.40, '2026-05-15 20:07:54'),
(128, 130, 29, 745.70, '2026-05-15 20:09:49'),
(129, 131, 73, 527.10, '2026-05-15 21:50:13'),
(130, 132, 70, 0.00, '2026-05-16 02:07:32'),
(131, 133, 70, 0.00, '2026-05-16 03:31:58'),
(132, 135, 29, 508.20, '2026-05-16 04:03:40'),
(133, 136, 53, 1304.39, '2026-05-16 04:05:09'),
(134, 134, 69, 971.28, '2026-05-16 04:07:56'),
(135, 137, 73, 1192.40, '2026-05-16 04:08:22'),
(137, 139, 53, 900.90, '2026-05-16 20:07:27'),
(138, 140, 73, 721.90, '2026-05-16 20:09:27'),
(139, 142, 17, 1255.19, '2026-05-16 20:14:34'),
(140, 141, 45, 0.00, '2026-05-16 20:19:17'),
(141, 143, 57, 466.10, '2026-05-16 20:23:41'),
(142, 146, 61, 0.00, '2026-05-17 03:44:44'),
(143, 144, 61, 1208.96, '2026-05-17 04:01:03'),
(144, 145, 22, 958.10, '2026-05-17 04:05:00'),
(145, 147, 13, 1150.50, '2026-05-17 04:05:21'),
(146, 148, 29, 519.30, '2026-05-17 04:17:26'),
(147, 150, 57, 0.00, '2026-05-17 19:42:25'),
(149, 151, 13, 472.20, '2026-05-17 20:01:51'),
(150, 152, 17, 1128.30, '2026-05-17 20:03:13'),
(151, 153, 73, 767.80, '2026-05-17 20:16:18'),
(153, 155, 22, 1030.30, '2026-05-18 02:29:05'),
(154, 156, 61, 0.00, '2026-05-18 03:41:06'),
(155, 158, 69, 731.10, '2026-05-18 04:00:09'),
(156, 159, 71, 865.30, '2026-05-18 04:04:03'),
(157, 160, 53, 1511.90, '2026-05-18 04:04:18'),
(158, 157, 70, 1159.30, '2026-05-18 04:06:44'),
(161, 165, 70, 412.40, '2026-05-18 20:10:47'),
(162, 163, 57, 979.90, '2026-05-18 20:13:36'),
(163, 166, 73, 671.90, '2026-05-18 20:16:27'),
(164, 164, 22, 1091.59, '2026-05-18 20:17:20'),
(165, 167, 69, 0.00, '2026-05-18 20:25:50'),
(166, 170, 61, 0.00, '2026-05-19 03:47:55'),
(167, 169, 53, 1449.00, '2026-05-19 04:02:07'),
(168, 172, 59, 867.30, '2026-05-19 04:09:11'),
(169, 168, 57, 1396.45, '2026-05-19 04:11:48'),
(170, 171, 71, 536.80, '2026-05-19 04:14:59'),
(171, 175, 70, 0.00, '2026-05-19 19:30:13'),
(172, 174, 22, 1125.56, '2026-05-19 19:59:13'),
(173, 173, 57, 945.00, '2026-05-19 20:10:44'),
(174, 176, 73, 497.50, '2026-05-19 20:15:44'),
(175, 177, 54, 360.80, '2026-05-19 20:16:38'),
(176, 179, 61, 0.00, '2026-05-20 03:52:05'),
(177, 180, 69, 854.10, '2026-05-20 04:10:10'),
(178, 178, 53, 1349.80, '2026-05-20 04:10:15'),
(179, 181, 73, 1155.40, '2026-05-20 04:14:34'),
(180, 182, 17, 1658.19, '2026-05-20 04:14:41'),
(184, 186, 22, 860.54, '2026-05-20 20:03:37'),
(185, 187, 70, 497.90, '2026-05-20 20:04:57'),
(186, 188, 17, 961.30, '2026-05-20 20:06:27'),
(188, 190, 71, 509.56, '2026-05-20 20:33:41'),
(189, 193, 61, 0.00, '2026-05-21 03:41:49'),
(190, 192, 53, 1335.40, '2026-05-21 03:55:48'),
(191, 191, 70, 778.20, '2026-05-21 03:59:20'),
(192, 194, 69, 728.69, '2026-05-21 04:02:26'),
(193, 195, 73, 1242.83, '2026-05-21 04:10:41'),
(194, 197, 22, 852.40, '2026-05-21 20:01:39'),
(195, 196, 53, 1288.50, '2026-05-21 20:04:40'),
(196, 198, 13, 329.00, '2026-05-21 20:06:00'),
(197, 199, 73, 422.65, '2026-05-21 20:26:21'),
(199, 202, 61, 0.00, '2026-05-22 03:44:41'),
(200, 204, 69, 414.35, '2026-05-22 04:00:47'),
(201, 203, 70, 1292.29, '2026-05-22 04:03:02'),
(202, 201, 17, 1361.90, '2026-05-22 04:09:18'),
(203, 205, 11, 835.70, '2026-05-22 04:16:57'),
(204, 206, 22, 1353.90, '2026-05-22 20:01:32'),
(205, 207, 17, 682.50, '2026-05-22 20:03:33'),
(206, 208, 57, 499.00, '2026-05-22 20:04:46'),
(207, 209, 73, 386.90, '2026-05-22 20:16:55'),
(208, 213, 71, 840.00, '2026-05-23 03:58:02'),
(209, 211, 61, 1432.40, '2026-05-23 03:58:48'),
(210, 212, 61, 0.00, '2026-05-23 03:59:18'),
(211, 210, 57, 709.50, '2026-05-23 04:09:42'),
(212, 214, 59, 1310.25, '2026-05-23 04:17:12'),
(213, 216, 17, 1202.80, '2026-05-23 20:11:56'),
(214, 215, 57, 1068.60, '2026-05-23 20:12:20'),
(215, 217, 71, 607.70, '2026-05-23 21:05:39'),
(216, 219, 11, 414.20, '2026-05-23 23:38:49'),
(217, 222, 69, 499.30, '2026-05-24 04:04:57'),
(218, 221, 22, 1015.30, '2026-05-24 04:07:58'),
(219, 218, 70, 1484.59, '2026-05-24 04:07:58'),
(220, 220, 53, 1219.55, '2026-05-24 04:11:21'),
(221, 225, 22, 815.60, '2026-05-24 20:03:31'),
(222, 223, 53, 1725.26, '2026-05-24 20:11:31'),
(223, 224, 57, 1169.40, '2026-05-24 20:15:57'),
(224, 226, 71, 554.20, '2026-05-24 20:47:26'),
(225, 227, 73, 0.00, '2026-05-24 21:01:54'),
(226, 228, 13, 605.20, '2026-05-25 03:58:04'),
(227, 230, 71, 873.29, '2026-05-25 04:09:14'),
(228, 231, 17, 1212.99, '2026-05-25 04:12:08'),
(229, 229, 57, 1219.79, '2026-05-25 04:14:06'),
(230, 234, 69, 0.00, '2026-05-25 19:46:20'),
(231, 232, 22, 1426.19, '2026-05-25 20:02:19'),
(232, 235, 73, 533.50, '2026-05-25 20:10:55'),
(233, 233, 57, 1121.60, '2026-05-25 20:37:03'),
(234, 237, 71, 496.40, '2026-05-25 21:08:24'),
(236, 240, 61, 0.00, '2026-05-26 03:47:48'),
(237, 242, 71, 730.60, '2026-05-26 03:59:00'),
(239, 236, 53, 2041.20, '2026-05-26 04:08:57'),
(240, 239, 57, 1458.10, '2026-05-26 04:15:30'),
(241, 243, 60, 860.80, '2026-05-26 04:17:06'),
(246, 249, 68, 0.00, '2026-05-26 17:23:24'),
(247, 251, 54, 0.00, '2026-05-26 19:52:09'),
(248, 253, 73, 337.30, '2026-05-26 20:10:29'),
(249, 252, 53, 1099.30, '2026-05-26 20:11:35'),
(250, 248, 57, 651.50, '2026-05-26 20:14:17'),
(251, 250, 22, 1107.15, '2026-05-26 20:17:16'),
(252, 257, 61, 0.00, '2026-05-27 03:48:47'),
(253, 255, 70, 1325.69, '2026-05-27 04:02:04'),
(254, 256, 69, 782.85, '2026-05-27 04:02:29'),
(255, 254, 57, 893.39, '2026-05-27 04:07:52'),
(257, 259, 71, 1214.15, '2026-05-27 04:42:15');

-- --------------------------------------------------------

--
-- Table structure for table `rol`
--

CREATE TABLE `rol` (
  `id_rol` int(11) NOT NULL,
  `descripcion` varchar(50) NOT NULL,
  `activo` tinyint(4) NOT NULL DEFAULT 1,
  `fecha_registro` timestamp NOT NULL DEFAULT current_timestamp(),
  `fecha_modificacion` timestamp NOT NULL DEFAULT current_timestamp() ON UPDATE current_timestamp()
) ENGINE=InnoDB DEFAULT CHARSET=utf8mb4 COLLATE=utf8mb4_unicode_ci;

--
-- Dumping data for table `rol`
--

INSERT INTO `rol` (`id_rol`, `descripcion`, `activo`, `fecha_registro`, `fecha_modificacion`) VALUES
(1, 'STAFF', 1, '2026-05-04 20:58:12', '2026-05-04 20:58:12'),
(2, 'ADMIN', 1, '2026-05-04 20:58:12', '2026-05-04 20:58:12');

-- --------------------------------------------------------

--
-- Table structure for table `rol_horario`
--

CREATE TABLE `rol_horario` (
  `id_rol_horario` int(11) NOT NULL,
  `codigo` varchar(20) NOT NULL,
  `descripcion` varchar(100) NOT NULL,
  `es_opcional` tinyint(1) NOT NULL DEFAULT 0,
  `orden` tinyint(4) NOT NULL DEFAULT 0,
  `color` varchar(7) NOT NULL DEFAULT '#94a3b8'
) ENGINE=InnoDB DEFAULT CHARSET=utf8mb4 COLLATE=utf8mb4_unicode_ci;

--
-- Dumping data for table `rol_horario`
--

INSERT INTO `rol_horario` (`id_rol_horario`, `codigo`, `descripcion`, `es_opcional`, `orden`, `color`) VALUES
(1, 'CAJERA', 'Cajera', 0, 2, '#2563eb'),
(2, 'VENDEDORA', 'Vendedora', 0, 1, '#059669'),
(3, 'ALMACENERA', 'Almacenera', 1, 3, '#f59e0b'),
(4, 'LIMPIEZA', 'Limpieza', 1, 4, '#8b5cf6');

-- --------------------------------------------------------

--
-- Table structure for table `semana`
--

CREATE TABLE `semana` (
  `id_semana` int(11) NOT NULL,
  `fecha_inicio` date NOT NULL,
  `fecha_fin` date NOT NULL,
  `estado` enum('ABIERTA','CERRADA') NOT NULL DEFAULT 'ABIERTA',
  `fecha_registro` timestamp NOT NULL DEFAULT current_timestamp()
) ENGINE=InnoDB DEFAULT CHARSET=utf8mb4 COLLATE=utf8mb4_unicode_ci;

--
-- Dumping data for table `semana`
--

INSERT INTO `semana` (`id_semana`, `fecha_inicio`, `fecha_fin`, `estado`, `fecha_registro`) VALUES
(1, '2026-05-11', '2026-05-17', 'CERRADA', '2026-05-05 14:14:03'),
(2, '2026-05-18', '2026-05-24', 'CERRADA', '2026-05-11 08:17:28'),
(3, '2026-05-25', '2026-05-31', 'ABIERTA', '2026-05-11 08:17:29'),
(4, '2026-06-01', '2026-06-07', 'ABIERTA', '2026-05-18 05:33:41'),
(5, '2026-06-08', '2026-06-14', 'ABIERTA', '2026-05-25 05:20:43');

-- --------------------------------------------------------

--
-- Table structure for table `sesion_caja`
--

CREATE TABLE `sesion_caja` (
  `id_sesion` int(11) NOT NULL,
  `caja_id` int(11) NOT NULL,
  `turno_id` int(11) NOT NULL,
  `postulante_apertura_id` int(11) NOT NULL,
  `postulante_cierre_id` int(11) DEFAULT NULL,
  `postulante_revisor_id` int(11) DEFAULT NULL,
  `estado` enum('ABIERTA','PENDIENTE_VENTA','CERRADA','EN_REVISION','APROBADA','OBSERVADA','RECHAZADA') NOT NULL DEFAULT 'ABIERTA',
  `saldo_inicial` decimal(10,2) NOT NULL DEFAULT 0.00,
  `saldo_final_sistema` decimal(10,2) DEFAULT NULL,
  `saldo_final_contado` decimal(10,2) DEFAULT NULL,
  `diferencia_final` decimal(10,2) DEFAULT NULL,
  `margen_permitido` decimal(10,2) NOT NULL DEFAULT 10.00,
  `fecha_apertura` timestamp NULL DEFAULT current_timestamp(),
  `fecha_cierre` timestamp NULL DEFAULT NULL,
  `fecha_operacion` date NOT NULL,
  `fecha_envio_revision` timestamp NULL DEFAULT NULL,
  `fecha_revision` timestamp NULL DEFAULT NULL,
  `observacion_cierre` text DEFAULT NULL,
  `comentario_cajera` text DEFAULT NULL,
  `respuesta_admin` text DEFAULT NULL,
  `observacion_revisor` text DEFAULT NULL,
  `motivo_rechazo` text DEFAULT NULL,
  `bloqueado` tinyint(1) DEFAULT 0,
  `requiere_revision` tinyint(1) NOT NULL DEFAULT 0
) ENGINE=InnoDB DEFAULT CHARSET=utf8mb4 COLLATE=utf8mb4_unicode_ci;

--
-- Dumping data for table `sesion_caja`
--

INSERT INTO `sesion_caja` (`id_sesion`, `caja_id`, `turno_id`, `postulante_apertura_id`, `postulante_cierre_id`, `postulante_revisor_id`, `estado`, `saldo_inicial`, `saldo_final_sistema`, `saldo_final_contado`, `diferencia_final`, `margen_permitido`, `fecha_apertura`, `fecha_cierre`, `fecha_operacion`, `fecha_envio_revision`, `fecha_revision`, `observacion_cierre`, `comentario_cajera`, `respuesta_admin`, `observacion_revisor`, `motivo_rechazo`, `bloqueado`, `requiere_revision`) VALUES
(25, 2, 1, 29, 29, NULL, 'CERRADA', 0.00, 0.00, 42817.46, 42817.46, 10.00, '2026-05-07 14:36:46', '2026-05-07 14:37:15', '2026-05-07', NULL, NULL, NULL, NULL, NULL, NULL, NULL, 1, 0),
(27, 2, 1, 29, 29, NULL, 'CERRADA', 42817.46, 43360.86, 43362.03, 1.17, 10.00, '2026-05-07 14:41:07', '2026-05-07 14:42:09', '2026-05-07', NULL, NULL, NULL, NULL, NULL, NULL, NULL, 1, 0),
(28, 2, 1, 29, 29, NULL, 'CERRADA', 43362.03, 43560.73, 43561.33, 0.60, 10.00, '2026-05-07 14:45:33', '2026-05-07 20:07:39', '2026-05-07', NULL, NULL, NULL, NULL, NULL, NULL, NULL, 1, 0),
(29, 3, 1, 17, 17, NULL, 'CERRADA', 0.00, 0.00, 27818.14, 27818.14, 10.00, '2026-05-07 14:52:33', '2026-05-07 14:53:04', '2026-05-07', NULL, NULL, NULL, NULL, NULL, NULL, NULL, 1, 0),
(30, 3, 1, 17, 17, NULL, 'CERRADA', 27818.14, 26358.79, 26378.98, 20.19, 10.00, '2026-05-07 14:53:37', '2026-05-07 14:58:03', '2026-05-07', NULL, NULL, NULL, NULL, NULL, NULL, NULL, 1, 0),
(31, 3, 1, 17, 17, NULL, 'CERRADA', 26378.98, 26539.47, 26448.38, -91.09, 10.00, '2026-05-07 14:59:33', '2026-05-07 20:00:17', '2026-05-07', NULL, NULL, NULL, NULL, NULL, NULL, NULL, 1, 0),
(32, 5, 1, 22, 22, NULL, 'CERRADA', 0.00, 0.00, 48905.89, 48905.89, 10.00, '2026-05-07 15:10:33', '2026-05-07 15:11:02', '2026-05-07', NULL, NULL, NULL, NULL, NULL, NULL, NULL, 1, 0),
(33, 5, 1, 22, 22, NULL, 'CERRADA', 48905.89, 51230.88, 51246.73, 15.85, 10.00, '2026-05-07 15:11:55', '2026-05-07 15:14:38', '2026-05-07', NULL, NULL, NULL, NULL, NULL, NULL, NULL, 1, 0),
(35, 5, 1, 22, 22, NULL, 'CERRADA', 51246.73, 41324.07, 41326.95, 2.88, 10.00, '2026-05-07 20:10:22', '2026-05-07 20:16:16', '2026-05-07', NULL, NULL, NULL, NULL, NULL, NULL, NULL, 1, 0),
(37, 4, 1, 1, 1, NULL, 'CERRADA', 0.00, 0.00, 35751.00, 35751.00, 10.00, '2026-05-07 20:20:03', '2026-05-07 20:20:24', '2026-05-07', NULL, NULL, NULL, NULL, NULL, NULL, NULL, 1, 0),
(38, 4, 1, 71, 71, NULL, 'CERRADA', 35751.00, 36605.48, 36625.28, 19.80, 10.00, '2026-05-07 20:21:21', '2026-05-07 20:22:44', '2026-05-07', NULL, NULL, NULL, NULL, NULL, NULL, NULL, 1, 0),
(40, 4, 1, 54, 54, NULL, 'CERRADA', 36625.28, 37201.98, 37183.03, -18.95, 10.00, '2026-05-07 20:25:27', '2026-05-07 20:29:26', '2026-05-07', NULL, NULL, NULL, NULL, NULL, NULL, NULL, 1, 0),
(42, 3, 2, 17, 17, NULL, 'CERRADA', 26538.38, 26750.07, 26712.88, -37.19, 10.00, '2026-05-08 03:56:35', '2026-05-08 04:00:18', '2026-05-07', NULL, NULL, NULL, NULL, NULL, NULL, NULL, 1, 0),
(44, 5, 2, 57, 57, NULL, 'CERRADA', 41326.95, 42750.25, 42742.75, -7.50, 10.00, '2026-05-08 04:13:43', '2026-05-08 04:15:55', '2026-05-07', NULL, NULL, NULL, NULL, NULL, NULL, NULL, 1, 0),
(47, 3, 1, 70, 70, NULL, 'CERRADA', 26712.88, 26906.28, 26905.46, -0.82, 10.00, '2026-05-08 12:26:18', '2026-05-08 20:09:36', '2026-05-08', NULL, NULL, NULL, NULL, NULL, NULL, NULL, 1, 0),
(48, 2, 2, 69, 69, NULL, 'CERRADA', 43561.33, 43800.47, 43812.06, 11.59, 10.00, '2026-05-08 13:37:34', '2026-05-08 13:42:11', '2026-05-08', NULL, NULL, NULL, NULL, NULL, NULL, NULL, 1, 0),
(50, 4, 2, 73, 73, NULL, 'CERRADA', 37183.03, 37668.33, 37669.50, 1.17, 10.00, '2026-05-08 16:06:15', '2026-05-08 16:07:48', '2026-05-08', NULL, NULL, NULL, NULL, NULL, NULL, NULL, 1, 0),
(51, 4, 1, 11, 11, NULL, 'CERRADA', 37669.50, 37996.10, 38002.70, 6.60, 10.00, '2026-05-08 16:10:15', '2026-05-08 20:01:55', '2026-05-08', NULL, NULL, NULL, NULL, NULL, NULL, NULL, 1, 0),
(52, 5, 1, 22, 22, NULL, 'CERRADA', 42742.75, 34023.25, 33900.22, -123.03, 10.00, '2026-05-08 19:30:12', '2026-05-08 19:51:46', '2026-05-08', NULL, NULL, NULL, NULL, NULL, NULL, NULL, 1, 0),
(53, 2, 1, 29, 29, NULL, 'CERRADA', 43812.47, 44056.77, 44052.82, -3.95, 10.00, '2026-05-08 20:07:20', '2026-05-08 20:10:04', '2026-05-08', NULL, NULL, NULL, NULL, NULL, NULL, NULL, 1, 0),
(55, 3, 2, 69, 69, NULL, 'CERRADA', 26905.46, 26106.95, 26118.48, 11.53, 10.00, '2026-05-08 21:21:12', '2026-05-09 04:10:44', '2026-05-08', NULL, NULL, NULL, NULL, NULL, NULL, NULL, 1, 0),
(57, 4, 2, 73, 73, NULL, 'CERRADA', 37996.10, 38667.70, 38687.90, 20.20, 10.00, '2026-05-09 04:08:16', '2026-05-09 04:09:48', '2026-05-08', NULL, NULL, NULL, NULL, NULL, NULL, NULL, 1, 0),
(58, 5, 2, 53, 53, NULL, 'CERRADA', 34020.22, 34852.11, 35356.52, 504.41, 10.00, '2026-05-09 04:10:36', '2026-05-09 04:12:42', '2026-05-08', NULL, NULL, NULL, NULL, NULL, NULL, NULL, 1, 0),
(59, 2, 2, 29, 29, NULL, 'CERRADA', 44052.82, 44438.62, 44419.91, -18.71, 10.00, '2026-05-09 04:12:00', '2026-05-09 04:13:40', '2026-05-08', NULL, NULL, NULL, NULL, NULL, NULL, NULL, 1, 0),
(60, 5, 1, 22, 22, NULL, 'CERRADA', 35356.52, 36939.97, 36961.38, 21.41, 10.00, '2026-05-09 19:51:33', '2026-05-09 19:52:40', '2026-05-09', NULL, NULL, NULL, NULL, NULL, NULL, NULL, 1, 0),
(61, 3, 1, 73, 73, NULL, 'CERRADA', 26118.48, 25867.04, 25846.72, -20.32, 10.00, '2026-05-09 20:01:25', '2026-05-09 20:03:56', '2026-05-09', NULL, NULL, NULL, NULL, NULL, NULL, NULL, 1, 0),
(62, 2, 1, 57, 57, NULL, 'CERRADA', 44419.91, 44669.11, 44761.63, 92.52, 10.00, '2026-05-09 20:19:23', '2026-05-09 20:23:34', '2026-05-09', NULL, NULL, NULL, NULL, NULL, NULL, NULL, 1, 0),
(63, 4, 1, 71, 71, NULL, 'CERRADA', 38687.90, 39003.80, 39000.08, -3.72, 10.00, '2026-05-09 21:13:42', '2026-05-09 21:17:29', '2026-05-09', NULL, NULL, NULL, NULL, NULL, NULL, NULL, 1, 0),
(64, 2, 2, 57, 57, NULL, 'CERRADA', 44761.63, 45241.53, 45154.34, -87.19, 10.00, '2026-05-10 03:56:22', '2026-05-10 03:59:46', '2026-05-09', NULL, NULL, NULL, NULL, NULL, NULL, NULL, 1, 0),
(65, 5, 2, 53, 53, NULL, 'CERRADA', 36961.38, 38127.46, 38131.69, 4.23, 10.00, '2026-05-10 04:01:32', '2026-05-10 04:05:06', '2026-05-09', NULL, NULL, NULL, NULL, NULL, NULL, NULL, 1, 0),
(66, 3, 2, 17, 17, NULL, 'CERRADA', 25846.72, 25558.51, 25568.80, 10.29, 10.00, '2026-05-10 04:04:08', '2026-05-10 04:07:21', '2026-05-09', NULL, NULL, NULL, NULL, NULL, NULL, NULL, 1, 0),
(67, 4, 2, 71, 71, NULL, 'CERRADA', 39000.08, 39658.98, 39659.94, 0.96, 10.00, '2026-05-10 04:12:47', '2026-05-10 04:16:04', '2026-05-09', NULL, NULL, NULL, NULL, NULL, NULL, NULL, 1, 0),
(68, 3, 1, 17, 17, NULL, 'CERRADA', 25568.80, 23442.41, 23447.08, 4.67, 10.00, '2026-05-10 19:16:52', '2026-05-10 20:03:36', '2026-05-10', NULL, NULL, NULL, NULL, NULL, NULL, NULL, 1, 0),
(69, 2, 1, 69, 69, NULL, 'CERRADA', 45154.34, 45533.34, 45536.24, 2.90, 10.00, '2026-05-10 19:46:12', '2026-05-10 20:02:26', '2026-05-10', NULL, NULL, NULL, NULL, NULL, NULL, NULL, 1, 0),
(70, 5, 1, 53, 53, NULL, 'CERRADA', 38131.69, 39067.92, 39069.44, 1.52, 10.00, '2026-05-10 20:03:00', '2026-05-10 20:07:09', '2026-05-10', NULL, NULL, NULL, NULL, NULL, NULL, NULL, 1, 0),
(71, 4, 1, 11, 11, NULL, 'CERRADA', 39657.44, 40050.84, 40070.28, 19.44, 10.00, '2026-05-10 20:14:11', '2026-05-10 20:18:08', '2026-05-10', NULL, NULL, NULL, NULL, NULL, NULL, NULL, 1, 0),
(72, 4, 2, 22, 22, NULL, 'CERRADA', 40070.28, 40815.85, 40790.40, -25.45, 10.00, '2026-05-11 02:59:47', '2026-05-11 03:02:14', '2026-05-10', NULL, NULL, NULL, NULL, NULL, NULL, NULL, 1, 0),
(73, 5, 2, 70, 70, NULL, 'CERRADA', 39069.44, 39971.89, 39968.79, -3.10, 10.00, '2026-05-11 03:14:20', '2026-05-11 03:58:58', '2026-05-10', NULL, NULL, NULL, NULL, NULL, NULL, NULL, 1, 0),
(74, 3, 2, 73, 73, NULL, 'CERRADA', 23447.08, 23633.74, 23639.31, 5.57, 10.00, '2026-05-11 03:57:04', '2026-05-11 04:03:57', '2026-05-10', NULL, NULL, NULL, NULL, NULL, NULL, NULL, 1, 0),
(75, 2, 2, 29, 29, NULL, 'CERRADA', 45536.24, 45829.34, 45831.89, 2.55, 10.00, '2026-05-11 04:07:44', '2026-05-11 04:09:22', '2026-05-10', NULL, NULL, NULL, NULL, NULL, NULL, NULL, 1, 0),
(86, 5, 1, 22, 22, NULL, 'CERRADA', 39968.79, 41689.69, 55123.34, 13433.65, 10.00, '2026-05-11 19:46:31', '2026-05-11 19:57:33', '2026-05-11', NULL, NULL, NULL, NULL, NULL, NULL, NULL, 1, 0),
(87, 3, 1, 57, 57, NULL, 'CERRADA', 23639.31, 22594.51, 22613.28, 18.77, 10.00, '2026-05-11 19:50:53', '2026-05-11 20:11:59', '2026-05-11', NULL, NULL, NULL, NULL, NULL, NULL, NULL, 1, 0),
(88, 2, 1, 29, 29, NULL, 'CERRADA', 45831.89, 46214.59, 46216.81, 2.22, 10.00, '2026-05-11 20:05:39', '2026-05-11 20:09:03', '2026-05-11', NULL, NULL, NULL, NULL, NULL, NULL, NULL, 1, 0),
(89, 4, 1, 73, 73, NULL, 'CERRADA', 40790.40, 41006.80, 41010.45, 3.65, 10.00, '2026-05-11 20:11:41', '2026-05-11 20:16:55', '2026-05-11', NULL, NULL, NULL, NULL, NULL, NULL, NULL, 1, 0),
(90, 2, 2, 29, 29, NULL, 'CERRADA', 46216.81, 46846.01, 46845.56, -0.45, 10.00, '2026-05-11 20:27:17', '2026-05-12 04:05:01', '2026-05-11', NULL, NULL, NULL, NULL, NULL, NULL, NULL, 1, 0),
(91, 5, 2, 53, 53, NULL, 'CERRADA', 41717.24, 43286.87, 43286.20, -0.67, 10.00, '2026-05-12 04:01:16', '2026-05-12 04:02:39', '2026-05-11', NULL, NULL, NULL, NULL, NULL, NULL, NULL, 1, 0),
(92, 4, 2, 71, 71, NULL, 'CERRADA', 41010.45, 41821.63, 41730.45, -91.18, 10.00, '2026-05-12 04:07:26', '2026-05-12 04:37:43', '2026-05-11', NULL, NULL, NULL, NULL, NULL, NULL, NULL, 1, 0),
(93, 3, 2, 57, 57, NULL, 'CERRADA', 22613.28, 22563.57, 22582.73, 19.16, 10.00, '2026-05-12 04:09:44', '2026-05-12 04:12:17', '2026-05-11', NULL, NULL, NULL, NULL, NULL, NULL, NULL, 1, 0),
(94, 2, 1, 54, 54, NULL, 'CERRADA', 46845.56, 47291.71, 47308.71, 17.00, 10.00, '2026-05-12 20:00:53', '2026-05-12 20:03:43', '2026-05-12', NULL, NULL, NULL, NULL, NULL, NULL, NULL, 1, 0),
(95, 3, 1, 57, 57, NULL, 'CERRADA', 22582.73, 22696.03, 22734.60, 38.57, 10.00, '2026-05-12 20:07:54', '2026-05-12 20:10:31', '2026-05-12', NULL, NULL, NULL, NULL, NULL, NULL, NULL, 1, 0),
(96, 5, 1, 22, 22, NULL, 'CERRADA', 43286.20, 44573.10, 44574.74, 1.64, 10.00, '2026-05-12 20:09:23', '2026-05-12 20:11:45', '2026-05-12', NULL, NULL, NULL, NULL, NULL, NULL, NULL, 1, 0),
(97, 4, 1, 73, 73, NULL, 'CERRADA', 41730.45, 41813.25, 42119.27, 306.02, 10.00, '2026-05-12 20:11:11', '2026-05-12 20:15:04', '2026-05-12', NULL, NULL, NULL, NULL, NULL, NULL, NULL, 1, 0),
(100, 5, 2, 53, 53, NULL, 'CERRADA', 44574.74, 46093.19, 46117.74, 24.55, 10.00, '2026-05-13 03:57:27', '2026-05-13 03:58:51', '2026-05-12', NULL, NULL, NULL, NULL, NULL, NULL, NULL, 1, 0),
(101, 4, 2, 71, 71, NULL, 'CERRADA', 42119.27, 42663.37, 42726.62, 63.25, 10.00, '2026-05-13 04:10:00', '2026-05-13 04:20:18', '2026-05-12', NULL, NULL, NULL, NULL, NULL, NULL, NULL, 1, 0),
(103, 2, 1, 69, 69, NULL, 'CERRADA', 37308.71, 37500.81, 37405.26, -95.55, 10.00, '2026-05-13 05:44:15', '2026-05-13 05:46:22', '2026-05-13', NULL, NULL, NULL, NULL, NULL, NULL, NULL, 1, 0),
(105, 3, 1, 17, 17, NULL, 'CERRADA', 32734.60, 32762.69, 32755.99, -6.70, 10.00, '2026-05-13 05:51:02', '2026-05-13 05:52:26', '2026-05-13', NULL, NULL, NULL, NULL, NULL, NULL, NULL, 1, 0),
(112, 3, 1, 53, 53, NULL, 'CERRADA', 32755.99, 33038.19, 33048.85, 10.66, 10.00, '2026-05-13 19:01:47', '2026-05-13 19:03:58', '2026-05-13', NULL, NULL, NULL, NULL, NULL, NULL, NULL, 1, 0),
(113, 5, 1, 22, 22, NULL, 'CERRADA', 46117.74, 36828.44, 36817.18, -11.26, 10.00, '2026-05-13 19:58:58', '2026-05-13 20:00:35', '2026-05-13', NULL, NULL, NULL, NULL, NULL, NULL, NULL, 1, 0),
(114, 4, 1, 11, 11, NULL, 'CERRADA', 42726.62, 31252.22, 31216.07, -36.15, 10.00, '2026-05-13 19:59:38', '2026-05-13 23:51:05', '2026-05-13', NULL, NULL, NULL, NULL, NULL, NULL, NULL, 1, 0),
(115, 2, 1, 29, 29, NULL, 'CERRADA', 37405.26, 37671.36, 25072.10, -12599.26, 10.00, '2026-05-13 20:02:43', '2026-05-13 20:04:59', '2026-05-13', NULL, NULL, NULL, NULL, NULL, NULL, NULL, 1, 0),
(116, 3, 2, 17, 17, NULL, 'CERRADA', 33048.85, 32692.23, 32296.55, -395.68, 10.00, '2026-05-14 03:30:22', '2026-05-14 03:58:21', '2026-05-13', NULL, NULL, NULL, NULL, NULL, NULL, NULL, 1, 0),
(117, 5, 2, 69, 69, NULL, 'CERRADA', 36817.18, 37474.13, 36499.62, -974.51, 10.00, '2026-05-14 03:45:33', '2026-05-14 04:06:58', '2026-05-13', NULL, NULL, NULL, NULL, NULL, NULL, NULL, 1, 0),
(118, 2, 2, 29, 29, NULL, 'CERRADA', 37672.10, 38099.70, 38097.72, -1.98, 10.00, '2026-05-14 04:00:03', '2026-05-14 04:02:11', '2026-05-13', NULL, NULL, NULL, NULL, NULL, NULL, NULL, 1, 0),
(119, 4, 2, 71, 71, NULL, 'CERRADA', 31236.07, 31855.55, 31859.99, 4.44, 10.00, '2026-05-14 04:07:44', '2026-05-14 04:13:16', '2026-05-13', NULL, NULL, NULL, NULL, NULL, NULL, NULL, 1, 0),
(120, 2, 1, 29, 29, NULL, 'CERRADA', 38097.72, 38525.92, 38526.30, 0.38, 10.00, '2026-05-14 19:58:47', '2026-05-14 20:01:04', '2026-05-14', NULL, NULL, NULL, NULL, NULL, NULL, NULL, 1, 0),
(121, 4, 1, 13, 13, NULL, 'CERRADA', 31859.99, 32152.69, 32162.44, 9.75, 10.00, '2026-05-14 20:06:19', '2026-05-14 20:10:06', '2026-05-14', NULL, NULL, NULL, NULL, NULL, NULL, NULL, 1, 0),
(122, 3, 1, 17, 17, NULL, 'CERRADA', 32246.55, 30570.05, 30603.22, 33.17, 10.00, '2026-05-14 20:10:57', '2026-05-14 20:16:48', '2026-05-14', NULL, NULL, NULL, NULL, NULL, NULL, NULL, 1, 0),
(123, 5, 1, 73, 73, NULL, 'CERRADA', 37549.62, 38640.12, 38653.54, 13.42, 10.00, '2026-05-14 20:17:49', '2026-05-14 20:19:44', '2026-05-14', NULL, NULL, NULL, NULL, NULL, NULL, NULL, 1, 0),
(124, 5, 2, 70, 70, NULL, 'CERRADA', 38653.54, 40198.06, 40196.54, -1.52, 10.00, '2026-05-15 03:20:29', '2026-05-15 04:00:51', '2026-05-14', NULL, NULL, NULL, NULL, NULL, NULL, NULL, 1, 0),
(125, 2, 2, 69, 69, NULL, 'CERRADA', 38526.30, 38893.20, 38893.22, 0.02, 10.00, '2026-05-15 03:47:34', '2026-05-15 04:00:53', '2026-05-14', NULL, NULL, NULL, NULL, NULL, NULL, NULL, 1, 0),
(126, 3, 2, 57, 57, NULL, 'CERRADA', 30603.22, 29248.22, 29246.15, -2.07, 10.00, '2026-05-15 04:06:09', '2026-05-15 04:09:34', '2026-05-14', NULL, NULL, NULL, NULL, NULL, NULL, NULL, 1, 0),
(127, 4, 2, 71, 71, NULL, 'CERRADA', 32162.44, 32491.89, 32500.57, 8.68, 10.00, '2026-05-15 04:12:31', '2026-05-15 04:14:16', '2026-05-14', NULL, NULL, NULL, NULL, NULL, NULL, NULL, 1, 0),
(128, 5, 1, 22, 22, NULL, 'CERRADA', 40196.54, 31125.74, 31145.97, 20.23, 10.00, '2026-05-15 19:47:42', '2026-05-15 19:54:39', '2026-05-15', NULL, NULL, NULL, NULL, NULL, NULL, NULL, 1, 0),
(129, 3, 1, 17, 17, NULL, 'CERRADA', 29246.15, 28821.55, 28821.49, -0.06, 10.00, '2026-05-15 20:04:07', '2026-05-15 20:07:37', '2026-05-15', NULL, NULL, NULL, NULL, NULL, NULL, NULL, 1, 0),
(130, 2, 1, 29, 29, NULL, 'CERRADA', 38893.22, 39342.62, 39343.52, 0.90, 10.00, '2026-05-15 20:07:13', '2026-05-15 20:09:22', '2026-05-15', NULL, NULL, NULL, NULL, NULL, NULL, NULL, 1, 0),
(131, 4, 1, 73, 73, NULL, 'CERRADA', 32500.57, 32846.97, 32848.44, 1.47, 10.00, '2026-05-15 21:46:19', '2026-05-15 21:49:49', '2026-05-15', NULL, NULL, NULL, NULL, NULL, NULL, NULL, 1, 0),
(132, 7, 1, 70, 70, NULL, 'CERRADA', 0.00, 0.00, 14275.11, 14275.11, 10.00, '2026-05-16 02:06:57', '2026-05-16 02:07:27', '2026-05-15', NULL, NULL, NULL, NULL, NULL, NULL, NULL, 1, 0),
(133, 7, 2, 70, 70, NULL, 'CERRADA', 14275.11, 14275.11, 14291.79, 16.68, 10.00, '2026-05-16 02:07:50', '2026-05-16 03:31:47', '2026-05-15', NULL, NULL, NULL, NULL, NULL, NULL, NULL, 1, 0),
(134, 3, 2, 69, 69, NULL, 'CERRADA', 28821.49, 28466.07, 27446.56, -1019.51, 10.00, '2026-05-16 03:49:17', '2026-05-16 04:07:36', '2026-05-15', NULL, NULL, NULL, NULL, NULL, NULL, NULL, 1, 0),
(135, 2, 2, 29, 29, NULL, 'CERRADA', 39343.52, 39764.82, 39766.07, 1.25, 10.00, '2026-05-16 04:02:01', '2026-05-16 04:03:27', '2026-05-15', NULL, NULL, NULL, NULL, NULL, NULL, NULL, 1, 0),
(136, 5, 2, 53, 53, NULL, 'CERRADA', 31145.97, 32437.36, 32441.15, 3.79, 10.00, '2026-05-16 04:03:03', '2026-05-16 04:04:54', '2026-05-15', NULL, NULL, NULL, NULL, NULL, NULL, NULL, 1, 0),
(137, 4, 2, 73, 73, NULL, 'CERRADA', 32848.44, 33588.14, 33603.71, 15.57, 10.00, '2026-05-16 04:04:15', '2026-05-16 04:08:02', '2026-05-15', NULL, NULL, NULL, NULL, NULL, NULL, NULL, 1, 0),
(139, 5, 1, 53, 53, NULL, 'CERRADA', 32441.15, 33342.05, 33348.93, 6.88, 10.00, '2026-05-16 20:05:39', '2026-05-16 20:07:12', '2026-05-16', NULL, NULL, NULL, NULL, NULL, NULL, NULL, 1, 0),
(140, 4, 1, 73, 73, NULL, 'CERRADA', 33603.71, 33992.41, 33991.94, -0.47, 10.00, '2026-05-16 20:06:21', '2026-05-16 20:09:07', '2026-05-16', NULL, NULL, NULL, NULL, NULL, NULL, NULL, 1, 0),
(141, 7, 1, 45, 45, NULL, 'CERRADA', 14291.79, 14291.79, 14291.81, 0.02, 10.00, '2026-05-16 20:09:53', '2026-05-16 20:19:08', '2026-05-16', NULL, NULL, NULL, NULL, NULL, NULL, NULL, 1, 0),
(142, 3, 1, 17, 17, NULL, 'CERRADA', 28461.06, 28492.65, 28499.87, 7.22, 10.00, '2026-05-16 20:09:54', '2026-05-16 20:14:21', '2026-05-16', NULL, NULL, NULL, NULL, NULL, NULL, NULL, 1, 0),
(143, 2, 1, 57, 57, NULL, 'CERRADA', 39766.07, 40120.17, 40116.33, -3.84, 10.00, '2026-05-16 20:19:32', '2026-05-16 20:23:09', '2026-05-16', NULL, NULL, NULL, NULL, NULL, NULL, NULL, 1, 0),
(144, 5, 2, 70, 61, NULL, 'CERRADA', 33348.93, 34446.89, 34458.25, 11.36, 10.00, '2026-05-16 20:23:56', '2026-05-17 03:58:52', '2026-05-16', NULL, NULL, NULL, NULL, NULL, NULL, NULL, 1, 0),
(145, 4, 1, 22, 22, NULL, 'CERRADA', 33991.94, 34733.74, 34192.14, -541.60, 10.00, '2026-05-17 03:35:47', '2026-05-17 03:58:24', '2026-05-16', NULL, NULL, NULL, NULL, NULL, NULL, NULL, 1, 0),
(146, 7, 2, 61, 61, NULL, 'CERRADA', 14291.81, 14291.81, 14291.36, -0.45, 10.00, '2026-05-17 03:42:19', '2026-05-17 03:44:29', '2026-05-16', NULL, NULL, NULL, NULL, NULL, NULL, NULL, 1, 0),
(147, 3, 2, 13, 13, NULL, 'CERRADA', 28499.87, 28772.37, 28785.25, 12.88, 10.00, '2026-05-17 04:02:03', '2026-05-17 04:04:55', '2026-05-16', NULL, NULL, NULL, NULL, NULL, NULL, NULL, 1, 0),
(148, 2, 2, 29, 29, NULL, 'CERRADA', 40116.33, 40400.83, 40396.56, -4.27, 10.00, '2026-05-17 04:14:30', '2026-05-17 04:17:10', '2026-05-16', NULL, NULL, NULL, NULL, NULL, NULL, NULL, 1, 0),
(150, 7, 1, 57, 57, NULL, 'CERRADA', 14291.36, 14291.36, 14290.91, -0.45, 10.00, '2026-05-17 15:20:46', '2026-05-17 19:42:18', '2026-05-17', NULL, NULL, NULL, NULL, NULL, NULL, NULL, 1, 0),
(151, 2, 1, 13, 13, NULL, 'CERRADA', 40396.56, 40794.26, 40794.55, 0.29, 10.00, '2026-05-17 15:32:19', '2026-05-17 20:01:36', '2026-05-17', NULL, NULL, NULL, NULL, NULL, NULL, NULL, 1, 0),
(152, 3, 1, 17, 17, NULL, 'CERRADA', 28785.25, 28127.58, 28129.93, 2.35, 10.00, '2026-05-17 19:59:33', '2026-05-17 20:02:54', '2026-05-17', NULL, NULL, NULL, NULL, NULL, NULL, NULL, 1, 0),
(153, 4, 1, 73, 73, NULL, 'CERRADA', 34192.14, 34647.74, 34658.24, 10.50, 10.00, '2026-05-17 20:13:44', '2026-05-17 20:15:38', '2026-05-17', NULL, NULL, NULL, NULL, NULL, NULL, NULL, 1, 0),
(155, 5, 1, 22, 22, NULL, 'CERRADA', 34358.25, 35388.55, 35414.68, 26.13, 10.00, '2026-05-18 02:28:09', '2026-05-18 02:28:58', '2026-05-17', NULL, NULL, NULL, NULL, NULL, NULL, NULL, 1, 0),
(156, 7, 2, 61, 61, NULL, 'CERRADA', 14290.91, 14290.91, 14290.51, -0.40, 10.00, '2026-05-18 03:38:38', '2026-05-18 03:41:02', '2026-05-17', NULL, NULL, NULL, NULL, NULL, NULL, NULL, 1, 0),
(157, 3, 2, 70, 70, NULL, 'CERRADA', 28129.93, 28030.73, 28005.82, -24.91, 10.00, '2026-05-18 03:47:58', '2026-05-18 04:02:15', '2026-05-17', NULL, NULL, NULL, NULL, NULL, NULL, NULL, 1, 0),
(158, 2, 2, 69, 69, NULL, 'CERRADA', 40794.55, 41174.75, 41185.65, 10.90, 10.00, '2026-05-18 03:53:57', '2026-05-18 03:59:57', '2026-05-17', NULL, NULL, NULL, NULL, NULL, NULL, NULL, 1, 0),
(159, 4, 2, 71, 71, NULL, 'CERRADA', 34658.24, 35237.36, 35238.44, 1.08, 10.00, '2026-05-18 04:00:19', '2026-05-18 04:03:30', '2026-05-17', NULL, NULL, NULL, NULL, NULL, NULL, NULL, 1, 0),
(160, 5, 2, 53, 53, NULL, 'CERRADA', 35414.68, 36926.58, 36993.78, 67.20, 10.00, '2026-05-18 04:02:58', '2026-05-18 04:04:03', '2026-05-17', NULL, NULL, NULL, NULL, NULL, NULL, NULL, 1, 0),
(163, 3, 1, 57, 57, NULL, 'CERRADA', 28005.82, 28388.82, 28403.90, 15.08, 10.00, '2026-05-18 12:34:28', '2026-05-18 20:13:07', '2026-05-18', NULL, NULL, NULL, NULL, NULL, NULL, NULL, 1, 0),
(164, 5, 1, 22, 22, NULL, 'CERRADA', 36993.78, 38085.37, 38089.00, 3.63, 10.00, '2026-05-18 19:24:04', '2026-05-18 20:17:03', '2026-05-18', NULL, NULL, NULL, NULL, NULL, NULL, NULL, 1, 0),
(165, 2, 1, 70, 70, NULL, 'CERRADA', 41185.65, 41500.15, 41384.90, -115.25, 10.00, '2026-05-18 20:07:20', '2026-05-18 20:08:34', '2026-05-18', NULL, NULL, NULL, NULL, NULL, NULL, NULL, 1, 0),
(166, 4, 1, 73, 73, NULL, 'CERRADA', 35238.44, 35716.54, 35716.60, 0.06, 10.00, '2026-05-18 20:10:49', '2026-05-18 20:16:11', '2026-05-18', NULL, NULL, NULL, NULL, NULL, NULL, NULL, 1, 0),
(167, 7, 1, 69, 69, NULL, 'CERRADA', 14290.51, 14290.51, 14290.41, -0.10, 10.00, '2026-05-18 20:24:05', '2026-05-18 20:25:34', '2026-05-18', NULL, NULL, NULL, NULL, NULL, NULL, NULL, 1, 0),
(168, 3, 2, 57, 57, NULL, 'CERRADA', 28403.90, 27400.85, 27397.78, -3.07, 10.00, '2026-05-18 21:57:30', '2026-05-19 04:11:16', '2026-05-18', NULL, NULL, NULL, NULL, NULL, NULL, NULL, 1, 0),
(169, 5, 2, 53, 53, NULL, 'CERRADA', 38089.00, 39388.00, 39436.14, 48.14, 10.00, '2026-05-19 00:54:11', '2026-05-19 04:01:36', '2026-05-18', NULL, NULL, NULL, NULL, NULL, NULL, NULL, 1, 0),
(170, 7, 2, 61, 61, NULL, 'CERRADA', 14290.41, 14290.41, 14290.11, -0.30, 10.00, '2026-05-19 03:46:18', '2026-05-19 03:47:43', '2026-05-18', NULL, NULL, NULL, NULL, NULL, NULL, NULL, 1, 0),
(171, 2, 2, 71, 71, NULL, 'CERRADA', 41384.90, 41781.40, 41773.55, -7.85, 10.00, '2026-05-19 04:04:09', '2026-05-19 04:14:39', '2026-05-18', NULL, NULL, NULL, NULL, NULL, NULL, NULL, 1, 0),
(172, 4, 2, 59, 59, NULL, 'CERRADA', 35716.60, 36167.20, 36175.67, 8.47, 10.00, '2026-05-19 04:06:16', '2026-05-19 04:08:49', '2026-05-18', NULL, NULL, NULL, NULL, NULL, NULL, NULL, 1, 0),
(173, 3, 1, 57, 57, NULL, 'CERRADA', 27397.78, 27834.78, 11450.10, -16384.68, 10.00, '2026-05-19 17:19:08', '2026-05-19 20:10:26', '2026-05-19', NULL, NULL, NULL, NULL, NULL, NULL, NULL, 1, 0),
(174, 5, 1, 22, 22, NULL, 'CERRADA', 39436.14, 40561.70, 40566.85, 5.15, 10.00, '2026-05-19 18:29:39', '2026-05-19 19:58:53', '2026-05-19', NULL, NULL, NULL, NULL, NULL, NULL, NULL, 1, 0),
(175, 7, 1, 70, 70, NULL, 'CERRADA', 14290.11, 14290.11, 14289.66, -0.45, 10.00, '2026-05-19 19:23:31', '2026-05-19 19:30:08', '2026-05-19', NULL, NULL, NULL, NULL, NULL, NULL, NULL, 1, 0),
(176, 4, 1, 73, 73, NULL, 'CERRADA', 36175.67, 36492.87, 36498.60, 5.73, 10.00, '2026-05-19 20:08:35', '2026-05-19 20:12:14', '2026-05-19', NULL, NULL, NULL, NULL, NULL, NULL, NULL, 1, 0),
(177, 2, 1, 54, 54, NULL, 'CERRADA', 41773.55, 42032.35, 42022.93, -9.42, 10.00, '2026-05-19 20:12:17', '2026-05-19 20:16:25', '2026-05-19', NULL, NULL, NULL, NULL, NULL, NULL, NULL, 1, 0),
(178, 5, 2, 53, 53, NULL, 'CERRADA', 40566.85, 41916.65, 41937.74, 21.09, 10.00, '2026-05-20 02:51:22', '2026-05-20 04:10:00', '2026-05-19', NULL, NULL, NULL, NULL, NULL, NULL, NULL, 1, 0),
(179, 7, 2, 61, 61, NULL, 'CERRADA', 14289.66, 14289.66, 14289.26, -0.40, 10.00, '2026-05-20 03:50:56', '2026-05-20 03:51:59', '2026-05-19', NULL, NULL, NULL, NULL, NULL, NULL, NULL, 1, 0),
(180, 2, 2, 69, 69, NULL, 'CERRADA', 42022.93, 42378.13, 42439.99, 61.86, 10.00, '2026-05-20 04:01:01', '2026-05-20 04:09:58', '2026-05-19', NULL, NULL, NULL, NULL, NULL, NULL, NULL, 1, 0),
(181, 4, 2, 73, 73, NULL, 'CERRADA', 36498.60, 37084.00, 37043.64, -40.36, 10.00, '2026-05-20 04:11:43', '2026-05-20 04:14:00', '2026-05-19', NULL, NULL, NULL, NULL, NULL, NULL, NULL, 1, 0),
(182, 3, 2, 17, 17, NULL, 'CERRADA', 27849.62, 24547.71, 24562.35, 14.64, 10.00, '2026-05-20 04:11:46', '2026-05-20 04:14:23', '2026-05-19', NULL, NULL, NULL, NULL, NULL, NULL, NULL, 1, 0),
(186, 5, 1, 22, 22, NULL, 'CERRADA', 41937.74, 42798.28, 42802.03, 3.75, 10.00, '2026-05-20 19:21:19', '2026-05-20 20:03:25', '2026-05-20', NULL, NULL, NULL, NULL, NULL, NULL, NULL, 1, 0),
(187, 2, 1, 70, 70, NULL, 'CERRADA', 42439.99, 42813.79, 42840.19, 26.40, 10.00, '2026-05-20 19:34:10', '2026-05-20 20:03:14', '2026-05-20', NULL, NULL, NULL, NULL, NULL, NULL, NULL, 1, 0),
(188, 3, 1, 17, 17, NULL, 'CERRADA', 24562.35, 24818.15, 24826.29, 8.14, 10.00, '2026-05-20 20:03:25', '2026-05-20 20:06:02', '2026-05-20', NULL, NULL, NULL, NULL, NULL, NULL, NULL, 1, 0),
(190, 4, 1, 71, 71, NULL, 'CERRADA', 37043.64, 37409.80, 37415.95, 6.15, 10.00, '2026-05-20 20:29:59', '2026-05-20 20:33:30', '2026-05-20', NULL, NULL, NULL, NULL, NULL, NULL, NULL, 1, 0),
(191, 2, 2, 70, 70, NULL, 'CERRADA', 30840.19, 25982.79, 25969.92, -12.87, 10.00, '2026-05-21 03:08:57', '2026-05-21 03:56:21', '2026-05-20', NULL, NULL, NULL, NULL, NULL, NULL, NULL, 1, 0),
(192, 5, 2, 53, 53, NULL, 'CERRADA', 42802.03, 44137.43, 44148.66, 11.23, 10.00, '2026-05-21 03:21:51', '2026-05-21 03:55:36', '2026-05-20', NULL, NULL, NULL, NULL, NULL, NULL, NULL, 1, 0),
(193, 7, 2, 61, 61, NULL, 'CERRADA', 14289.26, 14289.26, 14289.11, -0.15, 10.00, '2026-05-21 03:40:06', '2026-05-21 03:41:44', '2026-05-20', NULL, NULL, NULL, NULL, NULL, NULL, NULL, 1, 0),
(194, 3, 2, 69, 69, NULL, 'CERRADA', 36826.29, 35026.08, 31009.78, -4016.30, 10.00, '2026-05-21 03:49:59', '2026-05-21 04:02:03', '2026-05-20', NULL, NULL, NULL, NULL, NULL, NULL, NULL, 1, 0),
(195, 4, 2, 73, 73, NULL, 'CERRADA', 37415.95, 38027.78, 38033.52, 5.74, 10.00, '2026-05-21 04:08:35', '2026-05-21 04:10:21', '2026-05-20', NULL, NULL, NULL, NULL, NULL, NULL, NULL, 1, 0),
(196, 3, 1, 53, 53, NULL, 'CERRADA', 31019.78, 31870.08, 31898.48, 28.40, 10.00, '2026-05-21 19:49:08', '2026-05-21 20:04:25', '2026-05-21', NULL, NULL, NULL, NULL, NULL, NULL, NULL, 1, 0),
(197, 5, 1, 22, 22, NULL, 'CERRADA', 44148.66, 45001.06, 44999.94, -1.12, 10.00, '2026-05-21 19:52:38', '2026-05-21 20:01:23', '2026-05-21', NULL, NULL, NULL, NULL, NULL, NULL, NULL, 1, 0),
(198, 2, 1, 13, 13, NULL, 'CERRADA', 25969.92, 26214.22, 26214.31, 0.09, 10.00, '2026-05-21 20:02:59', '2026-05-21 20:05:48', '2026-05-21', NULL, NULL, NULL, NULL, NULL, NULL, NULL, 1, 0),
(199, 4, 1, 73, 73, NULL, 'CERRADA', 38033.52, 38289.17, 52548.15, 14258.98, 10.00, '2026-05-21 20:12:59', '2026-05-21 20:25:57', '2026-05-21', NULL, NULL, NULL, NULL, NULL, NULL, NULL, 1, 0),
(201, 3, 2, 17, 17, NULL, 'CERRADA', 31898.48, 31363.88, 31371.44, 7.56, 10.00, '2026-05-22 03:41:36', '2026-05-22 04:09:02', '2026-05-21', NULL, NULL, NULL, NULL, NULL, NULL, NULL, 1, 0),
(202, 7, 2, 61, 61, NULL, 'CERRADA', 14289.11, 14289.11, 14288.77, -0.34, 10.00, '2026-05-22 03:42:59', '2026-05-22 03:44:34', '2026-05-21', NULL, NULL, NULL, NULL, NULL, NULL, NULL, 1, 0),
(203, 5, 2, 70, 70, NULL, 'CERRADA', 44999.94, 46292.23, 46325.83, 33.60, 10.00, '2026-05-22 03:50:40', '2026-05-22 04:00:42', '2026-05-21', NULL, NULL, NULL, NULL, NULL, NULL, NULL, 1, 0),
(204, 2, 2, 69, 69, NULL, 'CERRADA', 36214.31, 36510.96, 36512.76, 1.80, 10.00, '2026-05-22 03:55:43', '2026-05-22 03:58:12', '2026-05-21', NULL, NULL, NULL, NULL, NULL, NULL, NULL, 1, 0),
(205, 4, 2, 11, 11, NULL, 'CERRADA', 42548.15, 43026.15, 43031.51, 5.36, 10.00, '2026-05-22 04:14:51', '2026-05-22 04:16:44', '2026-05-21', NULL, NULL, NULL, NULL, NULL, NULL, NULL, 1, 0),
(206, 5, 1, 22, 22, NULL, 'CERRADA', 46325.83, 36679.73, 36689.29, 9.56, 10.00, '2026-05-22 19:38:56', '2026-05-22 20:01:14', '2026-05-22', NULL, NULL, NULL, NULL, NULL, NULL, NULL, 1, 0),
(207, 3, 1, 17, 17, NULL, 'CERRADA', 31371.44, 30715.34, 30714.22, -1.12, 10.00, '2026-05-22 19:59:36', '2026-05-22 20:03:21', '2026-05-22', NULL, NULL, NULL, NULL, NULL, NULL, NULL, 1, 0),
(208, 2, 1, 57, 57, NULL, 'CERRADA', 36512.76, 36842.76, 36841.43, -1.33, 10.00, '2026-05-22 20:02:24', '2026-05-22 20:04:37', '2026-05-22', NULL, NULL, NULL, NULL, NULL, NULL, NULL, 1, 0),
(209, 4, 1, 73, 73, NULL, 'CERRADA', 43031.51, 43298.91, 43307.50, 8.59, 10.00, '2026-05-22 20:13:06', '2026-05-22 20:16:26', '2026-05-22', NULL, NULL, NULL, NULL, NULL, NULL, NULL, 1, 0),
(210, 3, 2, 57, 57, NULL, 'CERRADA', 30714.22, 30618.92, 30610.53, -8.39, 10.00, '2026-05-23 02:19:43', '2026-05-23 04:09:29', '2026-05-22', NULL, NULL, NULL, NULL, NULL, NULL, NULL, 1, 0),
(211, 5, 2, 61, 61, NULL, 'CERRADA', 36689.29, 38011.69, 38019.65, 7.96, 10.00, '2026-05-23 03:54:15', '2026-05-23 03:58:17', '2026-05-22', NULL, NULL, NULL, NULL, NULL, NULL, NULL, 1, 0),
(212, 7, 2, 61, 61, NULL, 'CERRADA', 14288.77, 14288.77, 14288.36, -0.41, 10.00, '2026-05-23 03:55:54', '2026-05-23 03:59:12', '2026-05-22', NULL, NULL, NULL, NULL, NULL, NULL, NULL, 1, 0),
(213, 2, 2, 71, 71, NULL, 'CERRADA', 36841.43, 37364.93, 37364.65, -0.28, 10.00, '2026-05-23 03:55:55', '2026-05-23 03:57:46', '2026-05-22', NULL, NULL, NULL, NULL, NULL, NULL, NULL, 1, 0),
(214, 4, 2, 59, 59, NULL, 'CERRADA', 43307.50, 44026.75, 44032.25, 5.50, 10.00, '2026-05-23 04:15:06', '2026-05-23 04:16:50', '2026-05-22', NULL, NULL, NULL, NULL, NULL, NULL, NULL, 1, 0),
(215, 5, 1, 57, 57, NULL, 'CERRADA', 38019.65, 39048.25, 39056.48, 8.23, 10.00, '2026-05-23 12:47:31', '2026-05-23 20:12:08', '2026-05-23', NULL, NULL, NULL, NULL, NULL, NULL, NULL, 1, 0),
(216, 3, 1, 17, 17, NULL, 'CERRADA', 30610.53, 30988.23, 31000.15, 11.92, 10.00, '2026-05-23 20:07:11', '2026-05-23 20:11:38', '2026-05-23', NULL, NULL, NULL, NULL, NULL, NULL, NULL, 1, 0),
(217, 2, 1, 71, 71, NULL, 'CERRADA', 37364.65, 37744.35, 37745.50, 1.15, 10.00, '2026-05-23 20:17:35', '2026-05-23 21:05:29', '2026-05-23', NULL, NULL, NULL, NULL, NULL, NULL, NULL, 1, 0),
(218, 3, 2, 70, 70, NULL, 'CERRADA', 31000.15, 31461.54, 31446.16, -15.38, 10.00, '2026-05-23 22:46:08', '2026-05-24 04:01:03', '2026-05-23', NULL, NULL, NULL, NULL, NULL, NULL, NULL, 1, 0),
(219, 4, 1, 11, 11, NULL, 'CERRADA', 44032.25, 44243.45, 44232.67, -10.78, 10.00, '2026-05-23 23:24:23', '2026-05-23 23:38:17', '2026-05-23', NULL, NULL, NULL, NULL, NULL, NULL, NULL, 1, 0),
(220, 5, 2, 53, 53, NULL, 'CERRADA', 39056.48, 40236.73, 40232.61, -4.12, 10.00, '2026-05-24 00:50:49', '2026-05-24 04:10:58', '2026-05-23', NULL, NULL, NULL, NULL, NULL, NULL, NULL, 1, 0),
(221, 4, 2, 22, 22, NULL, 'CERRADA', 44232.67, 44878.77, 44890.11, 11.34, 10.00, '2026-05-24 03:18:42', '2026-05-24 04:07:37', '2026-05-23', NULL, NULL, NULL, NULL, NULL, NULL, NULL, 1, 0),
(222, 2, 2, 69, 69, NULL, 'CERRADA', 37745.50, 38124.90, 38123.60, -1.30, 10.00, '2026-05-24 03:41:10', '2026-05-24 04:04:33', '2026-05-23', NULL, NULL, NULL, NULL, NULL, NULL, NULL, 1, 0),
(223, 5, 1, 53, 53, NULL, 'CERRADA', 40232.61, 41957.87, 41972.31, 14.44, 10.00, '2026-05-24 17:04:09', '2026-05-24 20:10:25', '2026-05-24', NULL, NULL, NULL, NULL, NULL, NULL, NULL, 1, 0),
(224, 3, 1, 57, 57, NULL, 'CERRADA', 31446.16, 31997.86, 35998.45, 4000.59, 10.00, '2026-05-24 19:23:49', '2026-05-24 20:15:00', '2026-05-24', NULL, NULL, NULL, NULL, NULL, NULL, NULL, 1, 0),
(225, 2, 1, 22, 22, NULL, 'CERRADA', 38123.60, 38717.10, 38707.90, -9.20, 10.00, '2026-05-24 20:00:18', '2026-05-24 20:02:00', '2026-05-24', NULL, NULL, NULL, NULL, NULL, NULL, NULL, 1, 0),
(226, 4, 1, 71, 71, NULL, 'CERRADA', 44890.11, 45247.01, 45251.51, 4.50, 10.00, '2026-05-24 20:40:10', '2026-05-24 20:46:52', '2026-05-24', NULL, NULL, NULL, NULL, NULL, NULL, NULL, 1, 0),
(227, 7, 1, 73, 73, NULL, 'CERRADA', 14288.36, 14288.36, 14287.66, -0.70, 10.00, '2026-05-24 21:00:45', '2026-05-24 21:01:47', '2026-05-24', NULL, NULL, NULL, NULL, NULL, NULL, NULL, 1, 0),
(228, 2, 2, 13, 13, NULL, 'CERRADA', 38707.90, 39071.00, 39071.10, 0.10, 10.00, '2026-05-24 21:31:48', '2026-05-25 03:57:48', '2026-05-24', NULL, NULL, NULL, NULL, NULL, NULL, NULL, 1, 0),
(229, 5, 2, 57, 57, NULL, 'CERRADA', 41972.31, 42735.50, 42796.58, 61.08, 10.00, '2026-05-24 21:50:31', '2026-05-25 04:06:53', '2026-05-24', NULL, NULL, NULL, NULL, NULL, NULL, NULL, 1, 0),
(230, 4, 2, 71, 71, NULL, 'CERRADA', 45251.51, 45791.60, 45792.99, 1.39, 10.00, '2026-05-25 04:06:21', '2026-05-25 04:08:56', '2026-05-24', NULL, NULL, NULL, NULL, NULL, NULL, NULL, 1, 0),
(231, 3, 2, 17, 17, NULL, 'CERRADA', 35998.45, 35580.54, 35603.02, 22.48, 10.00, '2026-05-25 04:08:19', '2026-05-25 04:11:45', '2026-05-24', NULL, NULL, NULL, NULL, NULL, NULL, NULL, 1, 0),
(232, 5, 1, 22, 22, NULL, 'CERRADA', 42796.58, 43999.97, 44031.59, 31.62, 10.00, '2026-05-25 18:21:58', '2026-05-25 20:01:55', '2026-05-25', NULL, NULL, NULL, NULL, NULL, NULL, NULL, 1, 0),
(233, 3, 1, 57, 57, NULL, 'CERRADA', 35603.02, 34282.22, 34204.12, -78.10, 10.00, '2026-05-25 18:26:11', '2026-05-25 20:18:46', '2026-05-25', NULL, NULL, NULL, NULL, NULL, NULL, NULL, 1, 0),
(234, 7, 1, 69, 69, NULL, 'CERRADA', 14287.66, 14287.66, 14287.11, -0.55, 10.00, '2026-05-25 19:43:53', '2026-05-25 19:46:07', '2026-05-25', NULL, NULL, NULL, NULL, NULL, NULL, NULL, 1, 0),
(235, 4, 1, 73, 73, NULL, 'CERRADA', 45792.99, 46220.29, 46227.12, 6.83, 10.00, '2026-05-25 20:07:54', '2026-05-25 20:10:42', '2026-05-25', NULL, NULL, NULL, NULL, NULL, NULL, NULL, 1, 0),
(236, 5, 2, 53, 53, NULL, 'CERRADA', 44031.59, 45645.99, 45653.15, 7.16, 10.00, '2026-05-25 20:47:40', '2026-05-26 04:08:43', '2026-05-25', NULL, NULL, NULL, NULL, NULL, NULL, NULL, 1, 0),
(237, 2, 1, 71, 71, NULL, 'CERRADA', 39071.10, 39393.50, 39410.29, 16.79, 10.00, '2026-05-25 20:59:11', '2026-05-25 21:08:08', '2026-05-25', NULL, NULL, NULL, NULL, NULL, NULL, NULL, 1, 0),
(239, 3, 2, 57, 57, NULL, 'CERRADA', 34204.12, 34052.72, 34070.14, 17.42, 10.00, '2026-05-26 02:04:03', '2026-05-26 04:14:59', '2026-05-25', NULL, NULL, NULL, NULL, NULL, NULL, NULL, 1, 0),
(240, 7, 2, 61, 61, NULL, 'CERRADA', 14287.11, 14287.11, 14286.21, -0.90, 10.00, '2026-05-26 03:46:02', '2026-05-26 03:47:44', '2026-05-25', NULL, NULL, NULL, NULL, NULL, NULL, NULL, 1, 0),
(242, 2, 2, 71, 71, NULL, 'CERRADA', 39410.29, 39665.29, 39705.65, 40.36, 10.00, '2026-05-26 03:56:31', '2026-05-26 03:58:49', '2026-05-25', NULL, NULL, NULL, NULL, NULL, NULL, NULL, 1, 0),
(243, 4, 2, 60, 60, NULL, 'CERRADA', 46227.12, 46644.22, 46684.61, 40.39, 10.00, '2026-05-26 04:12:43', '2026-05-26 04:16:37', '2026-05-25', NULL, NULL, NULL, NULL, NULL, NULL, NULL, 1, 0),
(248, 2, 1, 57, 57, NULL, 'CERRADA', 39705.65, 40135.35, 40171.79, 36.44, 10.00, '2026-05-26 12:30:44', '2026-05-26 20:13:54', '2026-05-26', NULL, NULL, NULL, NULL, NULL, NULL, NULL, 1, 0),
(249, 6, 1, 68, 68, NULL, 'CERRADA', 0.00, -15.30, 0.00, 15.30, 10.00, '2026-05-26 17:23:03', '2026-05-26 17:23:17', '2026-05-26', NULL, NULL, NULL, NULL, NULL, NULL, NULL, 1, 0),
(250, 5, 1, 22, 22, NULL, 'CERRADA', 45653.15, 46696.60, 46715.05, 18.45, 10.00, '2026-05-26 19:39:26', '2026-05-26 20:17:01', '2026-05-26', NULL, NULL, NULL, NULL, NULL, NULL, NULL, 1, 0),
(251, 7, 1, 54, 54, NULL, 'CERRADA', 14286.21, 14286.21, 14265.66, -20.55, 10.00, '2026-05-26 19:49:36', '2026-05-26 19:51:53', '2026-05-26', NULL, NULL, NULL, NULL, NULL, NULL, NULL, 1, 0),
(252, 3, 1, 53, 53, NULL, 'CERRADA', 34070.14, 33426.54, 33426.71, 0.17, 10.00, '2026-05-26 20:05:54', '2026-05-26 20:11:02', '2026-05-26', NULL, NULL, NULL, NULL, NULL, NULL, NULL, 1, 0),
(253, 4, 1, 73, 73, NULL, 'CERRADA', 46684.61, 46882.41, 46882.15, -0.26, 10.00, '2026-05-26 20:07:28', '2026-05-26 20:10:14', '2026-05-26', NULL, NULL, NULL, NULL, NULL, NULL, NULL, 1, 0),
(254, 3, 2, 57, 57, NULL, 'CERRADA', 33426.71, 33538.00, 33296.83, -241.17, 10.00, '2026-05-26 21:05:35', '2026-05-27 04:07:32', '2026-05-26', NULL, NULL, NULL, NULL, NULL, NULL, NULL, 1, 0),
(255, 5, 2, 70, 70, NULL, 'CERRADA', 46715.05, 48040.74, 48453.05, 412.31, 10.00, '2026-05-27 02:33:00', '2026-05-27 03:58:46', '2026-05-26', NULL, NULL, NULL, NULL, NULL, NULL, NULL, 1, 0),
(256, 2, 2, 69, 69, NULL, 'CERRADA', 40171.79, 40694.44, 40696.77, 2.33, 10.00, '2026-05-27 03:39:59', '2026-05-27 03:59:34', '2026-05-26', NULL, NULL, NULL, NULL, NULL, NULL, NULL, 1, 0),
(257, 7, 2, 61, 61, NULL, 'CERRADA', 14265.66, 14265.66, 14264.66, -1.00, 10.00, '2026-05-27 03:47:30', '2026-05-27 03:48:43', '2026-05-26', NULL, NULL, NULL, NULL, NULL, NULL, NULL, 1, 0),
(259, 4, 2, 71, 71, NULL, 'CERRADA', 46882.15, 47678.90, 47608.10, -70.80, 10.00, '2026-05-27 04:29:02', '2026-05-27 04:41:59', '2026-05-26', NULL, NULL, NULL, NULL, NULL, NULL, NULL, 1, 0);

-- --------------------------------------------------------

--
-- Table structure for table `sesion_participante`
--

CREATE TABLE `sesion_participante` (
  `id_sesion_participante` int(11) NOT NULL,
  `sesion_id` int(11) NOT NULL,
  `postulante_id` int(11) NOT NULL,
  `rol_participacion` enum('CAJERA','VENDEDORA','SUPERVISORA') NOT NULL,
  `responsable_faltante` tinyint(1) NOT NULL DEFAULT 0,
  `observacion` text DEFAULT NULL
) ENGINE=InnoDB DEFAULT CHARSET=utf8mb4 COLLATE=utf8mb4_unicode_ci;

--
-- Dumping data for table `sesion_participante`
--

INSERT INTO `sesion_participante` (`id_sesion_participante`, `sesion_id`, `postulante_id`, `rol_participacion`, `responsable_faltante`, `observacion`) VALUES
(40, 25, 29, 'CAJERA', 1, NULL),
(41, 25, 56, 'VENDEDORA', 0, NULL),
(44, 27, 29, 'CAJERA', 1, NULL),
(45, 27, 56, 'VENDEDORA', 0, NULL),
(46, 28, 29, 'CAJERA', 1, NULL),
(47, 28, 56, 'VENDEDORA', 0, NULL),
(48, 29, 17, 'CAJERA', 1, NULL),
(49, 29, 10, 'VENDEDORA', 0, NULL),
(50, 30, 17, 'CAJERA', 1, NULL),
(51, 30, 10, 'VENDEDORA', 0, NULL),
(52, 31, 17, 'CAJERA', 1, NULL),
(53, 31, 13, 'VENDEDORA', 0, NULL),
(54, 32, 22, 'CAJERA', 1, NULL),
(55, 32, 4, 'VENDEDORA', 0, NULL),
(56, 33, 22, 'CAJERA', 1, NULL),
(57, 33, 4, 'VENDEDORA', 0, NULL),
(60, 35, 22, 'CAJERA', 1, NULL),
(61, 35, 4, 'VENDEDORA', 0, NULL),
(64, 37, 1, 'CAJERA', 1, NULL),
(65, 37, 11, 'VENDEDORA', 0, NULL),
(66, 38, 71, 'CAJERA', 1, NULL),
(67, 38, 11, 'VENDEDORA', 0, NULL),
(70, 40, 54, 'CAJERA', 1, NULL),
(71, 40, 11, 'VENDEDORA', 0, NULL),
(74, 42, 17, 'CAJERA', 1, NULL),
(75, 42, 10, 'VENDEDORA', 0, NULL),
(78, 44, 57, 'CAJERA', 1, NULL),
(79, 44, 4, 'VENDEDORA', 0, NULL),
(84, 47, 70, 'CAJERA', 1, NULL),
(85, 47, 54, 'VENDEDORA', 0, NULL),
(86, 48, 69, 'CAJERA', 1, NULL),
(87, 48, 56, 'VENDEDORA', 0, NULL),
(90, 50, 73, 'CAJERA', 1, NULL),
(91, 50, 55, 'VENDEDORA', 0, NULL),
(92, 51, 11, 'CAJERA', 1, NULL),
(93, 51, 13, 'VENDEDORA', 0, NULL),
(94, 52, 22, 'CAJERA', 1, NULL),
(95, 52, 4, 'VENDEDORA', 0, NULL),
(96, 53, 29, 'CAJERA', 1, NULL),
(97, 53, 45, 'VENDEDORA', 0, NULL),
(100, 55, 69, 'CAJERA', 1, NULL),
(101, 55, 10, 'VENDEDORA', 0, NULL),
(104, 57, 73, 'CAJERA', 1, NULL),
(105, 57, 11, 'VENDEDORA', 0, NULL),
(106, 58, 53, 'CAJERA', 1, NULL),
(107, 58, 54, 'VENDEDORA', 0, NULL),
(108, 59, 29, 'CAJERA', 1, NULL),
(109, 59, 71, 'VENDEDORA', 0, NULL),
(110, 60, 22, 'CAJERA', 1, NULL),
(111, 60, 45, 'VENDEDORA', 0, NULL),
(112, 61, 73, 'CAJERA', 1, NULL),
(113, 61, 10, 'VENDEDORA', 0, NULL),
(114, 62, 57, 'CAJERA', 1, NULL),
(115, 62, 13, 'VENDEDORA', 0, NULL),
(116, 63, 71, 'CAJERA', 1, NULL),
(117, 63, 55, 'VENDEDORA', 0, NULL),
(118, 64, 57, 'CAJERA', 1, NULL),
(119, 64, 56, 'VENDEDORA', 0, NULL),
(120, 65, 53, 'CAJERA', 1, NULL),
(121, 65, 4, 'VENDEDORA', 0, NULL),
(122, 66, 17, 'CAJERA', 1, NULL),
(123, 66, 54, 'VENDEDORA', 0, NULL),
(124, 67, 71, 'CAJERA', 1, NULL),
(125, 67, 11, 'VENDEDORA', 0, NULL),
(126, 68, 17, 'CAJERA', 1, NULL),
(127, 68, 13, 'VENDEDORA', 0, NULL),
(128, 69, 69, 'CAJERA', 1, NULL),
(129, 69, 56, 'VENDEDORA', 0, NULL),
(130, 70, 53, 'CAJERA', 1, NULL),
(131, 70, 54, 'VENDEDORA', 0, NULL),
(132, 71, 11, 'CAJERA', 1, NULL),
(133, 71, 55, 'VENDEDORA', 0, NULL),
(134, 72, 22, 'CAJERA', 1, NULL),
(135, 72, 71, 'VENDEDORA', 0, NULL),
(136, 73, 70, 'CAJERA', 1, NULL),
(137, 73, 54, 'VENDEDORA', 0, NULL),
(138, 74, 73, 'CAJERA', 1, NULL),
(139, 74, 45, 'VENDEDORA', 0, NULL),
(140, 75, 29, 'CAJERA', 1, NULL),
(141, 75, 56, 'VENDEDORA', 0, NULL),
(161, 86, 22, 'CAJERA', 1, NULL),
(162, 86, 4, 'VENDEDORA', 0, NULL),
(163, 87, 57, 'CAJERA', 1, NULL),
(164, 87, 45, 'VENDEDORA', 0, NULL),
(165, 88, 29, 'CAJERA', 1, NULL),
(166, 88, 13, 'VENDEDORA', 0, NULL),
(167, 89, 73, 'CAJERA', 1, NULL),
(168, 89, 55, 'VENDEDORA', 0, NULL),
(169, 90, 29, 'CAJERA', 1, NULL),
(170, 90, 56, 'VENDEDORA', 0, NULL),
(171, 91, 53, 'CAJERA', 1, NULL),
(172, 91, 54, 'VENDEDORA', 0, NULL),
(173, 92, 71, 'CAJERA', 1, NULL),
(174, 92, 11, 'VENDEDORA', 0, NULL),
(175, 93, 57, 'CAJERA', 1, NULL),
(176, 93, 10, 'VENDEDORA', 0, NULL),
(177, 94, 54, 'CAJERA', 1, NULL),
(178, 94, 45, 'VENDEDORA', 0, NULL),
(179, 95, 57, 'CAJERA', 1, NULL),
(180, 95, 10, 'VENDEDORA', 0, NULL),
(181, 96, 22, 'CAJERA', 1, NULL),
(182, 96, 4, 'VENDEDORA', 0, NULL),
(183, 97, 73, 'CAJERA', 1, NULL),
(184, 97, 55, 'VENDEDORA', 0, NULL),
(188, 100, 53, 'CAJERA', 1, NULL),
(189, 100, 4, 'VENDEDORA', 0, NULL),
(190, 101, 71, 'CAJERA', 1, NULL),
(191, 101, 11, 'VENDEDORA', 0, NULL),
(194, 103, 69, 'CAJERA', 1, NULL),
(195, 103, 56, 'VENDEDORA', 0, NULL),
(198, 105, 17, 'CAJERA', 1, NULL),
(199, 105, 10, 'VENDEDORA', 0, NULL),
(212, 112, 53, 'CAJERA', 1, NULL),
(213, 112, 10, 'VENDEDORA', 0, NULL),
(214, 113, 22, 'CAJERA', 1, NULL),
(215, 113, 4, 'VENDEDORA', 0, NULL),
(216, 114, 11, 'CAJERA', 1, NULL),
(217, 114, 55, 'VENDEDORA', 0, NULL),
(218, 115, 29, 'CAJERA', 1, NULL),
(219, 115, 13, 'VENDEDORA', 0, NULL),
(220, 116, 17, 'CAJERA', 1, NULL),
(221, 116, 10, 'VENDEDORA', 0, NULL),
(222, 117, 69, 'CAJERA', 1, NULL),
(223, 117, 70, 'VENDEDORA', 0, NULL),
(224, 118, 29, 'CAJERA', 1, NULL),
(225, 118, 56, 'VENDEDORA', 0, NULL),
(226, 119, 71, 'CAJERA', 1, NULL),
(227, 119, 11, 'VENDEDORA', 0, NULL),
(228, 120, 29, 'CAJERA', 1, NULL),
(229, 120, 56, 'VENDEDORA', 0, NULL),
(230, 121, 13, 'CAJERA', 1, NULL),
(231, 121, 11, 'VENDEDORA', 0, NULL),
(232, 122, 17, 'CAJERA', 1, NULL),
(233, 122, 54, 'VENDEDORA', 0, NULL),
(234, 123, 73, 'CAJERA', 1, NULL),
(235, 123, 4, 'VENDEDORA', 0, NULL),
(236, 124, 70, 'CAJERA', 1, NULL),
(237, 124, 4, 'VENDEDORA', 0, NULL),
(238, 125, 69, 'CAJERA', 1, NULL),
(239, 125, 56, 'VENDEDORA', 0, NULL),
(240, 126, 57, 'CAJERA', 1, NULL),
(241, 126, 54, 'VENDEDORA', 0, NULL),
(242, 127, 71, 'CAJERA', 1, NULL),
(243, 127, 55, 'VENDEDORA', 0, NULL),
(244, 128, 22, 'CAJERA', 1, NULL),
(245, 128, 45, 'VENDEDORA', 0, NULL),
(246, 129, 17, 'CAJERA', 1, NULL),
(247, 129, 54, 'VENDEDORA', 0, NULL),
(248, 130, 29, 'CAJERA', 1, NULL),
(249, 130, 13, 'VENDEDORA', 0, NULL),
(250, 131, 73, 'CAJERA', 1, NULL),
(251, 131, 11, 'VENDEDORA', 0, NULL),
(252, 132, 70, 'CAJERA', 1, NULL),
(253, 132, 68, 'VENDEDORA', 0, NULL),
(254, 133, 70, 'CAJERA', 1, NULL),
(255, 133, 68, 'VENDEDORA', 0, NULL),
(256, 134, 69, 'CAJERA', 1, NULL),
(257, 134, 54, 'VENDEDORA', 0, NULL),
(258, 135, 29, 'CAJERA', 1, NULL),
(259, 135, 13, 'VENDEDORA', 0, NULL),
(260, 136, 53, 'CAJERA', 1, NULL),
(261, 136, 4, 'VENDEDORA', 0, NULL),
(262, 137, 73, 'CAJERA', 1, NULL),
(263, 137, 11, 'VENDEDORA', 0, NULL),
(266, 139, 53, 'CAJERA', 1, NULL),
(267, 139, 54, 'VENDEDORA', 0, NULL),
(268, 140, 73, 'CAJERA', 1, NULL),
(269, 140, 55, 'VENDEDORA', 0, NULL),
(270, 141, 45, 'CAJERA', 1, NULL),
(271, 141, 68, 'VENDEDORA', 0, NULL),
(272, 142, 17, 'CAJERA', 1, NULL),
(273, 142, 10, 'VENDEDORA', 0, NULL),
(274, 143, 57, 'CAJERA', 1, NULL),
(275, 143, 56, 'VENDEDORA', 0, NULL),
(276, 144, 70, 'CAJERA', 1, NULL),
(277, 144, 54, 'VENDEDORA', 0, NULL),
(278, 145, 22, 'CAJERA', 1, NULL),
(279, 145, 71, 'VENDEDORA', 0, NULL),
(280, 146, 61, 'CAJERA', 1, NULL),
(281, 146, 68, 'VENDEDORA', 0, NULL),
(282, 147, 13, 'CAJERA', 1, NULL),
(283, 147, 45, 'VENDEDORA', 0, NULL),
(284, 148, 29, 'CAJERA', 1, NULL),
(285, 148, 56, 'VENDEDORA', 0, NULL),
(288, 150, 57, 'CAJERA', 1, NULL),
(289, 150, 68, 'VENDEDORA', 0, NULL),
(290, 151, 13, 'CAJERA', 1, NULL),
(291, 151, 56, 'VENDEDORA', 0, NULL),
(292, 152, 17, 'CAJERA', 1, NULL),
(293, 152, 10, 'VENDEDORA', 0, NULL),
(294, 153, 73, 'CAJERA', 1, NULL),
(295, 153, 11, 'VENDEDORA', 0, NULL),
(298, 155, 22, 'CAJERA', 1, NULL),
(299, 155, 45, 'VENDEDORA', 0, NULL),
(300, 156, 61, 'CAJERA', 1, NULL),
(301, 156, 68, 'VENDEDORA', 0, NULL),
(302, 157, 70, 'CAJERA', 1, NULL),
(303, 157, 54, 'VENDEDORA', 0, NULL),
(304, 158, 69, 'CAJERA', 1, NULL),
(305, 158, 56, 'VENDEDORA', 0, NULL),
(306, 159, 71, 'CAJERA', 1, NULL),
(307, 159, 55, 'VENDEDORA', 0, NULL),
(308, 160, 53, 'CAJERA', 1, NULL),
(309, 160, 4, 'VENDEDORA', 0, NULL),
(314, 163, 57, 'CAJERA', 1, NULL),
(315, 163, 54, 'VENDEDORA', 0, NULL),
(316, 164, 22, 'CAJERA', 1, NULL),
(317, 164, 45, 'VENDEDORA', 0, NULL),
(318, 165, 70, 'CAJERA', 1, NULL),
(319, 165, 13, 'VENDEDORA', 0, NULL),
(320, 166, 73, 'CAJERA', 1, NULL),
(321, 166, 55, 'VENDEDORA', 0, NULL),
(322, 167, 69, 'CAJERA', 1, NULL),
(323, 167, 68, 'VENDEDORA', 0, NULL),
(324, 168, 57, 'CAJERA', 1, NULL),
(325, 168, 10, 'VENDEDORA', 0, NULL),
(326, 169, 53, 'CAJERA', 1, NULL),
(327, 169, 4, 'VENDEDORA', 0, NULL),
(328, 170, 61, 'CAJERA', 1, NULL),
(329, 170, 68, 'VENDEDORA', 0, NULL),
(330, 171, 71, 'CAJERA', 1, NULL),
(331, 171, 56, 'VENDEDORA', 0, NULL),
(332, 172, 59, 'CAJERA', 1, NULL),
(333, 172, 11, 'VENDEDORA', 0, NULL),
(334, 173, 57, 'CAJERA', 1, NULL),
(335, 173, 10, 'VENDEDORA', 0, NULL),
(336, 174, 22, 'CAJERA', 1, NULL),
(337, 174, 4, 'VENDEDORA', 0, NULL),
(338, 175, 70, 'CAJERA', 1, NULL),
(339, 175, 68, 'VENDEDORA', 0, NULL),
(340, 176, 73, 'CAJERA', 1, NULL),
(341, 176, 55, 'VENDEDORA', 0, NULL),
(342, 177, 54, 'CAJERA', 1, NULL),
(343, 177, 13, 'VENDEDORA', 0, NULL),
(344, 178, 53, 'CAJERA', 1, NULL),
(345, 178, 4, 'VENDEDORA', 0, NULL),
(346, 179, 61, 'CAJERA', 1, NULL),
(347, 179, 68, 'VENDEDORA', 0, NULL),
(348, 180, 69, 'CAJERA', 1, NULL),
(349, 180, 56, 'VENDEDORA', 0, NULL),
(350, 181, 73, 'CAJERA', 1, NULL),
(351, 181, 11, 'VENDEDORA', 0, NULL),
(352, 182, 17, 'CAJERA', 1, NULL),
(353, 182, 10, 'VENDEDORA', 0, NULL),
(360, 186, 22, 'CAJERA', 1, NULL),
(361, 186, 54, 'VENDEDORA', 0, NULL),
(362, 187, 70, 'CAJERA', 1, NULL),
(363, 187, 45, 'VENDEDORA', 0, NULL),
(364, 188, 17, 'CAJERA', 1, NULL),
(365, 188, 10, 'VENDEDORA', 0, NULL),
(368, 190, 71, 'CAJERA', 1, NULL),
(369, 190, 55, 'VENDEDORA', 0, NULL),
(370, 191, 70, 'CAJERA', 1, NULL),
(371, 191, 56, 'VENDEDORA', 0, NULL),
(372, 192, 53, 'CAJERA', 1, NULL),
(373, 192, 10, 'VENDEDORA', 0, NULL),
(374, 193, 61, 'CAJERA', 1, NULL),
(375, 193, 68, 'VENDEDORA', 0, NULL),
(376, 194, 69, 'CAJERA', 1, NULL),
(377, 194, 5, 'VENDEDORA', 0, NULL),
(378, 195, 73, 'CAJERA', 1, NULL),
(379, 195, 71, 'VENDEDORA', 0, NULL),
(380, 196, 53, 'CAJERA', 1, NULL),
(381, 196, 10, 'VENDEDORA', 0, NULL),
(382, 197, 22, 'CAJERA', 1, NULL),
(383, 197, 54, 'VENDEDORA', 0, NULL),
(384, 198, 13, 'CAJERA', 1, NULL),
(385, 198, 56, 'VENDEDORA', 0, NULL),
(386, 199, 73, 'CAJERA', 1, NULL),
(387, 199, 71, 'VENDEDORA', 0, NULL),
(390, 201, 17, 'CAJERA', 1, NULL),
(391, 201, 54, 'VENDEDORA', 0, NULL),
(392, 202, 61, 'CAJERA', 1, NULL),
(393, 202, 68, 'VENDEDORA', 0, NULL),
(394, 203, 70, 'CAJERA', 1, NULL),
(395, 203, 4, 'VENDEDORA', 0, NULL),
(396, 204, 69, 'CAJERA', 1, NULL),
(397, 204, 45, 'VENDEDORA', 0, NULL),
(398, 205, 11, 'CAJERA', 1, NULL),
(399, 205, 55, 'VENDEDORA', 0, NULL),
(400, 206, 22, 'CAJERA', 1, NULL),
(401, 206, 4, 'VENDEDORA', 0, NULL),
(402, 207, 17, 'CAJERA', 1, NULL),
(403, 207, 54, 'VENDEDORA', 0, NULL),
(404, 208, 57, 'CAJERA', 1, NULL),
(405, 208, 13, 'VENDEDORA', 0, NULL),
(406, 209, 73, 'CAJERA', 1, NULL),
(407, 209, 11, 'VENDEDORA', 0, NULL),
(408, 210, 57, 'CAJERA', 1, NULL),
(409, 210, 54, 'VENDEDORA', 0, NULL),
(410, 211, 61, 'CAJERA', 1, NULL),
(411, 211, 4, 'VENDEDORA', 0, NULL),
(412, 212, 61, 'CAJERA', 1, NULL),
(413, 212, 68, 'VENDEDORA', 0, NULL),
(414, 213, 71, 'CAJERA', 1, NULL),
(415, 213, 13, 'VENDEDORA', 0, NULL),
(416, 214, 59, 'CAJERA', 1, NULL),
(417, 214, 11, 'VENDEDORA', 0, NULL),
(418, 215, 57, 'CAJERA', 1, NULL),
(419, 215, 54, 'VENDEDORA', 0, NULL),
(420, 216, 17, 'CAJERA', 1, NULL),
(421, 216, 13, 'VENDEDORA', 0, NULL),
(422, 217, 71, 'CAJERA', 1, NULL),
(423, 217, 56, 'VENDEDORA', 0, NULL),
(424, 218, 70, 'CAJERA', 1, NULL),
(425, 218, 45, 'VENDEDORA', 0, NULL),
(426, 219, 11, 'CAJERA', 1, NULL),
(427, 219, 55, 'VENDEDORA', 0, NULL),
(428, 220, 53, 'CAJERA', 1, NULL),
(429, 220, 54, 'VENDEDORA', 0, NULL),
(430, 221, 22, 'CAJERA', 1, NULL),
(431, 221, 59, 'VENDEDORA', 0, NULL),
(432, 222, 69, 'CAJERA', 1, NULL),
(433, 222, 56, 'VENDEDORA', 0, NULL),
(434, 223, 53, 'CAJERA', 1, NULL),
(435, 223, 45, 'VENDEDORA', 0, NULL),
(436, 224, 57, 'CAJERA', 1, NULL),
(437, 224, 54, 'VENDEDORA', 0, NULL),
(438, 225, 22, 'CAJERA', 1, NULL),
(439, 225, 56, 'VENDEDORA', 0, NULL),
(440, 226, 71, 'CAJERA', 1, NULL),
(441, 226, 11, 'VENDEDORA', 0, NULL),
(442, 227, 73, 'CAJERA', 1, NULL),
(443, 227, 68, 'VENDEDORA', 0, NULL),
(444, 228, 13, 'CAJERA', 1, NULL),
(445, 228, 56, 'VENDEDORA', 0, NULL),
(446, 229, 57, 'CAJERA', 1, NULL),
(447, 229, 45, 'VENDEDORA', 0, NULL),
(448, 230, 71, 'CAJERA', 1, NULL),
(449, 230, 55, 'VENDEDORA', 0, NULL),
(450, 231, 17, 'CAJERA', 1, NULL),
(451, 231, 54, 'VENDEDORA', 0, NULL),
(452, 232, 22, 'CAJERA', 1, NULL),
(453, 232, 45, 'VENDEDORA', 0, NULL),
(454, 233, 57, 'CAJERA', 1, NULL),
(455, 233, 54, 'VENDEDORA', 0, NULL),
(456, 234, 69, 'CAJERA', 1, NULL),
(457, 234, 68, 'VENDEDORA', 0, NULL),
(458, 235, 73, 'CAJERA', 1, NULL),
(459, 235, 55, 'VENDEDORA', 0, NULL),
(460, 236, 53, 'CAJERA', 1, NULL),
(461, 236, 11, 'VENDEDORA', 0, NULL),
(462, 237, 71, 'CAJERA', 1, NULL),
(463, 237, 13, 'VENDEDORA', 0, NULL),
(466, 239, 57, 'CAJERA', 1, NULL),
(467, 239, 54, 'VENDEDORA', 0, NULL),
(468, 240, 61, 'CAJERA', 1, NULL),
(469, 240, 68, 'VENDEDORA', 0, NULL),
(472, 242, 71, 'CAJERA', 1, NULL),
(473, 242, 56, 'VENDEDORA', 0, NULL),
(474, 243, 60, 'CAJERA', 1, NULL),
(476, 243, 59, 'VENDEDORA', 0, NULL),
(485, 248, 57, 'CAJERA', 1, NULL),
(486, 248, 13, 'VENDEDORA', 0, NULL),
(487, 249, 68, 'CAJERA', 1, NULL),
(488, 249, 1, 'VENDEDORA', 0, NULL),
(489, 250, 22, 'CAJERA', 1, NULL),
(490, 250, 4, 'VENDEDORA', 0, NULL),
(491, 251, 54, 'CAJERA', 1, NULL),
(492, 251, 68, 'VENDEDORA', 0, NULL),
(493, 252, 53, 'CAJERA', 1, NULL),
(494, 252, 10, 'VENDEDORA', 0, NULL),
(495, 253, 73, 'CAJERA', 1, NULL),
(496, 253, 55, 'VENDEDORA', 0, NULL),
(497, 254, 57, 'CAJERA', 1, NULL),
(498, 254, 10, 'VENDEDORA', 0, NULL),
(499, 255, 70, 'CAJERA', 1, NULL),
(500, 255, 4, 'VENDEDORA', 0, NULL),
(501, 256, 69, 'CAJERA', 1, NULL),
(502, 256, 56, 'VENDEDORA', 0, NULL),
(503, 257, 61, 'CAJERA', 1, NULL),
(504, 257, 68, 'VENDEDORA', 0, NULL),
(507, 259, 71, 'CAJERA', 1, NULL),
(508, 259, 11, 'VENDEDORA', 0, NULL);

-- --------------------------------------------------------

--
-- Table structure for table `sesion_plin`
--

CREATE TABLE `sesion_plin` (
  `id` int(11) NOT NULL,
  `caja_id` int(11) NOT NULL,
  `turno_id` int(11) NOT NULL,
  `fecha` date NOT NULL,
  `cajera_id` int(11) DEFAULT NULL,
  `vendedora_id` int(11) DEFAULT NULL,
  `abierta_por` int(11) NOT NULL,
  `estado` enum('ABIERTA','CERRADA') DEFAULT 'ABIERTA',
  `total_reclamado` decimal(10,2) DEFAULT 0.00,
  `num_pagos` int(11) DEFAULT 0,
  `abierta_en` datetime DEFAULT current_timestamp(),
  `cerrada_en` datetime DEFAULT NULL
) ENGINE=InnoDB DEFAULT CHARSET=utf8mb4 COLLATE=utf8mb4_unicode_ci;

--
-- Dumping data for table `sesion_plin`
--

INSERT INTO `sesion_plin` (`id`, `caja_id`, `turno_id`, `fecha`, `cajera_id`, `vendedora_id`, `abierta_por`, `estado`, `total_reclamado`, `num_pagos`, `abierta_en`, `cerrada_en`) VALUES
(1, 2, 1, '2026-05-22', 1, 68, 68, 'CERRADA', 2.05, 2, '2026-05-22 16:58:22', '2026-05-22 17:18:22'),
(2, 2, 2, '2026-05-22', NULL, NULL, 1, 'CERRADA', 5.53, 4, '2026-05-22 19:27:29', '2026-05-22 19:27:42'),
(3, 5, 1, '2026-05-25', 22, 45, 45, 'CERRADA', 0.00, 0, '2026-05-25 13:17:27', '2026-05-25 13:18:17');

-- --------------------------------------------------------

--
-- Table structure for table `situacion_vivienda`
--

CREATE TABLE `situacion_vivienda` (
  `id_situacion` int(11) NOT NULL,
  `descripcion` varchar(50) NOT NULL,
  `activo` tinyint(1) NOT NULL DEFAULT 1,
  `fecha_registro` timestamp NOT NULL DEFAULT current_timestamp(),
  `fecha_modificacion` timestamp NOT NULL DEFAULT current_timestamp() ON UPDATE current_timestamp()
) ENGINE=InnoDB DEFAULT CHARSET=utf8mb4 COLLATE=utf8mb4_unicode_ci;

--
-- Dumping data for table `situacion_vivienda`
--

INSERT INTO `situacion_vivienda` (`id_situacion`, `descripcion`, `activo`, `fecha_registro`, `fecha_modificacion`) VALUES
(1, 'Alquilada', 1, '2026-05-04 20:58:11', '2026-05-04 20:58:11'),
(2, 'Familiar', 1, '2026-05-04 20:58:11', '2026-05-04 20:58:11'),
(3, 'Propia', 1, '2026-05-04 20:58:11', '2026-05-04 20:58:11');

-- --------------------------------------------------------

--
-- Table structure for table `skill`
--

CREATE TABLE `skill` (
  `id_skill` int(11) NOT NULL,
  `descripcion` varchar(50) NOT NULL,
  `activo` tinyint(1) NOT NULL DEFAULT 1,
  `fecha_registro` timestamp NOT NULL DEFAULT current_timestamp(),
  `fecha_modificacion` timestamp NOT NULL DEFAULT current_timestamp() ON UPDATE current_timestamp()
) ENGINE=InnoDB DEFAULT CHARSET=utf8mb4 COLLATE=utf8mb4_unicode_ci;

--
-- Dumping data for table `skill`
--

INSERT INTO `skill` (`id_skill`, `descripcion`, `activo`, `fecha_registro`, `fecha_modificacion`) VALUES
(1, 'AgenteBCP', 1, '2026-05-04 20:58:11', '2026-05-04 20:58:11'),
(2, 'BPA', 1, '2026-05-04 20:58:11', '2026-05-04 20:58:11'),
(3, 'BPD', 1, '2026-05-04 20:58:11', '2026-05-04 20:58:11'),
(4, 'BPOF', 1, '2026-05-04 20:58:11', '2026-05-04 20:58:11'),
(5, 'Caja', 1, '2026-05-04 20:58:11', '2026-05-04 20:58:11'),
(6, 'Excel', 1, '2026-05-04 20:58:11', '2026-05-04 20:58:11'),
(7, 'Inyectables', 1, '2026-05-04 20:58:11', '2026-05-04 20:58:11');

-- --------------------------------------------------------

--
-- Table structure for table `solicitud_cambio`
--

CREATE TABLE `solicitud_cambio` (
  `id_solicitud` int(11) NOT NULL,
  `slot_id` int(11) NOT NULL,
  `semana_id` int(11) NOT NULL,
  `tipo` enum('COBERTURA','CAMBIO') NOT NULL,
  `postulante_solicitante_id` int(11) NOT NULL,
  `postulante_original_id` int(11) DEFAULT NULL,
  `fecha_solicitud` datetime DEFAULT current_timestamp(),
  `notas` varchar(300) DEFAULT NULL,
  `estado` enum('ACTIVA','REVERTIDA') NOT NULL DEFAULT 'ACTIVA',
  `revertida_por` int(11) DEFAULT NULL,
  `fecha_reversion` datetime DEFAULT NULL
) ENGINE=InnoDB DEFAULT CHARSET=utf8mb4 COLLATE=utf8mb4_unicode_ci;

--
-- Dumping data for table `solicitud_cambio`
--

INSERT INTO `solicitud_cambio` (`id_solicitud`, `slot_id`, `semana_id`, `tipo`, `postulante_solicitante_id`, `postulante_original_id`, `fecha_solicitud`, `notas`, `estado`, `revertida_por`, `fecha_reversion`) VALUES
(1, 3, 1, 'CAMBIO', 68, NULL, '2026-05-11 03:28:08', NULL, 'ACTIVA', NULL, NULL),
(2, 3, 1, 'COBERTURA', 1, 68, '2026-05-11 03:28:39', NULL, 'REVERTIDA', 1, '2026-05-11 03:49:09'),
(3, 3, 1, 'CAMBIO', 1, 68, '2026-05-11 03:52:56', 'Eliminado del horario por administrador', 'ACTIVA', NULL, NULL),
(4, 3, 1, 'CAMBIO', 68, NULL, '2026-05-11 04:39:12', NULL, 'ACTIVA', NULL, NULL),
(5, 3, 1, 'CAMBIO', 1, 68, '2026-05-11 04:51:27', 'Eliminado del horario por administrador', 'ACTIVA', NULL, NULL),
(6, 56, 1, 'COBERTURA', 13, 29, '2026-05-13 12:50:34', 'no vino es vaga', 'REVERTIDA', 1, '2026-05-13 12:51:32'),
(7, 146, 1, 'COBERTURA', 13, 57, '2026-05-15 21:42:44', 'cambio turno', 'ACTIVA', NULL, NULL),
(8, 131, 1, 'COBERTURA', 57, 13, '2026-05-15 21:44:21', 'cambio de turno', 'ACTIVA', NULL, NULL),
(9, 271, 2, 'COBERTURA', 10, 54, '2026-05-17 10:59:49', NULL, 'ACTIVA', NULL, NULL),
(10, 157, 1, 'COBERTURA', 13, 29, '2026-05-17 11:33:33', 'cambio', 'ACTIVA', NULL, NULL),
(11, 158, 1, 'COBERTURA', 56, 13, '2026-05-17 11:34:45', 'cambio', 'ACTIVA', NULL, NULL),
(12, 297, 2, 'COBERTURA', 54, 10, '2026-05-19 13:53:50', 'Karen solicito', 'ACTIVA', NULL, NULL),
(13, 623, 2, 'CAMBIO', 17, NULL, '2026-05-19 22:40:27', NULL, 'ACTIVA', NULL, NULL),
(14, 632, 2, 'CAMBIO', 60, NULL, '2026-05-19 22:43:35', NULL, 'ACTIVA', NULL, NULL),
(15, 632, 2, 'COBERTURA', 69, 60, '2026-05-19 22:45:33', NULL, 'ACTIVA', NULL, NULL),
(16, 587, 2, 'CAMBIO', 60, NULL, '2026-05-19 22:47:00', NULL, 'ACTIVA', NULL, NULL),
(17, 596, 2, 'COBERTURA', 13, 57, '2026-05-19 22:48:57', NULL, 'ACTIVA', NULL, NULL),
(18, 668, 2, 'COBERTURA', 57, 54, '2026-05-19 22:51:00', NULL, 'ACTIVA', NULL, NULL),
(19, 641, 2, 'COBERTURA', 70, 17, '2026-05-19 22:52:40', NULL, 'ACTIVA', NULL, NULL),
(20, 650, 2, 'COBERTURA', 5, 61, '2026-05-20 00:00:10', NULL, 'ACTIVA', NULL, NULL),
(21, 476, 3, 'CAMBIO', 1, 68, '2026-05-20 01:53:17', 'Eliminado del horario por administrador', 'ACTIVA', NULL, NULL),
(22, 476, 3, 'CAMBIO', 1, 68, '2026-05-20 01:53:50', 'Eliminado del horario por administrador', 'ACTIVA', NULL, NULL),
(23, 410, 3, 'CAMBIO', 1, 60, '2026-05-21 00:47:16', 'Eliminado del horario por administrador', 'ACTIVA', NULL, NULL),
(24, 457, 3, 'CAMBIO', 1, 68, '2026-05-21 00:48:58', 'Eliminado del horario por administrador', 'ACTIVA', NULL, NULL),
(25, 262, 2, 'COBERTURA', 56, 45, '2026-05-21 10:22:45', 'cambio', 'ACTIVA', NULL, NULL),
(26, 262, 2, 'COBERTURA', 45, 56, '2026-05-21 15:13:18', 'cambio de turno', 'ACTIVA', NULL, NULL),
(27, 265, 2, 'COBERTURA', 45, 56, '2026-05-21 15:14:21', 'cambio de turno', 'ACTIVA', NULL, NULL),
(28, 262, 2, 'COBERTURA', 56, 45, '2026-05-21 15:15:29', 'cambio', 'ACTIVA', NULL, NULL),
(29, 505, 3, 'CAMBIO', 1, 54, '2026-05-21 20:30:23', 'Eliminado del horario por administrador', 'ACTIVA', NULL, NULL),
(30, 587, 2, 'CAMBIO', 1, 60, '2026-05-21 20:34:57', 'Eliminado del horario por administrador', 'ACTIVA', NULL, NULL),
(31, 650, 2, 'CAMBIO', 1, 5, '2026-05-21 20:35:05', 'Eliminado del horario por administrador', 'ACTIVA', NULL, NULL),
(32, 587, 2, 'CAMBIO', 5, NULL, '2026-05-21 20:36:17', 'esta sucio pe', 'ACTIVA', NULL, NULL),
(33, 650, 2, 'CAMBIO', 60, NULL, '2026-05-21 20:37:01', 'lipio pe', 'ACTIVA', NULL, NULL),
(34, 481, 3, 'CAMBIO', 1, 45, '2026-05-21 20:53:24', 'Eliminado del horario por administrador', 'ACTIVA', NULL, NULL),
(35, 498, 3, 'CAMBIO', 1, 69, '2026-05-21 21:00:45', 'Eliminado del horario por administrador', 'ACTIVA', NULL, NULL),
(36, 486, 3, 'CAMBIO', 1, 70, '2026-05-21 21:04:22', 'Eliminado del horario por administrador', 'ACTIVA', NULL, NULL),
(37, 486, 3, 'CAMBIO', 1, 54, '2026-05-21 21:04:41', 'Eliminado del horario por administrador', 'ACTIVA', NULL, NULL),
(38, 457, 3, 'CAMBIO', 1, 68, '2026-05-21 21:32:23', 'Eliminado del horario por administrador', 'ACTIVA', NULL, NULL),
(39, 406, 3, 'CAMBIO', 1, 57, '2026-05-21 21:39:07', 'Eliminado del horario por administrador', 'ACTIVA', NULL, NULL),
(40, 394, 3, 'CAMBIO', 1, 69, '2026-05-21 21:39:14', 'Eliminado del horario por administrador', 'ACTIVA', NULL, NULL),
(41, 446, 3, 'CAMBIO', 1, 69, '2026-05-21 21:39:45', 'Eliminado del horario por administrador', 'ACTIVA', NULL, NULL),
(42, 456, 3, 'CAMBIO', 1, 57, '2026-05-21 21:39:51', 'Eliminado del horario por administrador', 'ACTIVA', NULL, NULL),
(43, 495, 3, 'CAMBIO', 1, 13, '2026-05-21 21:57:01', 'Eliminado del horario por administrador', 'ACTIVA', NULL, NULL),
(44, 502, 3, 'CAMBIO', 1, 57, '2026-05-21 21:57:33', 'Eliminado del horario por administrador', 'ACTIVA', NULL, NULL),
(45, 382, 3, 'CAMBIO', 1, 4, '2026-05-22 20:25:12', 'Eliminado del horario por administrador', 'ACTIVA', NULL, NULL),
(46, 427, 3, 'CAMBIO', 1, 54, '2026-05-22 20:25:23', 'Eliminado del horario por administrador', 'ACTIVA', NULL, NULL),
(47, 391, 3, 'CAMBIO', 1, 45, '2026-05-22 20:49:01', 'Eliminado del horario por administrador', 'ACTIVA', NULL, NULL),
(48, 392, 3, 'CAMBIO', 1, 13, '2026-05-23 16:29:23', 'Eliminado del horario por administrador', 'ACTIVA', NULL, NULL),
(49, 382, 3, 'CAMBIO', 1, 13, '2026-05-23 16:55:39', 'Eliminado del horario por administrador', 'ACTIVA', NULL, NULL),
(50, 392, 3, 'CAMBIO', 1, 45, '2026-05-23 16:55:44', 'Eliminado del horario por administrador', 'ACTIVA', NULL, NULL),
(51, 383, 3, 'CAMBIO', 1, 5, '2026-05-23 16:59:22', 'Eliminado del horario por administrador', 'ACTIVA', NULL, NULL),
(52, 340, 2, 'COBERTURA', 56, 54, '2026-05-24 08:21:06', 'cambio', 'ACTIVA', NULL, NULL),
(53, 349, 2, 'COBERTURA', 54, 10, '2026-05-24 14:27:30', NULL, 'ACTIVA', NULL, NULL),
(54, 382, 3, 'CAMBIO', 1, 5, '2026-05-24 21:43:53', 'Eliminado del horario por administrador', 'ACTIVA', NULL, NULL),
(55, 484, 3, 'CAMBIO', 1, 70, '2026-05-24 21:45:02', 'Eliminado del horario por administrador', 'ACTIVA', NULL, NULL),
(56, 487, 3, 'CAMBIO', 1, 5, '2026-05-24 21:50:11', 'Eliminado del horario por administrador', 'ACTIVA', NULL, NULL),
(57, 367, 3, 'CAMBIO', 45, NULL, '2026-05-25 10:06:30', 'ASIGNARME', 'ACTIVA', NULL, NULL),
(58, 393, 3, 'CAMBIO', 45, NULL, '2026-05-25 10:08:40', 'ASIGNARME', 'ACTIVA', NULL, NULL),
(59, 389, 3, 'COBERTURA', 60, 11, '2026-05-25 12:08:15', NULL, 'ACTIVA', NULL, NULL),
(60, 389, 3, 'COBERTURA', 59, 60, '2026-05-25 12:10:28', NULL, 'ACTIVA', NULL, NULL),
(61, 388, 3, 'COBERTURA', 60, 59, '2026-05-25 12:12:03', NULL, 'ACTIVA', NULL, NULL),
(62, 382, 3, 'COBERTURA', 11, 4, '2026-05-25 12:13:13', NULL, 'ACTIVA', NULL, NULL),
(63, 861, 4, 'COBERTURA', 22, 60, '2026-05-25 12:49:26', NULL, 'ACTIVA', NULL, NULL),
(64, 367, 3, 'CAMBIO', 1, 45, '2026-05-25 12:57:19', 'Eliminado del horario por administrador', 'ACTIVA', NULL, NULL),
(65, 424, 3, 'COBERTURA', 54, 68, '2026-05-25 12:59:20', NULL, 'ACTIVA', NULL, NULL),
(66, 399, 3, 'COBERTURA', 53, 57, '2026-05-25 20:23:45', 'Cambiamos de turno', 'ACTIVA', NULL, NULL),
(67, 391, 3, 'COBERTURA', 57, 54, '2026-05-25 20:29:45', 'Cambio', 'ACTIVA', NULL, NULL),
(68, 398, 3, 'COBERTURA', 54, 70, '2026-05-25 20:34:24', 'Cambio de caja y local', 'ACTIVA', NULL, NULL),
(69, 615, 3, 'COBERTURA', 61, 60, '2026-05-25 20:51:41', 'El limpiará en mi turno', 'ACTIVA', NULL, NULL),
(70, 404, 3, 'COBERTURA', 70, 53, '2026-05-26 09:00:41', 'cambio de turno', 'ACTIVA', NULL, NULL);

-- --------------------------------------------------------

--
-- Table structure for table `solobank_vales`
--

CREATE TABLE `solobank_vales` (
  `id` int(11) NOT NULL,
  `codigo` varchar(64) NOT NULL,
  `caja` varchar(20) NOT NULL,
  `fecha` date NOT NULL,
  `turno` varchar(10) NOT NULL DEFAULT 'Tarde',
  `total` decimal(10,2) NOT NULL DEFAULT 0.00,
  `conteo` int(11) NOT NULL DEFAULT 0,
  `estado` enum('DISPONIBLE','USADO') NOT NULL DEFAULT 'DISPONIBLE',
  `sesion_id` int(11) DEFAULT NULL,
  `movimiento_id` int(11) DEFAULT NULL,
  `recibido_en` datetime NOT NULL DEFAULT current_timestamp(),
  `actualizado_en` datetime NOT NULL DEFAULT current_timestamp() ON UPDATE current_timestamp()
) ENGINE=InnoDB DEFAULT CHARSET=utf8mb4 COLLATE=utf8mb4_unicode_ci;

--
-- Dumping data for table `solobank_vales`
--

INSERT INTO `solobank_vales` (`id`, `codigo`, `caja`, `fecha`, `turno`, `total`, `conteo`, `estado`, `sesion_id`, `movimiento_id`, `recibido_en`, `actualizado_en`) VALUES
(1, '95e139f6-196a-45dc-98f8-915de9dfd1d0', 'SB2', '2026-05-24', 'Mañana', 2.00, 1, 'USADO', NULL, NULL, '2026-05-26 05:52:55', '2026-05-26 06:16:50'),
(2, 'a1d09d72-5a0a-4fb3-91d8-64969f7240c5', 'SB3', '2026-05-24', 'Mañana', 3.01, 2, 'USADO', NULL, NULL, '2026-05-26 05:52:55', '2026-05-26 06:16:49'),
(3, '96a397d0-91d5-4685-ad64-4b4ca24ee315', 'SB3', '2026-05-24', 'Mañana', 4.10, 3, 'USADO', NULL, NULL, '2026-05-26 05:52:56', '2026-05-26 06:16:48'),
(4, '0b83b438-8bd2-45f4-85de-9280e5c39573', 'SB4', '2026-05-24', 'Tarde', 1.90, 1, 'USADO', NULL, NULL, '2026-05-26 05:52:56', '2026-05-26 06:16:47'),
(5, 'a2704bad-98fc-420c-a1ba-752ce6607171', 'SB4', '2026-05-24', 'Tarde', 4.41, 3, 'USADO', NULL, NULL, '2026-05-26 05:52:57', '2026-05-26 06:16:45'),
(6, '75bfca60-7021-43aa-9fb6-6d8a253a9348', 'SB6', '2026-05-24', 'Tarde', 6.18, 4, 'USADO', NULL, NULL, '2026-05-26 05:52:57', '2026-05-26 06:16:46'),
(7, 'd4ec8605-2871-4059-9de5-2134cb8c65e5', 'SB3', '2026-05-24', 'Tarde', 266.00, 19, 'USADO', NULL, NULL, '2026-05-26 05:52:57', '2026-05-26 06:16:46'),
(8, '922f4a26-aabd-4fb8-a9b8-2381e48758fe', 'SB5', '2026-05-24', 'Tarde', 403.50, 18, 'USADO', NULL, NULL, '2026-05-26 05:52:58', '2026-05-26 06:16:44'),
(9, 'ee891a91-8976-4035-8d97-49339f86534b', 'SB6', '2026-05-24', 'Tarde', 1.20, 1, 'USADO', NULL, NULL, '2026-05-26 05:52:58', '2026-05-26 06:16:44'),
(10, '574bfaf9-6565-4b4e-8b5e-a365514b10ee', 'SB4', '2026-05-24', 'Tarde', 182.50, 12, 'USADO', NULL, NULL, '2026-05-26 05:52:58', '2026-05-26 06:16:43'),
(11, '0a26b520-59b8-4b26-a3ca-aae4f4623d5b', 'SB2', '2026-05-24', 'Tarde', 266.10, 11, 'USADO', NULL, NULL, '2026-05-26 05:52:59', '2026-05-26 06:16:43'),
(12, '88ef1ada-beb3-4629-a56a-cb9c74c3f8bb', 'SB6', '2026-05-24', 'Tarde', 6.00, 1, 'USADO', NULL, NULL, '2026-05-26 05:52:59', '2026-05-26 06:16:43'),
(13, 'afaf8c8a-fb74-4850-8d36-bed54830c23f', 'SB5', '2026-05-25', 'Mañana', 212.80, 14, 'USADO', NULL, NULL, '2026-05-26 05:53:00', '2026-05-26 21:46:18'),
(14, '6eeb7404-0671-415c-aa7c-3cc2ceaca13b', 'SB3', '2026-05-25', 'Tarde', 47.30, 3, 'USADO', NULL, NULL, '2026-05-26 05:53:00', '2026-05-26 21:46:18'),
(15, '0c0a4910-6f55-46ce-9afb-ba66d9ea1ecc', 'SB2', '2026-05-25', 'Tarde', 168.00, 8, 'USADO', NULL, NULL, '2026-05-26 05:53:00', '2026-05-26 21:46:19'),
(16, 'ad5a3020-0553-4d11-91e8-e04f71f40d10', 'SB4', '2026-05-25', 'Tarde', 77.80, 8, 'USADO', NULL, NULL, '2026-05-26 05:53:01', '2026-05-26 21:46:19'),
(17, '92bfcd1d-7737-400f-b6ec-174fd1e30871', 'SB3', '2026-05-25', 'Tarde', 219.10, 17, 'USADO', NULL, NULL, '2026-05-26 05:53:01', '2026-05-26 21:46:19'),
(18, '6e17f7d1-a549-45ba-b467-bcf8766cff74', 'SB2', '2026-05-25', 'Tarde', 236.10, 10, 'USADO', NULL, NULL, '2026-05-26 05:53:01', '2026-05-26 21:46:20'),
(19, '38a981d6-d8d6-47e0-9b59-b3c257cc56c0', 'SB5', '2026-05-25', 'Tarde', 416.30, 16, 'USADO', NULL, NULL, '2026-05-26 05:53:02', '2026-05-26 21:46:20'),
(20, '07b09e45-51de-46b9-9372-c783ab6f97e5', 'SB4', '2026-05-25', 'Tarde', 350.40, 22, 'USADO', NULL, NULL, '2026-05-26 05:53:02', '2026-05-26 21:46:20'),
(21, '1261d4e4-d195-4ad0-94eb-21c15778aef4', 'SB6', '2026-05-26', 'Mañana', 2.10, 1, 'USADO', NULL, NULL, '2026-05-26 05:53:03', '2026-05-27 00:18:17'),
(22, 'f530b1a7-8bea-4ada-85a2-b795df3fd4aa', 'SB6', '2026-05-26', 'Mañana', 2.23, 2, 'USADO', NULL, NULL, '2026-05-26 05:53:03', '2026-05-27 00:18:17'),
(23, '8606a532-5573-426e-8a28-bfc4a00a56a2', 'SB6', '2026-05-26', 'Mañana', 1.13, 1, 'USADO', NULL, NULL, '2026-05-26 06:36:14', '2026-05-27 00:18:18'),
(24, '2841dc5a-08f8-432c-9649-5f4e1981b173', 'SB6', '2026-05-26', 'Mañana', 3.30, 2, 'USADO', 249, 362, '2026-05-26 12:19:51', '2026-05-27 00:18:18'),
(25, '1470c523-b75b-4106-b021-4465d48fc9f3', 'SB3', '2026-05-26', 'Tarde', 37.10, 3, 'USADO', NULL, NULL, '2026-05-26 16:04:28', '2026-05-27 00:18:19'),
(26, '534d18b2-aa14-4afa-aea9-f8ffb2a31830', 'SB5', '2026-05-26', 'Tarde', 63.70, 6, 'USADO', NULL, NULL, '2026-05-26 16:04:36', '2026-05-27 00:18:19'),
(27, '58b21028-feeb-474d-aaa3-d7180286a4b9', 'SB4', '2026-05-26', 'Tarde', 78.50, 8, 'USADO', NULL, NULL, '2026-05-26 16:04:39', '2026-05-27 00:18:19'),
(28, 'b61850ca-914f-42d0-81c8-9e7c9685eab0', 'SB6', '2026-05-26', 'Tarde', 1.12, 1, 'USADO', NULL, NULL, '2026-05-26 20:00:37', '2026-05-26 21:11:07'),
(29, 'ed29e8ec-add3-4909-ba17-4e7233926272', 'SB6', '2026-05-26', 'Tarde', 0.00, 0, 'USADO', NULL, NULL, '2026-05-26 21:08:04', '2026-05-26 21:11:08'),
(30, '10e1d754-81df-47b2-82e2-32486b051a7d', 'SB6', '2026-05-26', 'Tarde', 0.00, 0, 'USADO', NULL, NULL, '2026-05-26 21:08:08', '2026-05-26 21:11:08'),
(31, '9734c8b1-39b0-40b7-9a79-e67bcd4e9fe8', 'SB6', '2026-05-26', 'Tarde', 2.00, 1, 'USADO', NULL, NULL, '2026-05-26 21:13:47', '2026-05-27 00:18:20'),
(32, '49aa40aa-eb03-4b6e-bdd0-694d1008bac8', 'SB6', '2026-05-26', 'Tarde', 5.78, 5, 'USADO', NULL, NULL, '2026-05-26 21:46:54', '2026-05-27 00:18:20'),
(33, 'beac924b-addf-4146-b783-8718bf581061', 'SB6', '2026-05-26', 'Tarde', 2.30, 2, 'USADO', NULL, NULL, '2026-05-26 21:47:57', '2026-05-27 00:18:20'),
(34, '7188a949-2d43-40eb-96b3-9e04785579f0', 'SB2', '2026-05-26', 'Tarde', 175.30, 7, 'USADO', 256, 374, '2026-05-26 22:39:21', '2026-05-27 00:18:21'),
(35, 'ddf6a807-78a5-4e6f-b2eb-1562503e44b3', 'SB5', '2026-05-26', 'Tarde', 361.30, 14, 'DISPONIBLE', NULL, NULL, '2026-05-26 22:43:01', '2026-05-27 00:18:21'),
(36, 'b7751b8c-cc46-4efd-8495-83bb473d3004', 'SB3', '2026-05-26', 'Tarde', 268.50, 19, 'DISPONIBLE', NULL, NULL, '2026-05-26 22:57:34', '2026-05-27 00:18:22'),
(37, '70943655-4b84-4fa1-902d-b923fd4755c1', 'SB4', '2026-05-26', 'Tarde', 408.50, 28, 'USADO', 259, 379, '2026-05-26 23:28:09', '2026-05-27 00:18:22');

-- --------------------------------------------------------

--
-- Table structure for table `tarifa_base_rol`
--

CREATE TABLE `tarifa_base_rol` (
  `id` int(11) NOT NULL,
  `rol_codigo` enum('CAJERA','VENDEDORA','ALMACENERA') NOT NULL,
  `monto` decimal(10,2) NOT NULL,
  `fecha_vigencia` date NOT NULL,
  `creado_en` timestamp NULL DEFAULT current_timestamp()
) ENGINE=InnoDB DEFAULT CHARSET=utf8mb4 COLLATE=utf8mb4_unicode_ci;

--
-- Dumping data for table `tarifa_base_rol`
--

INSERT INTO `tarifa_base_rol` (`id`, `rol_codigo`, `monto`, `fecha_vigencia`, `creado_en`) VALUES
(1, 'CAJERA', 30.00, '2026-01-01', '2026-05-15 08:05:10'),
(2, 'VENDEDORA', 30.00, '2026-01-01', '2026-05-15 08:05:10'),
(3, 'ALMACENERA', 25.00, '2026-01-01', '2026-05-15 08:05:10');

-- --------------------------------------------------------

--
-- Table structure for table `tipo_egreso`
--

CREATE TABLE `tipo_egreso` (
  `id_tipo_egreso` tinyint(3) UNSIGNED NOT NULL,
  `etiqueta` varchar(60) NOT NULL,
  `modo_ref` enum('PERSONAL','CONCEPTO','LIBRE','LOCAL','FACTURA','DEPOSITO') NOT NULL DEFAULT 'LIBRE',
  `activo` tinyint(1) NOT NULL DEFAULT 1,
  `orden` tinyint(4) NOT NULL DEFAULT 0
) ENGINE=InnoDB DEFAULT CHARSET=utf8mb4 COLLATE=utf8mb4_unicode_ci;

--
-- Dumping data for table `tipo_egreso`
--

INSERT INTO `tipo_egreso` (`id_tipo_egreso`, `etiqueta`, `modo_ref`, `activo`, `orden`) VALUES
(1, 'Pago de Personal', 'PERSONAL', 1, 1),
(2, 'Pago de Local', 'LOCAL', 1, 2),
(3, 'Pago de Compras', 'FACTURA', 1, 3),
(4, 'Otros pagos', 'LIBRE', 1, 5),
(5, 'Depósito a KGyR', 'DEPOSITO', 1, 4);

-- --------------------------------------------------------

--
-- Table structure for table `tipo_estudio`
--

CREATE TABLE `tipo_estudio` (
  `id_tipo` int(11) NOT NULL,
  `descripcion` varchar(50) NOT NULL,
  `activo` tinyint(1) NOT NULL DEFAULT 1,
  `fecha_registro` timestamp NULL DEFAULT current_timestamp(),
  `fecha_modificacion` timestamp NULL DEFAULT current_timestamp() ON UPDATE current_timestamp()
) ENGINE=InnoDB DEFAULT CHARSET=utf8mb4 COLLATE=utf8mb4_unicode_ci;

--
-- Dumping data for table `tipo_estudio`
--

INSERT INTO `tipo_estudio` (`id_tipo`, `descripcion`, `activo`, `fecha_registro`, `fecha_modificacion`) VALUES
(1, 'Secundaria Completa', 1, '2026-05-04 20:58:11', '2026-05-04 20:58:11'),
(2, 'Técnico', 1, '2026-05-04 20:58:11', '2026-05-04 20:58:11'),
(3, 'Universitario', 1, '2026-05-04 20:58:11', '2026-05-04 20:58:11');

-- --------------------------------------------------------

--
-- Table structure for table `tipo_movimiento`
--

CREATE TABLE `tipo_movimiento` (
  `id_tipo_movimiento` int(11) NOT NULL,
  `descripcion` varchar(50) NOT NULL,
  `activo` tinyint(1) NOT NULL DEFAULT 1,
  `fecha_registro` timestamp NOT NULL DEFAULT current_timestamp(),
  `fecha_modificacion` timestamp NOT NULL DEFAULT current_timestamp() ON UPDATE current_timestamp()
) ENGINE=InnoDB DEFAULT CHARSET=utf8mb4 COLLATE=utf8mb4_unicode_ci;

--
-- Dumping data for table `tipo_movimiento`
--

INSERT INTO `tipo_movimiento` (`id_tipo_movimiento`, `descripcion`, `activo`, `fecha_registro`, `fecha_modificacion`) VALUES
(1, 'INGRESO', 1, '2026-05-04 20:58:12', '2026-05-04 20:58:12'),
(2, 'EGRESO', 1, '2026-05-04 20:58:12', '2026-05-04 20:58:12');

-- --------------------------------------------------------

--
-- Table structure for table `tipo_personal`
--

CREATE TABLE `tipo_personal` (
  `codigo` varchar(4) NOT NULL,
  `descripcion` varchar(120) NOT NULL,
  `rango` varchar(80) NOT NULL,
  `orden` tinyint(4) NOT NULL DEFAULT 0
) ENGINE=InnoDB DEFAULT CHARSET=utf8mb4 COLLATE=utf8mb4_unicode_ci;

--
-- Dumping data for table `tipo_personal`
--

INSERT INTO `tipo_personal` (`codigo`, `descripcion`, `rango`, `orden`) VALUES
('A1', 'Ventas - A1', 'Mayor a 70 operaciones', 1),
('B1', 'Ventas - B1', 'Entre 50 y 70 operaciones', 2),
('C1', 'Ventas - C1', 'Entre 40 y 50 operaciones', 3),
('D1', 'Ventas - D1', 'Menor a 40 operaciones', 4),
('X1', 'Caja - A1', 'Mayor a 200 operaciones', 5),
('Y1', 'Caja - B1', 'Hasta 200 operaciones', 6),
('Z1', 'Caja - C1', 'Hasta 150 operaciones', 7);

-- --------------------------------------------------------

--
-- Table structure for table `tipo_rectificacion`
--

CREATE TABLE `tipo_rectificacion` (
  `id_tipo_rect` tinyint(3) UNSIGNED NOT NULL,
  `etiqueta` varchar(60) NOT NULL,
  `signo` tinyint(4) NOT NULL DEFAULT 1 COMMENT '1 = suma, -1 = resta',
  `activo` tinyint(1) NOT NULL DEFAULT 1,
  `orden` tinyint(4) NOT NULL DEFAULT 0
) ENGINE=InnoDB DEFAULT CHARSET=utf8mb4 COLLATE=utf8mb4_unicode_ci;

--
-- Dumping data for table `tipo_rectificacion`
--

INSERT INTO `tipo_rectificacion` (`id_tipo_rect`, `etiqueta`, `signo`, `activo`, `orden`) VALUES
(1, 'Efectivo encontrado', 1, 1, 1),
(2, 'Devolución de efectivo', -1, 1, 2);

-- --------------------------------------------------------

--
-- Table structure for table `transferencia_caja`
--

CREATE TABLE `transferencia_caja` (
  `id_transferencia` int(11) NOT NULL,
  `sesion_origen_id` int(11) NOT NULL,
  `sesion_destino_id` int(11) DEFAULT NULL,
  `caja_origen_id` int(11) NOT NULL,
  `caja_destino_id` int(11) NOT NULL,
  `postulante_envia_id` int(11) NOT NULL,
  `postulante_recibe_id` int(11) DEFAULT NULL,
  `postulante_revisa_id` int(11) DEFAULT NULL,
  `monto` decimal(10,2) NOT NULL,
  `numero_operacion` varchar(100) DEFAULT NULL,
  `comprobante_url` varchar(255) DEFAULT NULL,
  `fecha_envio` timestamp NOT NULL DEFAULT current_timestamp(),
  `fecha_confirmacion_recepcion` timestamp NULL DEFAULT NULL,
  `fecha_revision` timestamp NULL DEFAULT NULL,
  `estado` enum('PENDIENTE_ENVIO','ENVIADO','RECIBIDO','OBSERVADO','RECHAZADO','APROBADO') DEFAULT 'PENDIENTE_ENVIO',
  `observacion_recepcion` text DEFAULT NULL,
  `observacion_revision` text DEFAULT NULL
) ENGINE=InnoDB DEFAULT CHARSET=utf8mb4 COLLATE=utf8mb4_unicode_ci;

-- --------------------------------------------------------

--
-- Table structure for table `transferencia_saldo`
--

CREATE TABLE `transferencia_saldo` (
  `id` int(11) NOT NULL,
  `caja_origen_id` int(11) NOT NULL,
  `caja_destino_id` int(11) NOT NULL,
  `monto` decimal(10,2) NOT NULL,
  `numero_comprobante` varchar(100) DEFAULT NULL,
  `notas` text DEFAULT NULL,
  `solicitante_id` int(11) NOT NULL,
  `confirmador_id` int(11) DEFAULT NULL,
  `anulador_id` int(11) DEFAULT NULL,
  `estado` enum('PENDIENTE','CONFIRMADA','ANULADA') NOT NULL DEFAULT 'PENDIENTE',
  `created_at` datetime NOT NULL DEFAULT current_timestamp(),
  `confirmed_at` datetime DEFAULT NULL,
  `anulada_at` datetime DEFAULT NULL
) ENGINE=InnoDB DEFAULT CHARSET=utf8mb4 COLLATE=utf8mb4_unicode_ci;

--
-- Dumping data for table `transferencia_saldo`
--

INSERT INTO `transferencia_saldo` (`id`, `caja_origen_id`, `caja_destino_id`, `monto`, `numero_comprobante`, `notas`, `solicitante_id`, `confirmador_id`, `anulador_id`, `estado`, `created_at`, `confirmed_at`, `anulada_at`) VALUES
(1, 2, 3, 10000.00, 'nose-0001', 'falta saldo', 1, 1, NULL, 'CONFIRMADA', '2026-05-13 00:39:03', '2026-05-13 00:42:37', NULL),
(2, 2, 3, 5000.00, NULL, 'check', 1, NULL, 1, 'ANULADA', '2026-05-13 01:00:37', NULL, '2026-05-13 01:00:53'),
(3, 2, 3, 12000.00, '06116167', 'CODIGO 06116167', 1, 1, NULL, 'CONFIRMADA', '2026-05-20 19:03:24', '2026-05-20 19:03:51', NULL),
(4, 4, 2, 10000.00, '06114092', 'SALDO!!!', 1, 1, NULL, 'CONFIRMADA', '2026-05-21 20:24:43', '2026-05-21 20:25:16', NULL);

-- --------------------------------------------------------

--
-- Table structure for table `turno`
--

CREATE TABLE `turno` (
  `id_turno` int(11) NOT NULL,
  `descripcion` varchar(20) NOT NULL,
  `activo` tinyint(1) NOT NULL DEFAULT 1,
  `fecha_registro` timestamp NOT NULL DEFAULT current_timestamp(),
  `fecha_modificacion` timestamp NULL DEFAULT current_timestamp() ON UPDATE current_timestamp()
) ENGINE=InnoDB DEFAULT CHARSET=utf8mb4 COLLATE=utf8mb4_unicode_ci;

--
-- Dumping data for table `turno`
--

INSERT INTO `turno` (`id_turno`, `descripcion`, `activo`, `fecha_registro`, `fecha_modificacion`) VALUES
(1, 'Mañana', 1, '2026-05-04 20:58:12', '2026-05-04 20:58:12'),
(2, 'Tarde', 1, '2026-05-04 20:58:12', '2026-05-04 20:58:12');

-- --------------------------------------------------------

--
-- Table structure for table `usuario`
--

CREATE TABLE `usuario` (
  `postulante_id` int(11) NOT NULL,
  `rol_id` int(11) NOT NULL,
  `username` varchar(50) NOT NULL,
  `password` varchar(255) NOT NULL,
  `activo` tinyint(1) DEFAULT 1,
  `fecha_registro` timestamp NULL DEFAULT current_timestamp(),
  `fecha_modificacion` timestamp NULL DEFAULT current_timestamp() ON UPDATE current_timestamp()
) ENGINE=InnoDB DEFAULT CHARSET=utf8mb4 COLLATE=utf8mb4_unicode_ci;

--
-- Dumping data for table `usuario`
--

INSERT INTO `usuario` (`postulante_id`, `rol_id`, `username`, `password`, `activo`, `fecha_registro`, `fecha_modificacion`) VALUES
(1, 2, 'GIANCARLOVC', '$2y$10$WdDI/yNovOtkl6.1P0fFVeCn5JDc2bwm0wOmcRGg/SDNYZf.oTJC.', 1, '2026-05-04 20:58:12', '2026-05-06 08:38:31'),
(2, 1, 'SOLANGECC', '$2y$10$hJUz5FU.fpTe3fg0ofQypOeTx7jlG1CDQf06F0ZHIQIBzjCbeWQ6y', 0, '2026-05-04 21:06:58', '2026-05-06 02:26:31'),
(4, 1, 'DARIANABC', '$2y$10$O5oR0esntN3OzN9Sa7TkB.jrB3MAuj/pukrAw.CMvhAaCbYCKksXC', 1, '2026-05-06 00:30:16', '2026-05-06 00:43:17'),
(5, 1, 'PATRICIAOP', '$2y$10$MRol58reXroFEKA9KPB2p.rXS3J1zQbZe6f1EPWFQ.tksghQ2DgFW', 1, '2026-05-06 00:44:13', '2026-05-06 00:44:29'),
(10, 1, 'KARENME', '$2y$10$7SA6hAGU62Eql9SP/w4pC.IngAObLwBa89NToGx9J9jtEFX827JXC', 1, '2026-05-06 00:57:18', '2026-05-06 00:58:38'),
(11, 1, 'FIORELLACR', '$2y$10$bzD/L/E00OiLUyqTURSv2ObNZzULqUmT6FxSayFYw4ht1D/4neeom', 1, '2026-05-05 00:57:08', '2026-05-05 20:35:17'),
(12, 1, 'SHARIKRP', '$2y$10$G95U/AdGGjGwTbyqkxC/buxvWKBketkYIgNXXegDih2zkCWFpGb7a', 0, '2026-05-06 01:07:45', '2026-05-06 01:53:47'),
(13, 1, 'MONICAQC', '$2y$10$RQVUnjY3Ka2GxIb/SipEMuaYAxU57O9a3mz8G57kPTKWVvBNFnsx6', 1, '2026-05-06 01:10:08', '2026-05-06 01:10:27'),
(17, 1, 'GERALDINNEQA', '$2y$10$yfbQNjv.BniXcr8xfw3iW.3i2l70PsZw3llYaYfe2edychBAW4xMm', 1, '2026-05-06 01:12:37', '2026-05-06 01:29:17'),
(19, 1, 'ELIZABETHFS', '$2y$10$5QoLrFKDQOIDeh4sqfIhSO73pb/VQH7z3/1k.SzqgyZ7j.gRq.PTu', 1, '2026-05-06 01:31:08', '2026-05-06 01:31:31'),
(22, 1, 'YOLVIPF', '$2y$10$a2s8Uhv2axrDDpxcOOeiRucVAT9xbMGRRqMcpZcT2asHNvZQiSDbi', 1, '2026-05-06 01:33:59', '2026-05-06 01:34:35'),
(29, 1, 'YENIFERQL', '$2y$10$rQpl7cOqBT7upb8lLdMC6ebX24QjbYV.FOKt0dnUoUh.Gj7tmvMxC', 0, '2026-05-06 01:36:12', '2026-05-18 18:11:33'),
(45, 1, 'ERIKAGH', '$2y$10$dzmWBJxPulc4NgUmkzag4eTMrWcFfBooZP0yNhc6apw9NOrzBc3ku', 1, '2026-05-06 01:39:11', '2026-05-06 01:39:35'),
(51, 1, 'DAYANABA', '$2y$10$2Kmz.vEOxw76NpjU26RyZ.ghm72IM0LxOoRQlM2yQwPT2WoaHKA0O', 1, '2026-05-06 01:41:25', '2026-05-06 01:41:49'),
(52, 1, 'MERLINDABC', '$2y$10$vr8JtZQCE2S5N9/woHtnyejlX6rwMRHThOAXHghq5O6cMFAwds1Fm', 0, '2026-05-06 01:43:04', '2026-05-06 01:54:27'),
(53, 1, 'LUCIAAC', '$2y$10$bh8zNb.84KaUwFG8bU9BTeKzFyOT7XIdA2fojxHRQmt5veyjDhwH.', 1, '2026-05-06 01:45:57', '2026-05-06 01:46:14'),
(54, 1, 'YOVALYDR', '$2y$10$4YdzBAsfOywcKzMl0qWHgO/89kCuDyYOGLzf4Jtafa3Km6fft7MvO', 1, '2026-05-06 01:49:07', '2026-05-06 01:49:27'),
(55, 1, 'ANAHIMC', '$2y$10$C4F3jVpvZXCNvcU4ZeF6o.FHYiwJMAUVzZBHdwXqzamyEcZFQNZae', 1, '2026-05-06 16:31:29', '2026-05-06 16:32:21'),
(56, 1, 'MARIAYC', '$2y$10$.oebRo1ph130j2f9ZIlUX.YYPUkCblZSYglkAgxyApLhhgR4C2HrO', 1, '2026-05-06 15:23:21', '2026-05-06 15:24:05'),
(57, 1, 'ROSATC', '$2y$10$8YBlVmWIrF9dbJTGpb0xdOS01wS3Mig65HWNCU6mjB/QglmMnDt3y', 1, '2026-05-06 15:26:19', '2026-05-06 15:27:21'),
(59, 1, 'SANDRARQ', '$2y$10$GI0Lijzd8dDv91YrABcJH.ivLU/5RGfb6Kmrhf64dsridwZH0vTlm', 1, '2026-05-06 01:50:13', '2026-05-06 01:50:29'),
(60, 1, 'ESWINSR', '$2y$10$C1q500vh5PJieW7XoMlAq.xV6MC8tRSaW4WU.qoI3DQ717XY6JdK6', 1, '2026-05-06 01:51:04', '2026-05-06 01:51:24'),
(61, 1, 'YADIRABN', '$2y$10$BREj.ELgFAihrq3rrj/BQOelgegmoqihYPrtxkTZuWakdkF3GisDC', 1, '2026-05-06 01:52:12', '2026-05-06 01:52:28'),
(68, 1, 'BLOQUEADO', '$2y$10$fSEmYth8OikhKLOib6bEAeC1A8shRZOQRJ6inf6Mtjo9XU03KQWZe', 1, '2026-05-06 17:07:03', '2026-05-06 17:10:31'),
(69, 1, 'FLORHY', '$2y$10$ZwbpuSQZszRof2zf8t5qcO2U68utcFC6jxS5RTZuyB/iSbPcylkAa', 1, '2026-05-06 18:09:14', '2026-05-06 18:09:56'),
(70, 1, 'DEBORAPA', '$2y$10$xfu7TGxUqYXVwVehXnyuDOnnumjeg9BHZhxxDgHmHAfU7Kgt2xMs.', 1, '2026-05-06 21:01:14', '2026-05-06 21:02:08'),
(71, 1, 'ESTHERFH', '$2y$10$Fvwu0dlWNpdMcOSg4Q8B6uLuE9.4/rm8GixY3Drzy0wABhI5IYfre', 1, '2026-05-06 21:03:37', '2026-05-06 21:04:06'),
(72, 2, 'MARINA', '$2y$10$y6Mn3lCSTyeaDda2r0OOLuhnCW/AKpdmrsIs4Ad4Vyo6Q0eZ2cktm', 1, '2026-05-06 23:34:30', '2026-05-06 23:35:23'),
(73, 1, 'VICTORIAHA', '$2y$10$pRLXci0rYu3eL4KXYWFdyuX0mKcug1HjNfsSNCAFG4tWG7wuIvhg2', 1, '2026-05-07 02:06:31', '2026-05-07 02:06:53');

--
-- Indexes for dumped tables
--

--
-- Indexes for table `ajuste_esperado`
--
ALTER TABLE `ajuste_esperado`
  ADD PRIMARY KEY (`id_ajuste`),
  ADD KEY `sesion_id` (`sesion_id`);

--
-- Indexes for table `asistencia`
--
ALTER TABLE `asistencia`
  ADD PRIMARY KEY (`id_asistencia`),
  ADD KEY `idx_asistencia_fecha` (`fecha`),
  ADD KEY `idx_asistencia_local` (`local_id`),
  ADD KEY `idx_asistencia_postulante` (`postulante_id`);

--
-- Indexes for table `asistencia_checklist`
--
ALTER TABLE `asistencia_checklist`
  ADD PRIMARY KEY (`id_asistencia_checklist`),
  ADD KEY `idx_ac_checklist` (`checklist_id`),
  ADD KEY `idx_ac_asistencia` (`asistencia_id`);

--
-- Indexes for table `auditoria_cuadre`
--
ALTER TABLE `auditoria_cuadre`
  ADD PRIMARY KEY (`id_auditoria`),
  ADD KEY `idx_aud_cuadre_sesion` (`sesion_id`),
  ADD KEY `idx_aud_cuadre_postulante` (`postulante_id`);

--
-- Indexes for table `auditoria_sistema`
--
ALTER TABLE `auditoria_sistema`
  ADD PRIMARY KEY (`id_auditoria`),
  ADD KEY `idx_as_postulante` (`postulante_id`);

--
-- Indexes for table `caja`
--
ALTER TABLE `caja`
  ADD PRIMARY KEY (`id_caja`),
  ADD UNIQUE KEY `uq_caja_local_desc` (`local_id`,`descripcion`);

--
-- Indexes for table `checklist`
--
ALTER TABLE `checklist`
  ADD PRIMARY KEY (`id_checklist`);

--
-- Indexes for table `concepto_gastos_local`
--
ALTER TABLE `concepto_gastos_local`
  ADD PRIMARY KEY (`id_concepto`);

--
-- Indexes for table `concepto_penalidad`
--
ALTER TABLE `concepto_penalidad`
  ADD PRIMARY KEY (`id_concepto`);

--
-- Indexes for table `configuracion_bono`
--
ALTER TABLE `configuracion_bono`
  ADD PRIMARY KEY (`id`),
  ADD KEY `idx_tipo_vig` (`tipo`,`fecha_vigencia`);

--
-- Indexes for table `contacto_emergencia`
--
ALTER TABLE `contacto_emergencia`
  ADD PRIMARY KEY (`id_contacto_emergencia`),
  ADD KEY `idx_ce_postulante` (`postulante_id`);

--
-- Indexes for table `correccion_venta`
--
ALTER TABLE `correccion_venta`
  ADD PRIMARY KEY (`id_correccion`),
  ADD KEY `sesion_id` (`sesion_id`);

--
-- Indexes for table `detalle_cuadre`
--
ALTER TABLE `detalle_cuadre`
  ADD PRIMARY KEY (`sesion_id`);

--
-- Indexes for table `especialidad`
--
ALTER TABLE `especialidad`
  ADD PRIMARY KEY (`id_especialidad`),
  ADD UNIQUE KEY `uq_especialidad_desc` (`descripcion`);

--
-- Indexes for table `estado`
--
ALTER TABLE `estado`
  ADD PRIMARY KEY (`id_estado`),
  ADD UNIQUE KEY `uq_estado_desc` (`descripcion`);

--
-- Indexes for table `estudio`
--
ALTER TABLE `estudio`
  ADD PRIMARY KEY (`id_estudio`),
  ADD UNIQUE KEY `uq_estudio` (`postulante_id`,`tipo_id`,`institucion_id`,`fecha_inicio`),
  ADD KEY `idx_estudio_tipo` (`tipo_id`),
  ADD KEY `idx_estudio_estado` (`estado_id`),
  ADD KEY `idx_estudio_institucion` (`institucion_id`);

--
-- Indexes for table `etapa`
--
ALTER TABLE `etapa`
  ADD PRIMARY KEY (`id_etapa`),
  ADD UNIQUE KEY `uq_etapa_desc` (`descripcion`);

--
-- Indexes for table `experiencia`
--
ALTER TABLE `experiencia`
  ADD PRIMARY KEY (`id_experiencia`),
  ADD KEY `idx_exp_postulante` (`postulante_id`);

--
-- Indexes for table `genero`
--
ALTER TABLE `genero`
  ADD PRIMARY KEY (`id_genero`),
  ADD UNIQUE KEY `uq_genero_desc` (`descripcion`);

--
-- Indexes for table `horario_slot`
--
ALTER TABLE `horario_slot`
  ADD PRIMARY KEY (`id_slot`),
  ADD UNIQUE KEY `uq_hslot` (`semana_id`,`local_id`,`turno_id`,`fecha_dia`,`rol_horario_id`,`slot_num`),
  ADD KEY `fk_hslot_local` (`local_id`),
  ADD KEY `fk_hslot_turno` (`turno_id`),
  ADD KEY `fk_hslot_postulante` (`postulante_id`),
  ADD KEY `fk_hs_rol` (`rol_horario_id`);

--
-- Indexes for table `horario_solicitud`
--
ALTER TABLE `horario_solicitud`
  ADD PRIMARY KEY (`id_solicitud`),
  ADD UNIQUE KEY `uq_horario_semana_trabajador` (`semana_id`,`postulante_id`),
  ADD KEY `idx_hs_postulante` (`postulante_id`),
  ADD KEY `idx_hs_local` (`local_id`),
  ADD KEY `idx_hs_turno` (`turno_id`),
  ADD KEY `idx_hs_estado` (`estado`),
  ADD KEY `fk_hs_revisado_por` (`revisado_por_id`);

--
-- Indexes for table `incidencia`
--
ALTER TABLE `incidencia`
  ADD PRIMARY KEY (`id_incidencia`),
  ADD KEY `idx_inc_postulante` (`postulante_id`),
  ADD KEY `idx_inc_sesion` (`sesion_id`);

--
-- Indexes for table `institucion`
--
ALTER TABLE `institucion`
  ADD PRIMARY KEY (`id_institucion`),
  ADD UNIQUE KEY `uq_institucion_desc` (`descripcion`);

--
-- Indexes for table `local`
--
ALTER TABLE `local`
  ADD PRIMARY KEY (`id_local`),
  ADD KEY `idx_local_encargado` (`id_encargado`);

--
-- Indexes for table `modo`
--
ALTER TABLE `modo`
  ADD PRIMARY KEY (`id_modo`),
  ADD UNIQUE KEY `uq_modo_desc` (`descripcion`);

--
-- Indexes for table `movimiento_sesion`
--
ALTER TABLE `movimiento_sesion`
  ADD PRIMARY KEY (`id_movimiento`),
  ADD KEY `idx_mov_sesion` (`sesion_id`),
  ADD KEY `idx_mov_tipo` (`tipo_movimiento_id`),
  ADD KEY `idx_mov_registro` (`postulante_registro_id`),
  ADD KEY `idx_mov_revision` (`postulante_revision_id`),
  ADD KEY `idx_mov_modo` (`modo_id`),
  ADD KEY `idx_mov_fecha` (`fecha_movimiento`),
  ADD KEY `idx_mov_estado` (`estado`);

--
-- Indexes for table `nivel`
--
ALTER TABLE `nivel`
  ADD PRIMARY KEY (`id_nivel`),
  ADD UNIQUE KEY `uq_nivel_desc` (`descripcion`);

--
-- Indexes for table `pagos_bbva`
--
ALTER TABLE `pagos_bbva`
  ADD PRIMARY KEY (`id`),
  ADD UNIQUE KEY `uq_timestamp_notif` (`timestamp_notif`),
  ADD KEY `idx_fecha_notif` (`fecha_notif`);

--
-- Indexes for table `pagos_qr`
--
ALTER TABLE `pagos_qr`
  ADD PRIMARY KEY (`id`),
  ADD UNIQUE KEY `uq_pago_bbva` (`pago_bbva_id`);

--
-- Indexes for table `pago_deposito`
--
ALTER TABLE `pago_deposito`
  ADD PRIMARY KEY (`id_pago_deposito`),
  ADD KEY `sesion_id` (`sesion_id`);

--
-- Indexes for table `pago_factura`
--
ALTER TABLE `pago_factura`
  ADD PRIMARY KEY (`id_pago_factura`),
  ADD KEY `sesion_id` (`sesion_id`);

--
-- Indexes for table `pago_local`
--
ALTER TABLE `pago_local`
  ADD PRIMARY KEY (`id_pago_local`),
  ADD KEY `idx_pl_sesion` (`sesion_id`),
  ADD KEY `idx_pl_local` (`local_id`),
  ADD KEY `idx_pl_emisor` (`postulante_emisor_id`),
  ADD KEY `idx_pl_concepto` (`concepto_id`);

--
-- Indexes for table `pago_personal`
--
ALTER TABLE `pago_personal`
  ADD PRIMARY KEY (`id_pago_personal`),
  ADD KEY `idx_pp_sesion` (`sesion_id`),
  ADD KEY `idx_pp_emisor` (`postulante_emisor_id`),
  ADD KEY `idx_pp_beneficiario` (`postulante_beneficiario_id`),
  ADD KEY `idx_pp_revisor` (`postulante_revisor_id`),
  ADD KEY `idx_pp_estado` (`estado`);

--
-- Indexes for table `plantilla_horario`
--
ALTER TABLE `plantilla_horario`
  ADD PRIMARY KEY (`id_plantilla`),
  ADD UNIQUE KEY `uq_plantilla` (`local_id`,`turno_id`,`rol_horario_id`),
  ADD KEY `turno_id` (`turno_id`),
  ADD KEY `rol_horario_id` (`rol_horario_id`);

--
-- Indexes for table `postulacion`
--
ALTER TABLE `postulacion`
  ADD PRIMARY KEY (`id_postulacion`),
  ADD UNIQUE KEY `uq_postulante_puesto` (`postulante_id`,`puesto_id`),
  ADD KEY `idx_postulacion_etapa` (`etapa_id`),
  ADD KEY `idx_postulacion_visto` (`visto`),
  ADD KEY `idx_postulacion_fecha` (`fecha_postulacion`),
  ADD KEY `fk_postulacion_puesto` (`puesto_id`);

--
-- Indexes for table `postulante`
--
ALTER TABLE `postulante`
  ADD PRIMARY KEY (`id_postulante`),
  ADD UNIQUE KEY `uq_postulante_dni` (`num_documento`),
  ADD KEY `idx_postulante_genero` (`genero_id`),
  ADD KEY `idx_postulante_vivienda` (`situacion_vivienda_id`);

--
-- Indexes for table `postulante_especialidad`
--
ALTER TABLE `postulante_especialidad`
  ADD PRIMARY KEY (`postulante_id`,`especialidad_id`),
  ADD KEY `idx_pe_especialidad` (`especialidad_id`);

--
-- Indexes for table `postulante_skill`
--
ALTER TABLE `postulante_skill`
  ADD PRIMARY KEY (`postulante_id`,`skill_id`),
  ADD KEY `idx_ps_skill` (`skill_id`),
  ADD KEY `idx_ps_nivel` (`nivel_id`);

--
-- Indexes for table `preferencias`
--
ALTER TABLE `preferencias`
  ADD PRIMARY KEY (`turno_id`,`postulante_id`),
  ADD KEY `idx_pref_postulante` (`postulante_id`);

--
-- Indexes for table `puesto`
--
ALTER TABLE `puesto`
  ADD PRIMARY KEY (`id_puesto`),
  ADD UNIQUE KEY `uq_puesto_desc` (`descripcion`);

--
-- Indexes for table `rectificacion_cuadre`
--
ALTER TABLE `rectificacion_cuadre`
  ADD PRIMARY KEY (`id_rectificacion`),
  ADD KEY `idx_rect_sesion` (`sesion_id`),
  ADD KEY `idx_rect_registra` (`postulante_registra_id`),
  ADD KEY `idx_rect_responsable` (`postulante_responsable_id`),
  ADD KEY `idx_rect_revisa` (`postulante_revisa_id`),
  ADD KEY `idx_rect_modo` (`modo_id`),
  ADD KEY `idx_rect_estado` (`estado`);

--
-- Indexes for table `reporte_venta`
--
ALTER TABLE `reporte_venta`
  ADD PRIMARY KEY (`id_reporte_venta`),
  ADD KEY `idx_rv_sesion` (`sesion_id`),
  ADD KEY `idx_rv_vendedor` (`postulante_vendedor_id`);

--
-- Indexes for table `rol`
--
ALTER TABLE `rol`
  ADD PRIMARY KEY (`id_rol`),
  ADD UNIQUE KEY `uq_rol_desc` (`descripcion`);

--
-- Indexes for table `rol_horario`
--
ALTER TABLE `rol_horario`
  ADD PRIMARY KEY (`id_rol_horario`),
  ADD UNIQUE KEY `codigo` (`codigo`);

--
-- Indexes for table `semana`
--
ALTER TABLE `semana`
  ADD PRIMARY KEY (`id_semana`),
  ADD UNIQUE KEY `uq_semana_inicio` (`fecha_inicio`);

--
-- Indexes for table `sesion_caja`
--
ALTER TABLE `sesion_caja`
  ADD PRIMARY KEY (`id_sesion`),
  ADD KEY `idx_sesion_caja` (`caja_id`),
  ADD KEY `idx_sesion_apertura` (`postulante_apertura_id`),
  ADD KEY `idx_sesion_cierre` (`postulante_cierre_id`),
  ADD KEY `idx_sesion_revisor` (`postulante_revisor_id`),
  ADD KEY `idx_sesion_turno` (`turno_id`),
  ADD KEY `idx_sesion_fecha_operacion` (`fecha_operacion`),
  ADD KEY `idx_sesion_estado` (`estado`);

--
-- Indexes for table `sesion_participante`
--
ALTER TABLE `sesion_participante`
  ADD PRIMARY KEY (`id_sesion_participante`),
  ADD UNIQUE KEY `uq_sesion_participante` (`sesion_id`,`postulante_id`),
  ADD KEY `idx_sp_postulante` (`postulante_id`);

--
-- Indexes for table `sesion_plin`
--
ALTER TABLE `sesion_plin`
  ADD PRIMARY KEY (`id`);

--
-- Indexes for table `situacion_vivienda`
--
ALTER TABLE `situacion_vivienda`
  ADD PRIMARY KEY (`id_situacion`),
  ADD UNIQUE KEY `uq_vivienda_desc` (`descripcion`);

--
-- Indexes for table `skill`
--
ALTER TABLE `skill`
  ADD PRIMARY KEY (`id_skill`),
  ADD UNIQUE KEY `uq_skill_desc` (`descripcion`);

--
-- Indexes for table `solicitud_cambio`
--
ALTER TABLE `solicitud_cambio`
  ADD PRIMARY KEY (`id_solicitud`),
  ADD KEY `slot_id` (`slot_id`),
  ADD KEY `semana_id` (`semana_id`),
  ADD KEY `postulante_solicitante_id` (`postulante_solicitante_id`),
  ADD KEY `postulante_original_id` (`postulante_original_id`);

--
-- Indexes for table `solobank_vales`
--
ALTER TABLE `solobank_vales`
  ADD PRIMARY KEY (`id`),
  ADD UNIQUE KEY `codigo` (`codigo`);

--
-- Indexes for table `tarifa_base_rol`
--
ALTER TABLE `tarifa_base_rol`
  ADD PRIMARY KEY (`id`),
  ADD KEY `idx_rol_vig` (`rol_codigo`,`fecha_vigencia`);

--
-- Indexes for table `tipo_egreso`
--
ALTER TABLE `tipo_egreso`
  ADD PRIMARY KEY (`id_tipo_egreso`);

--
-- Indexes for table `tipo_estudio`
--
ALTER TABLE `tipo_estudio`
  ADD PRIMARY KEY (`id_tipo`),
  ADD UNIQUE KEY `uq_tipo_estudio_desc` (`descripcion`);

--
-- Indexes for table `tipo_movimiento`
--
ALTER TABLE `tipo_movimiento`
  ADD PRIMARY KEY (`id_tipo_movimiento`),
  ADD UNIQUE KEY `uq_tipo_mov_desc` (`descripcion`);

--
-- Indexes for table `tipo_personal`
--
ALTER TABLE `tipo_personal`
  ADD PRIMARY KEY (`codigo`);

--
-- Indexes for table `tipo_rectificacion`
--
ALTER TABLE `tipo_rectificacion`
  ADD PRIMARY KEY (`id_tipo_rect`);

--
-- Indexes for table `transferencia_caja`
--
ALTER TABLE `transferencia_caja`
  ADD PRIMARY KEY (`id_transferencia`),
  ADD KEY `idx_tf_sesion_origen` (`sesion_origen_id`),
  ADD KEY `idx_tf_sesion_destino` (`sesion_destino_id`),
  ADD KEY `idx_tf_caja_origen` (`caja_origen_id`),
  ADD KEY `idx_tf_caja_destino` (`caja_destino_id`),
  ADD KEY `idx_tf_envia` (`postulante_envia_id`),
  ADD KEY `idx_tf_recibe` (`postulante_recibe_id`),
  ADD KEY `idx_tf_revisa` (`postulante_revisa_id`),
  ADD KEY `idx_tf_estado` (`estado`);

--
-- Indexes for table `transferencia_saldo`
--
ALTER TABLE `transferencia_saldo`
  ADD PRIMARY KEY (`id`);

--
-- Indexes for table `turno`
--
ALTER TABLE `turno`
  ADD PRIMARY KEY (`id_turno`),
  ADD UNIQUE KEY `uq_turno_desc` (`descripcion`);

--
-- Indexes for table `usuario`
--
ALTER TABLE `usuario`
  ADD PRIMARY KEY (`postulante_id`),
  ADD UNIQUE KEY `uq_usuario_username` (`username`),
  ADD KEY `idx_usuario_rol` (`rol_id`);

--
-- AUTO_INCREMENT for dumped tables
--

--
-- AUTO_INCREMENT for table `ajuste_esperado`
--
ALTER TABLE `ajuste_esperado`
  MODIFY `id_ajuste` int(11) NOT NULL AUTO_INCREMENT, AUTO_INCREMENT=45;

--
-- AUTO_INCREMENT for table `asistencia`
--
ALTER TABLE `asistencia`
  MODIFY `id_asistencia` int(11) NOT NULL AUTO_INCREMENT, AUTO_INCREMENT=291;

--
-- AUTO_INCREMENT for table `asistencia_checklist`
--
ALTER TABLE `asistencia_checklist`
  MODIFY `id_asistencia_checklist` int(11) NOT NULL AUTO_INCREMENT, AUTO_INCREMENT=249;

--
-- AUTO_INCREMENT for table `auditoria_cuadre`
--
ALTER TABLE `auditoria_cuadre`
  MODIFY `id_auditoria` int(11) NOT NULL AUTO_INCREMENT;

--
-- AUTO_INCREMENT for table `auditoria_sistema`
--
ALTER TABLE `auditoria_sistema`
  MODIFY `id_auditoria` int(11) NOT NULL AUTO_INCREMENT;

--
-- AUTO_INCREMENT for table `caja`
--
ALTER TABLE `caja`
  MODIFY `id_caja` int(11) NOT NULL AUTO_INCREMENT, AUTO_INCREMENT=8;

--
-- AUTO_INCREMENT for table `checklist`
--
ALTER TABLE `checklist`
  MODIFY `id_checklist` int(11) NOT NULL AUTO_INCREMENT, AUTO_INCREMENT=7;

--
-- AUTO_INCREMENT for table `concepto_gastos_local`
--
ALTER TABLE `concepto_gastos_local`
  MODIFY `id_concepto` int(11) NOT NULL AUTO_INCREMENT, AUTO_INCREMENT=7;

--
-- AUTO_INCREMENT for table `concepto_penalidad`
--
ALTER TABLE `concepto_penalidad`
  MODIFY `id_concepto` int(11) NOT NULL AUTO_INCREMENT, AUTO_INCREMENT=5;

--
-- AUTO_INCREMENT for table `configuracion_bono`
--
ALTER TABLE `configuracion_bono`
  MODIFY `id` int(11) NOT NULL AUTO_INCREMENT, AUTO_INCREMENT=45;

--
-- AUTO_INCREMENT for table `contacto_emergencia`
--
ALTER TABLE `contacto_emergencia`
  MODIFY `id_contacto_emergencia` int(11) NOT NULL AUTO_INCREMENT;

--
-- AUTO_INCREMENT for table `correccion_venta`
--
ALTER TABLE `correccion_venta`
  MODIFY `id_correccion` int(11) NOT NULL AUTO_INCREMENT, AUTO_INCREMENT=9;

--
-- AUTO_INCREMENT for table `especialidad`
--
ALTER TABLE `especialidad`
  MODIFY `id_especialidad` int(11) NOT NULL AUTO_INCREMENT;

--
-- AUTO_INCREMENT for table `estado`
--
ALTER TABLE `estado`
  MODIFY `id_estado` int(11) NOT NULL AUTO_INCREMENT, AUTO_INCREMENT=5;

--
-- AUTO_INCREMENT for table `estudio`
--
ALTER TABLE `estudio`
  MODIFY `id_estudio` int(11) NOT NULL AUTO_INCREMENT, AUTO_INCREMENT=36;

--
-- AUTO_INCREMENT for table `etapa`
--
ALTER TABLE `etapa`
  MODIFY `id_etapa` int(11) NOT NULL AUTO_INCREMENT, AUTO_INCREMENT=7;

--
-- AUTO_INCREMENT for table `experiencia`
--
ALTER TABLE `experiencia`
  MODIFY `id_experiencia` int(11) NOT NULL AUTO_INCREMENT, AUTO_INCREMENT=10;

--
-- AUTO_INCREMENT for table `genero`
--
ALTER TABLE `genero`
  MODIFY `id_genero` int(11) NOT NULL AUTO_INCREMENT, AUTO_INCREMENT=4;

--
-- AUTO_INCREMENT for table `horario_slot`
--
ALTER TABLE `horario_slot`
  MODIFY `id_slot` int(11) NOT NULL AUTO_INCREMENT, AUTO_INCREMENT=1121;

--
-- AUTO_INCREMENT for table `horario_solicitud`
--
ALTER TABLE `horario_solicitud`
  MODIFY `id_solicitud` int(11) NOT NULL AUTO_INCREMENT;

--
-- AUTO_INCREMENT for table `incidencia`
--
ALTER TABLE `incidencia`
  MODIFY `id_incidencia` int(11) NOT NULL AUTO_INCREMENT;

--
-- AUTO_INCREMENT for table `institucion`
--
ALTER TABLE `institucion`
  MODIFY `id_institucion` int(11) NOT NULL AUTO_INCREMENT, AUTO_INCREMENT=11;

--
-- AUTO_INCREMENT for table `local`
--
ALTER TABLE `local`
  MODIFY `id_local` int(11) NOT NULL AUTO_INCREMENT, AUTO_INCREMENT=5;

--
-- AUTO_INCREMENT for table `modo`
--
ALTER TABLE `modo`
  MODIFY `id_modo` int(11) NOT NULL AUTO_INCREMENT, AUTO_INCREMENT=8;

--
-- AUTO_INCREMENT for table `movimiento_sesion`
--
ALTER TABLE `movimiento_sesion`
  MODIFY `id_movimiento` int(11) NOT NULL AUTO_INCREMENT, AUTO_INCREMENT=381;

--
-- AUTO_INCREMENT for table `nivel`
--
ALTER TABLE `nivel`
  MODIFY `id_nivel` int(11) NOT NULL AUTO_INCREMENT, AUTO_INCREMENT=4;

--
-- AUTO_INCREMENT for table `pagos_bbva`
--
ALTER TABLE `pagos_bbva`
  MODIFY `id` int(10) UNSIGNED NOT NULL AUTO_INCREMENT, AUTO_INCREMENT=578;

--
-- AUTO_INCREMENT for table `pagos_qr`
--
ALTER TABLE `pagos_qr`
  MODIFY `id` int(11) NOT NULL AUTO_INCREMENT, AUTO_INCREMENT=7;

--
-- AUTO_INCREMENT for table `pago_deposito`
--
ALTER TABLE `pago_deposito`
  MODIFY `id_pago_deposito` int(11) NOT NULL AUTO_INCREMENT, AUTO_INCREMENT=10;

--
-- AUTO_INCREMENT for table `pago_factura`
--
ALTER TABLE `pago_factura`
  MODIFY `id_pago_factura` int(11) NOT NULL AUTO_INCREMENT, AUTO_INCREMENT=21;

--
-- AUTO_INCREMENT for table `pago_local`
--
ALTER TABLE `pago_local`
  MODIFY `id_pago_local` int(11) NOT NULL AUTO_INCREMENT, AUTO_INCREMENT=6;

--
-- AUTO_INCREMENT for table `pago_personal`
--
ALTER TABLE `pago_personal`
  MODIFY `id_pago_personal` int(11) NOT NULL AUTO_INCREMENT, AUTO_INCREMENT=36;

--
-- AUTO_INCREMENT for table `plantilla_horario`
--
ALTER TABLE `plantilla_horario`
  MODIFY `id_plantilla` int(11) NOT NULL AUTO_INCREMENT, AUTO_INCREMENT=25;

--
-- AUTO_INCREMENT for table `postulacion`
--
ALTER TABLE `postulacion`
  MODIFY `id_postulacion` int(11) NOT NULL AUTO_INCREMENT, AUTO_INCREMENT=79;

--
-- AUTO_INCREMENT for table `postulante`
--
ALTER TABLE `postulante`
  MODIFY `id_postulante` int(11) NOT NULL AUTO_INCREMENT, AUTO_INCREMENT=74;

--
-- AUTO_INCREMENT for table `puesto`
--
ALTER TABLE `puesto`
  MODIFY `id_puesto` int(11) NOT NULL AUTO_INCREMENT, AUTO_INCREMENT=9;

--
-- AUTO_INCREMENT for table `rectificacion_cuadre`
--
ALTER TABLE `rectificacion_cuadre`
  MODIFY `id_rectificacion` int(11) NOT NULL AUTO_INCREMENT, AUTO_INCREMENT=56;

--
-- AUTO_INCREMENT for table `reporte_venta`
--
ALTER TABLE `reporte_venta`
  MODIFY `id_reporte_venta` int(11) NOT NULL AUTO_INCREMENT, AUTO_INCREMENT=258;

--
-- AUTO_INCREMENT for table `rol`
--
ALTER TABLE `rol`
  MODIFY `id_rol` int(11) NOT NULL AUTO_INCREMENT, AUTO_INCREMENT=3;

--
-- AUTO_INCREMENT for table `rol_horario`
--
ALTER TABLE `rol_horario`
  MODIFY `id_rol_horario` int(11) NOT NULL AUTO_INCREMENT, AUTO_INCREMENT=5;

--
-- AUTO_INCREMENT for table `semana`
--
ALTER TABLE `semana`
  MODIFY `id_semana` int(11) NOT NULL AUTO_INCREMENT, AUTO_INCREMENT=6;

--
-- AUTO_INCREMENT for table `sesion_caja`
--
ALTER TABLE `sesion_caja`
  MODIFY `id_sesion` int(11) NOT NULL AUTO_INCREMENT, AUTO_INCREMENT=260;

--
-- AUTO_INCREMENT for table `sesion_participante`
--
ALTER TABLE `sesion_participante`
  MODIFY `id_sesion_participante` int(11) NOT NULL AUTO_INCREMENT, AUTO_INCREMENT=509;

--
-- AUTO_INCREMENT for table `sesion_plin`
--
ALTER TABLE `sesion_plin`
  MODIFY `id` int(11) NOT NULL AUTO_INCREMENT, AUTO_INCREMENT=4;

--
-- AUTO_INCREMENT for table `situacion_vivienda`
--
ALTER TABLE `situacion_vivienda`
  MODIFY `id_situacion` int(11) NOT NULL AUTO_INCREMENT, AUTO_INCREMENT=4;

--
-- AUTO_INCREMENT for table `skill`
--
ALTER TABLE `skill`
  MODIFY `id_skill` int(11) NOT NULL AUTO_INCREMENT, AUTO_INCREMENT=8;

--
-- AUTO_INCREMENT for table `solicitud_cambio`
--
ALTER TABLE `solicitud_cambio`
  MODIFY `id_solicitud` int(11) NOT NULL AUTO_INCREMENT, AUTO_INCREMENT=71;

--
-- AUTO_INCREMENT for table `solobank_vales`
--
ALTER TABLE `solobank_vales`
  MODIFY `id` int(11) NOT NULL AUTO_INCREMENT, AUTO_INCREMENT=38;

--
-- AUTO_INCREMENT for table `tarifa_base_rol`
--
ALTER TABLE `tarifa_base_rol`
  MODIFY `id` int(11) NOT NULL AUTO_INCREMENT, AUTO_INCREMENT=4;

--
-- AUTO_INCREMENT for table `tipo_egreso`
--
ALTER TABLE `tipo_egreso`
  MODIFY `id_tipo_egreso` tinyint(3) UNSIGNED NOT NULL AUTO_INCREMENT, AUTO_INCREMENT=6;

--
-- AUTO_INCREMENT for table `tipo_estudio`
--
ALTER TABLE `tipo_estudio`
  MODIFY `id_tipo` int(11) NOT NULL AUTO_INCREMENT, AUTO_INCREMENT=4;

--
-- AUTO_INCREMENT for table `tipo_movimiento`
--
ALTER TABLE `tipo_movimiento`
  MODIFY `id_tipo_movimiento` int(11) NOT NULL AUTO_INCREMENT, AUTO_INCREMENT=3;

--
-- AUTO_INCREMENT for table `tipo_rectificacion`
--
ALTER TABLE `tipo_rectificacion`
  MODIFY `id_tipo_rect` tinyint(3) UNSIGNED NOT NULL AUTO_INCREMENT, AUTO_INCREMENT=3;

--
-- AUTO_INCREMENT for table `transferencia_caja`
--
ALTER TABLE `transferencia_caja`
  MODIFY `id_transferencia` int(11) NOT NULL AUTO_INCREMENT;

--
-- AUTO_INCREMENT for table `transferencia_saldo`
--
ALTER TABLE `transferencia_saldo`
  MODIFY `id` int(11) NOT NULL AUTO_INCREMENT, AUTO_INCREMENT=5;

--
-- AUTO_INCREMENT for table `turno`
--
ALTER TABLE `turno`
  MODIFY `id_turno` int(11) NOT NULL AUTO_INCREMENT, AUTO_INCREMENT=3;

--
-- Constraints for dumped tables
--

--
-- Constraints for table `asistencia`
--
ALTER TABLE `asistencia`
  ADD CONSTRAINT `fk_asistencia_local` FOREIGN KEY (`local_id`) REFERENCES `local` (`id_local`) ON DELETE SET NULL,
  ADD CONSTRAINT `fk_asistencia_usuario` FOREIGN KEY (`postulante_id`) REFERENCES `usuario` (`postulante_id`);

--
-- Constraints for table `asistencia_checklist`
--
ALTER TABLE `asistencia_checklist`
  ADD CONSTRAINT `fk_ac_asistencia` FOREIGN KEY (`asistencia_id`) REFERENCES `asistencia` (`id_asistencia`),
  ADD CONSTRAINT `fk_ac_checklist` FOREIGN KEY (`checklist_id`) REFERENCES `checklist` (`id_checklist`);

--
-- Constraints for table `auditoria_cuadre`
--
ALTER TABLE `auditoria_cuadre`
  ADD CONSTRAINT `fk_aud_cuadre_postulante` FOREIGN KEY (`postulante_id`) REFERENCES `postulante` (`id_postulante`),
  ADD CONSTRAINT `fk_aud_cuadre_sesion` FOREIGN KEY (`sesion_id`) REFERENCES `sesion_caja` (`id_sesion`);

--
-- Constraints for table `auditoria_sistema`
--
ALTER TABLE `auditoria_sistema`
  ADD CONSTRAINT `fk_as_postulante` FOREIGN KEY (`postulante_id`) REFERENCES `postulante` (`id_postulante`);

--
-- Constraints for table `caja`
--
ALTER TABLE `caja`
  ADD CONSTRAINT `fk_caja_local` FOREIGN KEY (`local_id`) REFERENCES `local` (`id_local`);

--
-- Constraints for table `contacto_emergencia`
--
ALTER TABLE `contacto_emergencia`
  ADD CONSTRAINT `fk_ce_postulante` FOREIGN KEY (`postulante_id`) REFERENCES `postulante` (`id_postulante`) ON DELETE CASCADE;

--
-- Constraints for table `correccion_venta`
--
ALTER TABLE `correccion_venta`
  ADD CONSTRAINT `correccion_venta_ibfk_1` FOREIGN KEY (`sesion_id`) REFERENCES `sesion_caja` (`id_sesion`) ON DELETE CASCADE;

--
-- Constraints for table `detalle_cuadre`
--
ALTER TABLE `detalle_cuadre`
  ADD CONSTRAINT `fk_dc_sesion` FOREIGN KEY (`sesion_id`) REFERENCES `sesion_caja` (`id_sesion`);

--
-- Constraints for table `estudio`
--
ALTER TABLE `estudio`
  ADD CONSTRAINT `fk_estudio_estado` FOREIGN KEY (`estado_id`) REFERENCES `estado` (`id_estado`),
  ADD CONSTRAINT `fk_estudio_institucion` FOREIGN KEY (`institucion_id`) REFERENCES `institucion` (`id_institucion`),
  ADD CONSTRAINT `fk_estudio_postulante` FOREIGN KEY (`postulante_id`) REFERENCES `postulante` (`id_postulante`) ON DELETE CASCADE,
  ADD CONSTRAINT `fk_estudio_tipo` FOREIGN KEY (`tipo_id`) REFERENCES `tipo_estudio` (`id_tipo`);

--
-- Constraints for table `experiencia`
--
ALTER TABLE `experiencia`
  ADD CONSTRAINT `fk_experiencia_postulante` FOREIGN KEY (`postulante_id`) REFERENCES `postulante` (`id_postulante`) ON DELETE CASCADE;

--
-- Constraints for table `horario_slot`
--
ALTER TABLE `horario_slot`
  ADD CONSTRAINT `fk_hs_rol` FOREIGN KEY (`rol_horario_id`) REFERENCES `rol_horario` (`id_rol_horario`),
  ADD CONSTRAINT `fk_hslot_local` FOREIGN KEY (`local_id`) REFERENCES `local` (`id_local`),
  ADD CONSTRAINT `fk_hslot_postulante` FOREIGN KEY (`postulante_id`) REFERENCES `postulante` (`id_postulante`) ON DELETE SET NULL,
  ADD CONSTRAINT `fk_hslot_semana` FOREIGN KEY (`semana_id`) REFERENCES `semana` (`id_semana`) ON DELETE CASCADE,
  ADD CONSTRAINT `fk_hslot_turno` FOREIGN KEY (`turno_id`) REFERENCES `turno` (`id_turno`);

--
-- Constraints for table `horario_solicitud`
--
ALTER TABLE `horario_solicitud`
  ADD CONSTRAINT `fk_hs_local` FOREIGN KEY (`local_id`) REFERENCES `local` (`id_local`),
  ADD CONSTRAINT `fk_hs_postulante` FOREIGN KEY (`postulante_id`) REFERENCES `postulante` (`id_postulante`) ON DELETE CASCADE,
  ADD CONSTRAINT `fk_hs_revisado_por` FOREIGN KEY (`revisado_por_id`) REFERENCES `postulante` (`id_postulante`) ON DELETE SET NULL,
  ADD CONSTRAINT `fk_hs_semana` FOREIGN KEY (`semana_id`) REFERENCES `semana` (`id_semana`) ON DELETE CASCADE,
  ADD CONSTRAINT `fk_hs_turno` FOREIGN KEY (`turno_id`) REFERENCES `turno` (`id_turno`);

--
-- Constraints for table `incidencia`
--
ALTER TABLE `incidencia`
  ADD CONSTRAINT `fk_inc_sesion` FOREIGN KEY (`sesion_id`) REFERENCES `sesion_caja` (`id_sesion`),
  ADD CONSTRAINT `fk_inc_usuario` FOREIGN KEY (`postulante_id`) REFERENCES `usuario` (`postulante_id`);

--
-- Constraints for table `local`
--
ALTER TABLE `local`
  ADD CONSTRAINT `fk_local_encargado` FOREIGN KEY (`id_encargado`) REFERENCES `postulante` (`id_postulante`) ON DELETE SET NULL;

--
-- Constraints for table `movimiento_sesion`
--
ALTER TABLE `movimiento_sesion`
  ADD CONSTRAINT `fk_mov_modo` FOREIGN KEY (`modo_id`) REFERENCES `modo` (`id_modo`),
  ADD CONSTRAINT `fk_mov_registro` FOREIGN KEY (`postulante_registro_id`) REFERENCES `postulante` (`id_postulante`),
  ADD CONSTRAINT `fk_mov_revision` FOREIGN KEY (`postulante_revision_id`) REFERENCES `postulante` (`id_postulante`),
  ADD CONSTRAINT `fk_mov_sesion` FOREIGN KEY (`sesion_id`) REFERENCES `sesion_caja` (`id_sesion`),
  ADD CONSTRAINT `fk_mov_tipo` FOREIGN KEY (`tipo_movimiento_id`) REFERENCES `tipo_movimiento` (`id_tipo_movimiento`);

--
-- Constraints for table `pago_local`
--
ALTER TABLE `pago_local`
  ADD CONSTRAINT `fk_pl_concepto` FOREIGN KEY (`concepto_id`) REFERENCES `concepto_gastos_local` (`id_concepto`),
  ADD CONSTRAINT `fk_pl_emisor` FOREIGN KEY (`postulante_emisor_id`) REFERENCES `postulante` (`id_postulante`),
  ADD CONSTRAINT `fk_pl_local` FOREIGN KEY (`local_id`) REFERENCES `local` (`id_local`),
  ADD CONSTRAINT `fk_pl_sesion` FOREIGN KEY (`sesion_id`) REFERENCES `sesion_caja` (`id_sesion`);

--
-- Constraints for table `pago_personal`
--
ALTER TABLE `pago_personal`
  ADD CONSTRAINT `fk_pp_beneficiario` FOREIGN KEY (`postulante_beneficiario_id`) REFERENCES `postulante` (`id_postulante`),
  ADD CONSTRAINT `fk_pp_emisor` FOREIGN KEY (`postulante_emisor_id`) REFERENCES `postulante` (`id_postulante`),
  ADD CONSTRAINT `fk_pp_revisor` FOREIGN KEY (`postulante_revisor_id`) REFERENCES `postulante` (`id_postulante`),
  ADD CONSTRAINT `fk_pp_sesion` FOREIGN KEY (`sesion_id`) REFERENCES `sesion_caja` (`id_sesion`);

--
-- Constraints for table `plantilla_horario`
--
ALTER TABLE `plantilla_horario`
  ADD CONSTRAINT `plantilla_horario_ibfk_1` FOREIGN KEY (`local_id`) REFERENCES `local` (`id_local`),
  ADD CONSTRAINT `plantilla_horario_ibfk_2` FOREIGN KEY (`turno_id`) REFERENCES `turno` (`id_turno`),
  ADD CONSTRAINT `plantilla_horario_ibfk_3` FOREIGN KEY (`rol_horario_id`) REFERENCES `rol_horario` (`id_rol_horario`);

--
-- Constraints for table `postulacion`
--
ALTER TABLE `postulacion`
  ADD CONSTRAINT `fk_postulacion_etapa` FOREIGN KEY (`etapa_id`) REFERENCES `etapa` (`id_etapa`),
  ADD CONSTRAINT `fk_postulacion_postulante` FOREIGN KEY (`postulante_id`) REFERENCES `postulante` (`id_postulante`) ON DELETE CASCADE,
  ADD CONSTRAINT `fk_postulacion_puesto` FOREIGN KEY (`puesto_id`) REFERENCES `puesto` (`id_puesto`);

--
-- Constraints for table `postulante`
--
ALTER TABLE `postulante`
  ADD CONSTRAINT `fk_postulante_genero` FOREIGN KEY (`genero_id`) REFERENCES `genero` (`id_genero`) ON DELETE SET NULL ON UPDATE CASCADE,
  ADD CONSTRAINT `fk_postulante_vivienda` FOREIGN KEY (`situacion_vivienda_id`) REFERENCES `situacion_vivienda` (`id_situacion`) ON DELETE SET NULL ON UPDATE CASCADE;

--
-- Constraints for table `postulante_especialidad`
--
ALTER TABLE `postulante_especialidad`
  ADD CONSTRAINT `fk_pe_especialidad` FOREIGN KEY (`especialidad_id`) REFERENCES `especialidad` (`id_especialidad`),
  ADD CONSTRAINT `fk_pe_postulante` FOREIGN KEY (`postulante_id`) REFERENCES `postulante` (`id_postulante`);

--
-- Constraints for table `postulante_skill`
--
ALTER TABLE `postulante_skill`
  ADD CONSTRAINT `fk_ps_nivel` FOREIGN KEY (`nivel_id`) REFERENCES `nivel` (`id_nivel`),
  ADD CONSTRAINT `fk_ps_postulante` FOREIGN KEY (`postulante_id`) REFERENCES `postulante` (`id_postulante`) ON DELETE CASCADE,
  ADD CONSTRAINT `fk_ps_skill` FOREIGN KEY (`skill_id`) REFERENCES `skill` (`id_skill`);

--
-- Constraints for table `preferencias`
--
ALTER TABLE `preferencias`
  ADD CONSTRAINT `fk_pref_postulante` FOREIGN KEY (`postulante_id`) REFERENCES `postulante` (`id_postulante`) ON DELETE CASCADE,
  ADD CONSTRAINT `fk_pref_turno` FOREIGN KEY (`turno_id`) REFERENCES `turno` (`id_turno`);

--
-- Constraints for table `rectificacion_cuadre`
--
ALTER TABLE `rectificacion_cuadre`
  ADD CONSTRAINT `fk_rect_modo` FOREIGN KEY (`modo_id`) REFERENCES `modo` (`id_modo`),
  ADD CONSTRAINT `fk_rect_registra` FOREIGN KEY (`postulante_registra_id`) REFERENCES `postulante` (`id_postulante`),
  ADD CONSTRAINT `fk_rect_responsable` FOREIGN KEY (`postulante_responsable_id`) REFERENCES `postulante` (`id_postulante`),
  ADD CONSTRAINT `fk_rect_revisa` FOREIGN KEY (`postulante_revisa_id`) REFERENCES `postulante` (`id_postulante`),
  ADD CONSTRAINT `fk_rect_sesion` FOREIGN KEY (`sesion_id`) REFERENCES `sesion_caja` (`id_sesion`);

--
-- Constraints for table `reporte_venta`
--
ALTER TABLE `reporte_venta`
  ADD CONSTRAINT `fk_rv_sesion` FOREIGN KEY (`sesion_id`) REFERENCES `sesion_caja` (`id_sesion`),
  ADD CONSTRAINT `fk_rv_vendedor` FOREIGN KEY (`postulante_vendedor_id`) REFERENCES `postulante` (`id_postulante`);

--
-- Constraints for table `sesion_caja`
--
ALTER TABLE `sesion_caja`
  ADD CONSTRAINT `fk_sesion_apertura` FOREIGN KEY (`postulante_apertura_id`) REFERENCES `postulante` (`id_postulante`),
  ADD CONSTRAINT `fk_sesion_caja` FOREIGN KEY (`caja_id`) REFERENCES `caja` (`id_caja`),
  ADD CONSTRAINT `fk_sesion_cierre` FOREIGN KEY (`postulante_cierre_id`) REFERENCES `postulante` (`id_postulante`),
  ADD CONSTRAINT `fk_sesion_revisor` FOREIGN KEY (`postulante_revisor_id`) REFERENCES `postulante` (`id_postulante`),
  ADD CONSTRAINT `fk_sesion_turno` FOREIGN KEY (`turno_id`) REFERENCES `turno` (`id_turno`);

--
-- Constraints for table `sesion_participante`
--
ALTER TABLE `sesion_participante`
  ADD CONSTRAINT `fk_sp_postulante` FOREIGN KEY (`postulante_id`) REFERENCES `postulante` (`id_postulante`),
  ADD CONSTRAINT `fk_sp_sesion` FOREIGN KEY (`sesion_id`) REFERENCES `sesion_caja` (`id_sesion`);

--
-- Constraints for table `solicitud_cambio`
--
ALTER TABLE `solicitud_cambio`
  ADD CONSTRAINT `solicitud_cambio_ibfk_1` FOREIGN KEY (`slot_id`) REFERENCES `horario_slot` (`id_slot`),
  ADD CONSTRAINT `solicitud_cambio_ibfk_2` FOREIGN KEY (`semana_id`) REFERENCES `semana` (`id_semana`),
  ADD CONSTRAINT `solicitud_cambio_ibfk_3` FOREIGN KEY (`postulante_solicitante_id`) REFERENCES `postulante` (`id_postulante`),
  ADD CONSTRAINT `solicitud_cambio_ibfk_4` FOREIGN KEY (`postulante_original_id`) REFERENCES `postulante` (`id_postulante`);

--
-- Constraints for table `transferencia_caja`
--
ALTER TABLE `transferencia_caja`
  ADD CONSTRAINT `fk_tf_caja_destino` FOREIGN KEY (`caja_destino_id`) REFERENCES `caja` (`id_caja`),
  ADD CONSTRAINT `fk_tf_caja_origen` FOREIGN KEY (`caja_origen_id`) REFERENCES `caja` (`id_caja`),
  ADD CONSTRAINT `fk_tf_envia` FOREIGN KEY (`postulante_envia_id`) REFERENCES `postulante` (`id_postulante`),
  ADD CONSTRAINT `fk_tf_recibe` FOREIGN KEY (`postulante_recibe_id`) REFERENCES `postulante` (`id_postulante`),
  ADD CONSTRAINT `fk_tf_revisa` FOREIGN KEY (`postulante_revisa_id`) REFERENCES `postulante` (`id_postulante`),
  ADD CONSTRAINT `fk_tf_sesion_destino` FOREIGN KEY (`sesion_destino_id`) REFERENCES `sesion_caja` (`id_sesion`),
  ADD CONSTRAINT `fk_tf_sesion_origen` FOREIGN KEY (`sesion_origen_id`) REFERENCES `sesion_caja` (`id_sesion`);

--
-- Constraints for table `usuario`
--
ALTER TABLE `usuario`
  ADD CONSTRAINT `fk_usuario_postulante` FOREIGN KEY (`postulante_id`) REFERENCES `postulante` (`id_postulante`) ON DELETE CASCADE,
  ADD CONSTRAINT `fk_usuario_rol` FOREIGN KEY (`rol_id`) REFERENCES `rol` (`id_rol`);
COMMIT;

/*!40101 SET CHARACTER_SET_CLIENT=@OLD_CHARACTER_SET_CLIENT */;
/*!40101 SET CHARACTER_SET_RESULTS=@OLD_CHARACTER_SET_RESULTS */;
/*!40101 SET COLLATION_CONNECTION=@OLD_COLLATION_CONNECTION */;
